ISO-10303-21;
HEADER;
FILE_DESCRIPTION(('KiCad electronic assembly'),'2;1');
FILE_NAME('sensor device.step','2026-02-11T15:49:23',('Pcbnew'),('Kicad'
    ),'Open CASCADE STEP processor 7.8','KiCad to STEP converter',
  'Unknown');
FILE_SCHEMA(('AUTOMOTIVE_DESIGN { 1 0 10303 214 1 1 1 1 }'));
ENDSEC;
DATA;
#1 = APPLICATION_PROTOCOL_DEFINITION('international standard',
  'automotive_design',2000,#2);
#2 = APPLICATION_CONTEXT(
  'core data for automotive mechanical design processes');
#3 = SHAPE_DEFINITION_REPRESENTATION(#4,#10);
#4 = PRODUCT_DEFINITION_SHAPE('','',#5);
#5 = PRODUCT_DEFINITION('design','',#6,#9);
#6 = PRODUCT_DEFINITION_FORMATION('','',#7);
#7 = PRODUCT('sensor device 1','sensor device 1','',(#8));
#8 = PRODUCT_CONTEXT('',#2,'mechanical');
#9 = PRODUCT_DEFINITION_CONTEXT('part definition',#2,'design');
#10 = SHAPE_REPRESENTATION('',(#11,#15,#19,#23,#27,#31,#35),#39);
#11 = AXIS2_PLACEMENT_3D('',#12,#13,#14);
#12 = CARTESIAN_POINT('',(0.,0.,0.));
#13 = DIRECTION('',(0.,0.,1.));
#14 = DIRECTION('',(1.,0.,-0.));
#15 = AXIS2_PLACEMENT_3D('',#16,#17,#18);
#16 = CARTESIAN_POINT('',(141.,-112.,1.595));
#17 = DIRECTION('',(0.,0.,1.));
#18 = DIRECTION('',(1.,0.,0.));
#19 = AXIS2_PLACEMENT_3D('',#20,#21,#22);
#20 = CARTESIAN_POINT('',(141.,-115.5,1.595));
#21 = DIRECTION('',(0.,0.,1.));
#22 = DIRECTION('',(1.,0.,0.));
#23 = AXIS2_PLACEMENT_3D('',#24,#25,#26);
#24 = CARTESIAN_POINT('',(143.525,-85.,1.595));
#25 = DIRECTION('',(0.,0.,1.));
#26 = DIRECTION('',(1.,0.,0.));
#27 = AXIS2_PLACEMENT_3D('',#28,#29,#30);
#28 = CARTESIAN_POINT('',(139.025,-85.,1.595));
#29 = DIRECTION('',(0.,0.,1.));
#30 = DIRECTION('',(-1.,1.224646799147E-16,0.));
#31 = AXIS2_PLACEMENT_3D('',#32,#33,#34);
#32 = CARTESIAN_POINT('',(164.,-115.,-8.5E-02));
#33 = DIRECTION('',(1.224646799147E-16,-1.359631073447E-32,-1.));
#34 = DIRECTION('',(1.110223024625E-16,1.,0.));
#35 = AXIS2_PLACEMENT_3D('',#36,#37,#38);
#36 = CARTESIAN_POINT('',(0.,0.,0.));
#37 = DIRECTION('',(0.,0.,1.));
#38 = DIRECTION('',(1.,0.,-0.));
#39 = ( GEOMETRIC_REPRESENTATION_CONTEXT(3) 
GLOBAL_UNCERTAINTY_ASSIGNED_CONTEXT((#43)) GLOBAL_UNIT_ASSIGNED_CONTEXT(
(#40,#41,#42)) REPRESENTATION_CONTEXT('Context #1',
  '3D Context with UNIT and UNCERTAINTY') );
#40 = ( LENGTH_UNIT() NAMED_UNIT(*) SI_UNIT(.MILLI.,.METRE.) );
#41 = ( NAMED_UNIT(*) PLANE_ANGLE_UNIT() SI_UNIT($,.RADIAN.) );
#42 = ( NAMED_UNIT(*) SI_UNIT($,.STERADIAN.) SOLID_ANGLE_UNIT() );
#43 = UNCERTAINTY_MEASURE_WITH_UNIT(LENGTH_MEASURE(1.E-07),#40,
  'distance_accuracy_value','confusion accuracy');
#44 = PRODUCT_RELATED_PRODUCT_CATEGORY('part',$,(#7));
#45 = SHAPE_DEFINITION_REPRESENTATION(#46,#52);
#46 = PRODUCT_DEFINITION_SHAPE('','',#47);
#47 = PRODUCT_DEFINITION('design','',#48,#51);
#48 = PRODUCT_DEFINITION_FORMATION('','',#49);
#49 = PRODUCT('R_0805_2012Metric','R_0805_2012Metric','',(#50));
#50 = PRODUCT_CONTEXT('',#2,'mechanical');
#51 = PRODUCT_DEFINITION_CONTEXT('part definition',#2,'design');
#52 = ADVANCED_BREP_SHAPE_REPRESENTATION('',(#11,#53),#843);
#53 = MANIFOLD_SOLID_BREP('',#54);
#54 = CLOSED_SHELL('',(#55,#95,#178,#203,#228,#295,#312,#329,#378,#395,
    #412,#461,#478,#547,#578,#602,#671,#695,#712,#729,#746,#763,#780,
    #797,#814,#831));
#55 = ADVANCED_FACE('',(#56),#90,.F.);
#56 = FACE_BOUND('',#57,.F.);
#57 = EDGE_LOOP('',(#58,#68,#76,#84));
#58 = ORIENTED_EDGE('',*,*,#59,.F.);
#59 = EDGE_CURVE('',#60,#62,#64,.T.);
#60 = VERTEX_POINT('',#61);
#61 = CARTESIAN_POINT('',(-1.,-0.6,4.5E-02));
#62 = VERTEX_POINT('',#63);
#63 = CARTESIAN_POINT('',(-1.,-0.6,0.405));
#64 = LINE('',#65,#66);
#65 = CARTESIAN_POINT('',(-1.,-0.6,0.));
#66 = VECTOR('',#67,1.);
#67 = DIRECTION('',(0.,0.,1.));
#68 = ORIENTED_EDGE('',*,*,#69,.T.);
#69 = EDGE_CURVE('',#60,#70,#72,.T.);
#70 = VERTEX_POINT('',#71);
#71 = CARTESIAN_POINT('',(-1.,0.6,4.5E-02));
#72 = LINE('',#73,#74);
#73 = CARTESIAN_POINT('',(-1.,-0.6,4.5E-02));
#74 = VECTOR('',#75,1.);
#75 = DIRECTION('',(0.,1.,0.));
#76 = ORIENTED_EDGE('',*,*,#77,.T.);
#77 = EDGE_CURVE('',#70,#78,#80,.T.);
#78 = VERTEX_POINT('',#79);
#79 = CARTESIAN_POINT('',(-1.,0.6,0.405));
#80 = LINE('',#81,#82);
#81 = CARTESIAN_POINT('',(-1.,0.6,0.));
#82 = VECTOR('',#83,1.);
#83 = DIRECTION('',(0.,0.,1.));
#84 = ORIENTED_EDGE('',*,*,#85,.F.);
#85 = EDGE_CURVE('',#62,#78,#86,.T.);
#86 = LINE('',#87,#88);
#87 = CARTESIAN_POINT('',(-1.,-0.6,0.405));
#88 = VECTOR('',#89,1.);
#89 = DIRECTION('',(0.,1.,0.));
#90 = PLANE('',#91);
#91 = AXIS2_PLACEMENT_3D('',#92,#93,#94);
#92 = CARTESIAN_POINT('',(-1.,-0.6,0.));
#93 = DIRECTION('',(1.,0.,0.));
#94 = DIRECTION('',(0.,0.,1.));
#95 = ADVANCED_FACE('',(#96),#173,.F.);
#96 = FACE_BOUND('',#97,.F.);
#97 = EDGE_LOOP('',(#98,#108,#115,#116,#125,#133,#142,#150,#158,#166));
#98 = ORIENTED_EDGE('',*,*,#99,.F.);
#99 = EDGE_CURVE('',#100,#102,#104,.T.);
#100 = VERTEX_POINT('',#101);
#101 = CARTESIAN_POINT('',(-0.955,-0.6,-2.775557561563E-17));
#102 = VERTEX_POINT('',#103);
#103 = CARTESIAN_POINT('',(-0.745,-0.6,-2.775557561563E-17));
#104 = LINE('',#105,#106);
#105 = CARTESIAN_POINT('',(-1.,-0.6,0.));
#106 = VECTOR('',#107,1.);
#107 = DIRECTION('',(1.,0.,0.));
#108 = ORIENTED_EDGE('',*,*,#109,.F.);
#109 = EDGE_CURVE('',#60,#100,#110,.T.);
#110 = CIRCLE('',#111,4.5E-02);
#111 = AXIS2_PLACEMENT_3D('',#112,#113,#114);
#112 = CARTESIAN_POINT('',(-0.955,-0.6,4.5E-02));
#113 = DIRECTION('',(0.,-1.,0.));
#114 = DIRECTION('',(0.,0.,1.));
#115 = ORIENTED_EDGE('',*,*,#59,.T.);
#116 = ORIENTED_EDGE('',*,*,#117,.T.);
#117 = EDGE_CURVE('',#62,#118,#120,.T.);
#118 = VERTEX_POINT('',#119);
#119 = CARTESIAN_POINT('',(-0.955,-0.6,0.45));
#120 = CIRCLE('',#121,4.5E-02);
#121 = AXIS2_PLACEMENT_3D('',#122,#123,#124);
#122 = CARTESIAN_POINT('',(-0.955,-0.6,0.405));
#123 = DIRECTION('',(0.,1.,0.));
#124 = DIRECTION('',(0.,-0.,1.));
#125 = ORIENTED_EDGE('',*,*,#126,.T.);
#126 = EDGE_CURVE('',#118,#127,#129,.T.);
#127 = VERTEX_POINT('',#128);
#128 = CARTESIAN_POINT('',(-0.745,-0.6,0.45));
#129 = LINE('',#130,#131);
#130 = CARTESIAN_POINT('',(-1.,-0.6,0.45));
#131 = VECTOR('',#132,1.);
#132 = DIRECTION('',(1.,0.,0.));
#133 = ORIENTED_EDGE('',*,*,#134,.F.);
#134 = EDGE_CURVE('',#135,#127,#137,.T.);
#135 = VERTEX_POINT('',#136);
#136 = CARTESIAN_POINT('',(-0.7,-0.6,0.405));
#137 = CIRCLE('',#138,4.5E-02);
#138 = AXIS2_PLACEMENT_3D('',#139,#140,#141);
#139 = CARTESIAN_POINT('',(-0.745,-0.6,0.405));
#140 = DIRECTION('',(0.,-1.,0.));
#141 = DIRECTION('',(0.,0.,1.));
#142 = ORIENTED_EDGE('',*,*,#143,.F.);
#143 = EDGE_CURVE('',#144,#135,#146,.T.);
#144 = VERTEX_POINT('',#145);
#145 = CARTESIAN_POINT('',(-0.955,-0.6,0.405));
#146 = LINE('',#147,#148);
#147 = CARTESIAN_POINT('',(-0.955,-0.6,0.405));
#148 = VECTOR('',#149,1.);
#149 = DIRECTION('',(1.,0.,0.));
#150 = ORIENTED_EDGE('',*,*,#151,.F.);
#151 = EDGE_CURVE('',#152,#144,#154,.T.);
#152 = VERTEX_POINT('',#153);
#153 = CARTESIAN_POINT('',(-0.955,-0.6,4.5E-02));
#154 = LINE('',#155,#156);
#155 = CARTESIAN_POINT('',(-0.955,-0.6,4.5E-02));
#156 = VECTOR('',#157,1.);
#157 = DIRECTION('',(0.,0.,1.));
#158 = ORIENTED_EDGE('',*,*,#159,.T.);
#159 = EDGE_CURVE('',#152,#160,#162,.T.);
#160 = VERTEX_POINT('',#161);
#161 = CARTESIAN_POINT('',(-0.7,-0.6,4.5E-02));
#162 = LINE('',#163,#164);
#163 = CARTESIAN_POINT('',(-0.955,-0.6,4.5E-02));
#164 = VECTOR('',#165,1.);
#165 = DIRECTION('',(1.,0.,0.));
#166 = ORIENTED_EDGE('',*,*,#167,.T.);
#167 = EDGE_CURVE('',#160,#102,#168,.T.);
#168 = CIRCLE('',#169,4.5E-02);
#169 = AXIS2_PLACEMENT_3D('',#170,#171,#172);
#170 = CARTESIAN_POINT('',(-0.745,-0.6,4.5E-02));
#171 = DIRECTION('',(0.,1.,0.));
#172 = DIRECTION('',(0.,-0.,1.));
#173 = PLANE('',#174);
#174 = AXIS2_PLACEMENT_3D('',#175,#176,#177);
#175 = CARTESIAN_POINT('',(-1.,-0.6,0.));
#176 = DIRECTION('',(0.,1.,0.));
#177 = DIRECTION('',(0.,-0.,1.));
#178 = ADVANCED_FACE('',(#179),#198,.T.);
#179 = FACE_BOUND('',#180,.T.);
#180 = EDGE_LOOP('',(#181,#182,#191,#197));
#181 = ORIENTED_EDGE('',*,*,#69,.T.);
#182 = ORIENTED_EDGE('',*,*,#183,.T.);
#183 = EDGE_CURVE('',#70,#184,#186,.T.);
#184 = VERTEX_POINT('',#185);
#185 = CARTESIAN_POINT('',(-0.955,0.6,-2.775557561563E-17));
#186 = CIRCLE('',#187,4.5E-02);
#187 = AXIS2_PLACEMENT_3D('',#188,#189,#190);
#188 = CARTESIAN_POINT('',(-0.955,0.6,4.5E-02));
#189 = DIRECTION('',(0.,-1.,0.));
#190 = DIRECTION('',(0.,0.,1.));
#191 = ORIENTED_EDGE('',*,*,#192,.F.);
#192 = EDGE_CURVE('',#100,#184,#193,.T.);
#193 = LINE('',#194,#195);
#194 = CARTESIAN_POINT('',(-0.955,-0.6,-2.775557561563E-17));
#195 = VECTOR('',#196,1.);
#196 = DIRECTION('',(0.,1.,0.));
#197 = ORIENTED_EDGE('',*,*,#109,.F.);
#198 = CYLINDRICAL_SURFACE('',#199,4.5E-02);
#199 = AXIS2_PLACEMENT_3D('',#200,#201,#202);
#200 = CARTESIAN_POINT('',(-0.955,-0.6,4.5E-02));
#201 = DIRECTION('',(0.,1.,0.));
#202 = DIRECTION('',(-1.,0.,0.));
#203 = ADVANCED_FACE('',(#204),#223,.T.);
#204 = FACE_BOUND('',#205,.T.);
#205 = EDGE_LOOP('',(#206,#207,#215,#222));
#206 = ORIENTED_EDGE('',*,*,#117,.T.);
#207 = ORIENTED_EDGE('',*,*,#208,.T.);
#208 = EDGE_CURVE('',#118,#209,#211,.T.);
#209 = VERTEX_POINT('',#210);
#210 = CARTESIAN_POINT('',(-0.955,0.6,0.45));
#211 = LINE('',#212,#213);
#212 = CARTESIAN_POINT('',(-0.955,-0.6,0.45));
#213 = VECTOR('',#214,1.);
#214 = DIRECTION('',(0.,1.,0.));
#215 = ORIENTED_EDGE('',*,*,#216,.F.);
#216 = EDGE_CURVE('',#78,#209,#217,.T.);
#217 = CIRCLE('',#218,4.5E-02);
#218 = AXIS2_PLACEMENT_3D('',#219,#220,#221);
#219 = CARTESIAN_POINT('',(-0.955,0.6,0.405));
#220 = DIRECTION('',(0.,1.,0.));
#221 = DIRECTION('',(0.,-0.,1.));
#222 = ORIENTED_EDGE('',*,*,#85,.F.);
#223 = CYLINDRICAL_SURFACE('',#224,4.5E-02);
#224 = AXIS2_PLACEMENT_3D('',#225,#226,#227);
#225 = CARTESIAN_POINT('',(-0.955,-0.6,0.405));
#226 = DIRECTION('',(0.,1.,0.));
#227 = DIRECTION('',(-1.,0.,0.));
#228 = ADVANCED_FACE('',(#229),#290,.T.);
#229 = FACE_BOUND('',#230,.T.);
#230 = EDGE_LOOP('',(#231,#239,#240,#241,#242,#250,#259,#267,#275,#283)
  );
#231 = ORIENTED_EDGE('',*,*,#232,.F.);
#232 = EDGE_CURVE('',#184,#233,#235,.T.);
#233 = VERTEX_POINT('',#234);
#234 = CARTESIAN_POINT('',(-0.745,0.6,-2.775557561563E-17));
#235 = LINE('',#236,#237);
#236 = CARTESIAN_POINT('',(-1.,0.6,0.));
#237 = VECTOR('',#238,1.);
#238 = DIRECTION('',(1.,0.,0.));
#239 = ORIENTED_EDGE('',*,*,#183,.F.);
#240 = ORIENTED_EDGE('',*,*,#77,.T.);
#241 = ORIENTED_EDGE('',*,*,#216,.T.);
#242 = ORIENTED_EDGE('',*,*,#243,.T.);
#243 = EDGE_CURVE('',#209,#244,#246,.T.);
#244 = VERTEX_POINT('',#245);
#245 = CARTESIAN_POINT('',(-0.745,0.6,0.45));
#246 = LINE('',#247,#248);
#247 = CARTESIAN_POINT('',(-1.,0.6,0.45));
#248 = VECTOR('',#249,1.);
#249 = DIRECTION('',(1.,0.,0.));
#250 = ORIENTED_EDGE('',*,*,#251,.F.);
#251 = EDGE_CURVE('',#252,#244,#254,.T.);
#252 = VERTEX_POINT('',#253);
#253 = CARTESIAN_POINT('',(-0.7,0.6,0.405));
#254 = CIRCLE('',#255,4.5E-02);
#255 = AXIS2_PLACEMENT_3D('',#256,#257,#258);
#256 = CARTESIAN_POINT('',(-0.745,0.6,0.405));
#257 = DIRECTION('',(0.,-1.,0.));
#258 = DIRECTION('',(0.,0.,1.));
#259 = ORIENTED_EDGE('',*,*,#260,.F.);
#260 = EDGE_CURVE('',#261,#252,#263,.T.);
#261 = VERTEX_POINT('',#262);
#262 = CARTESIAN_POINT('',(-0.955,0.6,0.405));
#263 = LINE('',#264,#265);
#264 = CARTESIAN_POINT('',(-0.955,0.6,0.405));
#265 = VECTOR('',#266,1.);
#266 = DIRECTION('',(1.,0.,0.));
#267 = ORIENTED_EDGE('',*,*,#268,.F.);
#268 = EDGE_CURVE('',#269,#261,#271,.T.);
#269 = VERTEX_POINT('',#270);
#270 = CARTESIAN_POINT('',(-0.955,0.6,4.5E-02));
#271 = LINE('',#272,#273);
#272 = CARTESIAN_POINT('',(-0.955,0.6,4.5E-02));
#273 = VECTOR('',#274,1.);
#274 = DIRECTION('',(0.,0.,1.));
#275 = ORIENTED_EDGE('',*,*,#276,.T.);
#276 = EDGE_CURVE('',#269,#277,#279,.T.);
#277 = VERTEX_POINT('',#278);
#278 = CARTESIAN_POINT('',(-0.7,0.6,4.5E-02));
#279 = LINE('',#280,#281);
#280 = CARTESIAN_POINT('',(-0.955,0.6,4.5E-02));
#281 = VECTOR('',#282,1.);
#282 = DIRECTION('',(1.,0.,0.));
#283 = ORIENTED_EDGE('',*,*,#284,.T.);
#284 = EDGE_CURVE('',#277,#233,#285,.T.);
#285 = CIRCLE('',#286,4.5E-02);
#286 = AXIS2_PLACEMENT_3D('',#287,#288,#289);
#287 = CARTESIAN_POINT('',(-0.745,0.6,4.5E-02));
#288 = DIRECTION('',(0.,1.,0.));
#289 = DIRECTION('',(0.,-0.,1.));
#290 = PLANE('',#291);
#291 = AXIS2_PLACEMENT_3D('',#292,#293,#294);
#292 = CARTESIAN_POINT('',(-1.,0.6,0.));
#293 = DIRECTION('',(0.,1.,0.));
#294 = DIRECTION('',(0.,-0.,1.));
#295 = ADVANCED_FACE('',(#296),#307,.F.);
#296 = FACE_BOUND('',#297,.F.);
#297 = EDGE_LOOP('',(#298,#299,#300,#301));
#298 = ORIENTED_EDGE('',*,*,#232,.F.);
#299 = ORIENTED_EDGE('',*,*,#192,.F.);
#300 = ORIENTED_EDGE('',*,*,#99,.T.);
#301 = ORIENTED_EDGE('',*,*,#302,.T.);
#302 = EDGE_CURVE('',#102,#233,#303,.T.);
#303 = LINE('',#304,#305);
#304 = CARTESIAN_POINT('',(-0.745,-0.6,-2.775557561563E-17));
#305 = VECTOR('',#306,1.);
#306 = DIRECTION('',(0.,1.,0.));
#307 = PLANE('',#308);
#308 = AXIS2_PLACEMENT_3D('',#309,#310,#311);
#309 = CARTESIAN_POINT('',(-1.,-0.6,0.));
#310 = DIRECTION('',(0.,0.,1.));
#311 = DIRECTION('',(1.,0.,-0.));
#312 = ADVANCED_FACE('',(#313),#324,.T.);
#313 = FACE_BOUND('',#314,.T.);
#314 = EDGE_LOOP('',(#315,#316,#317,#318));
#315 = ORIENTED_EDGE('',*,*,#167,.T.);
#316 = ORIENTED_EDGE('',*,*,#302,.T.);
#317 = ORIENTED_EDGE('',*,*,#284,.F.);
#318 = ORIENTED_EDGE('',*,*,#319,.F.);
#319 = EDGE_CURVE('',#160,#277,#320,.T.);
#320 = LINE('',#321,#322);
#321 = CARTESIAN_POINT('',(-0.7,-0.6,4.5E-02));
#322 = VECTOR('',#323,1.);
#323 = DIRECTION('',(0.,1.,0.));
#324 = CYLINDRICAL_SURFACE('',#325,4.5E-02);
#325 = AXIS2_PLACEMENT_3D('',#326,#327,#328);
#326 = CARTESIAN_POINT('',(-0.745,-0.6,4.5E-02));
#327 = DIRECTION('',(0.,1.,0.));
#328 = DIRECTION('',(1.,0.,0.));
#329 = ADVANCED_FACE('',(#330),#373,.F.);
#330 = FACE_BOUND('',#331,.F.);
#331 = EDGE_LOOP('',(#332,#333,#334,#335,#343,#351,#359,#367));
#332 = ORIENTED_EDGE('',*,*,#159,.F.);
#333 = ORIENTED_EDGE('',*,*,#151,.T.);
#334 = ORIENTED_EDGE('',*,*,#143,.T.);
#335 = ORIENTED_EDGE('',*,*,#336,.T.);
#336 = EDGE_CURVE('',#135,#337,#339,.T.);
#337 = VERTEX_POINT('',#338);
#338 = CARTESIAN_POINT('',(0.7,-0.6,0.405));
#339 = LINE('',#340,#341);
#340 = CARTESIAN_POINT('',(-0.7,-0.6,0.405));
#341 = VECTOR('',#342,1.);
#342 = DIRECTION('',(1.,0.,0.));
#343 = ORIENTED_EDGE('',*,*,#344,.T.);
#344 = EDGE_CURVE('',#337,#345,#347,.T.);
#345 = VERTEX_POINT('',#346);
#346 = CARTESIAN_POINT('',(0.955,-0.6,0.405));
#347 = LINE('',#348,#349);
#348 = CARTESIAN_POINT('',(-0.955,-0.6,0.405));
#349 = VECTOR('',#350,1.);
#350 = DIRECTION('',(1.,0.,0.));
#351 = ORIENTED_EDGE('',*,*,#352,.F.);
#352 = EDGE_CURVE('',#353,#345,#355,.T.);
#353 = VERTEX_POINT('',#354);
#354 = CARTESIAN_POINT('',(0.955,-0.6,4.5E-02));
#355 = LINE('',#356,#357);
#356 = CARTESIAN_POINT('',(0.955,-0.6,4.5E-02));
#357 = VECTOR('',#358,1.);
#358 = DIRECTION('',(0.,0.,1.));
#359 = ORIENTED_EDGE('',*,*,#360,.F.);
#360 = EDGE_CURVE('',#361,#353,#363,.T.);
#361 = VERTEX_POINT('',#362);
#362 = CARTESIAN_POINT('',(0.7,-0.6,4.5E-02));
#363 = LINE('',#364,#365);
#364 = CARTESIAN_POINT('',(-0.955,-0.6,4.5E-02));
#365 = VECTOR('',#366,1.);
#366 = DIRECTION('',(1.,0.,0.));
#367 = ORIENTED_EDGE('',*,*,#368,.F.);
#368 = EDGE_CURVE('',#160,#361,#369,.T.);
#369 = LINE('',#370,#371);
#370 = CARTESIAN_POINT('',(-0.955,-0.6,4.5E-02));
#371 = VECTOR('',#372,1.);
#372 = DIRECTION('',(1.,0.,0.));
#373 = PLANE('',#374);
#374 = AXIS2_PLACEMENT_3D('',#375,#376,#377);
#375 = CARTESIAN_POINT('',(-0.955,-0.6,4.5E-02));
#376 = DIRECTION('',(0.,1.,0.));
#377 = DIRECTION('',(0.,-0.,1.));
#378 = ADVANCED_FACE('',(#379),#390,.T.);
#379 = FACE_BOUND('',#380,.T.);
#380 = EDGE_LOOP('',(#381,#382,#383,#384));
#381 = ORIENTED_EDGE('',*,*,#243,.F.);
#382 = ORIENTED_EDGE('',*,*,#208,.F.);
#383 = ORIENTED_EDGE('',*,*,#126,.T.);
#384 = ORIENTED_EDGE('',*,*,#385,.T.);
#385 = EDGE_CURVE('',#127,#244,#386,.T.);
#386 = LINE('',#387,#388);
#387 = CARTESIAN_POINT('',(-0.745,-0.6,0.45));
#388 = VECTOR('',#389,1.);
#389 = DIRECTION('',(0.,1.,0.));
#390 = PLANE('',#391);
#391 = AXIS2_PLACEMENT_3D('',#392,#393,#394);
#392 = CARTESIAN_POINT('',(-1.,-0.6,0.45));
#393 = DIRECTION('',(0.,0.,1.));
#394 = DIRECTION('',(1.,0.,-0.));
#395 = ADVANCED_FACE('',(#396),#407,.T.);
#396 = FACE_BOUND('',#397,.T.);
#397 = EDGE_LOOP('',(#398,#404,#405,#406));
#398 = ORIENTED_EDGE('',*,*,#399,.T.);
#399 = EDGE_CURVE('',#135,#252,#400,.T.);
#400 = LINE('',#401,#402);
#401 = CARTESIAN_POINT('',(-0.7,-0.6,0.405));
#402 = VECTOR('',#403,1.);
#403 = DIRECTION('',(0.,1.,0.));
#404 = ORIENTED_EDGE('',*,*,#251,.T.);
#405 = ORIENTED_EDGE('',*,*,#385,.F.);
#406 = ORIENTED_EDGE('',*,*,#134,.F.);
#407 = CYLINDRICAL_SURFACE('',#408,4.5E-02);
#408 = AXIS2_PLACEMENT_3D('',#409,#410,#411);
#409 = CARTESIAN_POINT('',(-0.745,-0.6,0.405));
#410 = DIRECTION('',(0.,1.,0.));
#411 = DIRECTION('',(1.,0.,0.));
#412 = ADVANCED_FACE('',(#413),#456,.T.);
#413 = FACE_BOUND('',#414,.T.);
#414 = EDGE_LOOP('',(#415,#416,#417,#418,#426,#434,#442,#450));
#415 = ORIENTED_EDGE('',*,*,#276,.F.);
#416 = ORIENTED_EDGE('',*,*,#268,.T.);
#417 = ORIENTED_EDGE('',*,*,#260,.T.);
#418 = ORIENTED_EDGE('',*,*,#419,.T.);
#419 = EDGE_CURVE('',#252,#420,#422,.T.);
#420 = VERTEX_POINT('',#421);
#421 = CARTESIAN_POINT('',(0.7,0.6,0.405));
#422 = LINE('',#423,#424);
#423 = CARTESIAN_POINT('',(-0.7,0.6,0.405));
#424 = VECTOR('',#425,1.);
#425 = DIRECTION('',(1.,0.,0.));
#426 = ORIENTED_EDGE('',*,*,#427,.T.);
#427 = EDGE_CURVE('',#420,#428,#430,.T.);
#428 = VERTEX_POINT('',#429);
#429 = CARTESIAN_POINT('',(0.955,0.6,0.405));
#430 = LINE('',#431,#432);
#431 = CARTESIAN_POINT('',(-0.955,0.6,0.405));
#432 = VECTOR('',#433,1.);
#433 = DIRECTION('',(1.,0.,0.));
#434 = ORIENTED_EDGE('',*,*,#435,.F.);
#435 = EDGE_CURVE('',#436,#428,#438,.T.);
#436 = VERTEX_POINT('',#437);
#437 = CARTESIAN_POINT('',(0.955,0.6,4.5E-02));
#438 = LINE('',#439,#440);
#439 = CARTESIAN_POINT('',(0.955,0.6,4.5E-02));
#440 = VECTOR('',#441,1.);
#441 = DIRECTION('',(0.,0.,1.));
#442 = ORIENTED_EDGE('',*,*,#443,.F.);
#443 = EDGE_CURVE('',#444,#436,#446,.T.);
#444 = VERTEX_POINT('',#445);
#445 = CARTESIAN_POINT('',(0.7,0.6,4.5E-02));
#446 = LINE('',#447,#448);
#447 = CARTESIAN_POINT('',(-0.955,0.6,4.5E-02));
#448 = VECTOR('',#449,1.);
#449 = DIRECTION('',(1.,0.,0.));
#450 = ORIENTED_EDGE('',*,*,#451,.F.);
#451 = EDGE_CURVE('',#277,#444,#452,.T.);
#452 = LINE('',#453,#454);
#453 = CARTESIAN_POINT('',(-0.955,0.6,4.5E-02));
#454 = VECTOR('',#455,1.);
#455 = DIRECTION('',(1.,0.,0.));
#456 = PLANE('',#457);
#457 = AXIS2_PLACEMENT_3D('',#458,#459,#460);
#458 = CARTESIAN_POINT('',(-0.955,0.6,4.5E-02));
#459 = DIRECTION('',(0.,1.,0.));
#460 = DIRECTION('',(0.,-0.,1.));
#461 = ADVANCED_FACE('',(#462),#473,.F.);
#462 = FACE_BOUND('',#463,.F.);
#463 = EDGE_LOOP('',(#464,#465,#466,#472));
#464 = ORIENTED_EDGE('',*,*,#319,.F.);
#465 = ORIENTED_EDGE('',*,*,#368,.T.);
#466 = ORIENTED_EDGE('',*,*,#467,.T.);
#467 = EDGE_CURVE('',#361,#444,#468,.T.);
#468 = LINE('',#469,#470);
#469 = CARTESIAN_POINT('',(0.7,-0.6,4.5E-02));
#470 = VECTOR('',#471,1.);
#471 = DIRECTION('',(0.,1.,0.));
#472 = ORIENTED_EDGE('',*,*,#451,.F.);
#473 = PLANE('',#474);
#474 = AXIS2_PLACEMENT_3D('',#475,#476,#477);
#475 = CARTESIAN_POINT('',(-0.955,-0.6,4.5E-02));
#476 = DIRECTION('',(0.,0.,1.));
#477 = DIRECTION('',(1.,0.,-0.));
#478 = ADVANCED_FACE('',(#479),#542,.F.);
#479 = FACE_BOUND('',#480,.F.);
#480 = EDGE_LOOP('',(#481,#491,#498,#499,#500,#501,#510,#518,#527,#535)
  );
#481 = ORIENTED_EDGE('',*,*,#482,.F.);
#482 = EDGE_CURVE('',#483,#485,#487,.T.);
#483 = VERTEX_POINT('',#484);
#484 = CARTESIAN_POINT('',(0.745,-0.6,-2.775557561563E-17));
#485 = VERTEX_POINT('',#486);
#486 = CARTESIAN_POINT('',(0.955,-0.6,-2.775557561563E-17));
#487 = LINE('',#488,#489);
#488 = CARTESIAN_POINT('',(0.7,-0.6,0.));
#489 = VECTOR('',#490,1.);
#490 = DIRECTION('',(1.,0.,0.));
#491 = ORIENTED_EDGE('',*,*,#492,.F.);
#492 = EDGE_CURVE('',#361,#483,#493,.T.);
#493 = CIRCLE('',#494,4.5E-02);
#494 = AXIS2_PLACEMENT_3D('',#495,#496,#497);
#495 = CARTESIAN_POINT('',(0.745,-0.6,4.5E-02));
#496 = DIRECTION('',(0.,-1.,0.));
#497 = DIRECTION('',(0.,0.,1.));
#498 = ORIENTED_EDGE('',*,*,#360,.T.);
#499 = ORIENTED_EDGE('',*,*,#352,.T.);
#500 = ORIENTED_EDGE('',*,*,#344,.F.);
#501 = ORIENTED_EDGE('',*,*,#502,.T.);
#502 = EDGE_CURVE('',#337,#503,#505,.T.);
#503 = VERTEX_POINT('',#504);
#504 = CARTESIAN_POINT('',(0.745,-0.6,0.45));
#505 = CIRCLE('',#506,4.5E-02);
#506 = AXIS2_PLACEMENT_3D('',#507,#508,#509);
#507 = CARTESIAN_POINT('',(0.745,-0.6,0.405));
#508 = DIRECTION('',(0.,1.,0.));
#509 = DIRECTION('',(0.,-0.,1.));
#510 = ORIENTED_EDGE('',*,*,#511,.T.);
#511 = EDGE_CURVE('',#503,#512,#514,.T.);
#512 = VERTEX_POINT('',#513);
#513 = CARTESIAN_POINT('',(0.955,-0.6,0.45));
#514 = LINE('',#515,#516);
#515 = CARTESIAN_POINT('',(0.7,-0.6,0.45));
#516 = VECTOR('',#517,1.);
#517 = DIRECTION('',(1.,0.,0.));
#518 = ORIENTED_EDGE('',*,*,#519,.F.);
#519 = EDGE_CURVE('',#520,#512,#522,.T.);
#520 = VERTEX_POINT('',#521);
#521 = CARTESIAN_POINT('',(1.,-0.6,0.405));
#522 = CIRCLE('',#523,4.5E-02);
#523 = AXIS2_PLACEMENT_3D('',#524,#525,#526);
#524 = CARTESIAN_POINT('',(0.955,-0.6,0.405));
#525 = DIRECTION('',(0.,-1.,0.));
#526 = DIRECTION('',(0.,0.,1.));
#527 = ORIENTED_EDGE('',*,*,#528,.F.);
#528 = EDGE_CURVE('',#529,#520,#531,.T.);
#529 = VERTEX_POINT('',#530);
#530 = CARTESIAN_POINT('',(1.,-0.6,4.5E-02));
#531 = LINE('',#532,#533);
#532 = CARTESIAN_POINT('',(1.,-0.6,0.));
#533 = VECTOR('',#534,1.);
#534 = DIRECTION('',(0.,0.,1.));
#535 = ORIENTED_EDGE('',*,*,#536,.T.);
#536 = EDGE_CURVE('',#529,#485,#537,.T.);
#537 = CIRCLE('',#538,4.5E-02);
#538 = AXIS2_PLACEMENT_3D('',#539,#540,#541);
#539 = CARTESIAN_POINT('',(0.955,-0.6,4.5E-02));
#540 = DIRECTION('',(0.,1.,0.));
#541 = DIRECTION('',(0.,-0.,1.));
#542 = PLANE('',#543);
#543 = AXIS2_PLACEMENT_3D('',#544,#545,#546);
#544 = CARTESIAN_POINT('',(0.7,-0.6,0.));
#545 = DIRECTION('',(0.,1.,0.));
#546 = DIRECTION('',(0.,-0.,1.));
#547 = ADVANCED_FACE('',(#548),#573,.F.);
#548 = FACE_BOUND('',#549,.F.);
#549 = EDGE_LOOP('',(#550,#551,#559,#567));
#550 = ORIENTED_EDGE('',*,*,#336,.F.);
#551 = ORIENTED_EDGE('',*,*,#552,.T.);
#552 = EDGE_CURVE('',#135,#553,#555,.T.);
#553 = VERTEX_POINT('',#554);
#554 = CARTESIAN_POINT('',(-0.7,-0.6,0.45));
#555 = LINE('',#556,#557);
#556 = CARTESIAN_POINT('',(-0.7,-0.6,0.405));
#557 = VECTOR('',#558,1.);
#558 = DIRECTION('',(0.,0.,1.));
#559 = ORIENTED_EDGE('',*,*,#560,.T.);
#560 = EDGE_CURVE('',#553,#561,#563,.T.);
#561 = VERTEX_POINT('',#562);
#562 = CARTESIAN_POINT('',(0.7,-0.6,0.45));
#563 = LINE('',#564,#565);
#564 = CARTESIAN_POINT('',(-0.7,-0.6,0.45));
#565 = VECTOR('',#566,1.);
#566 = DIRECTION('',(1.,0.,0.));
#567 = ORIENTED_EDGE('',*,*,#568,.F.);
#568 = EDGE_CURVE('',#337,#561,#569,.T.);
#569 = LINE('',#570,#571);
#570 = CARTESIAN_POINT('',(0.7,-0.6,0.405));
#571 = VECTOR('',#572,1.);
#572 = DIRECTION('',(0.,0.,1.));
#573 = PLANE('',#574);
#574 = AXIS2_PLACEMENT_3D('',#575,#576,#577);
#575 = CARTESIAN_POINT('',(-0.7,-0.6,0.405));
#576 = DIRECTION('',(0.,1.,0.));
#577 = DIRECTION('',(0.,-0.,1.));
#578 = ADVANCED_FACE('',(#579),#597,.F.);
#579 = FACE_BOUND('',#580,.F.);
#580 = EDGE_LOOP('',(#581,#582,#583,#591));
#581 = ORIENTED_EDGE('',*,*,#552,.F.);
#582 = ORIENTED_EDGE('',*,*,#399,.T.);
#583 = ORIENTED_EDGE('',*,*,#584,.T.);
#584 = EDGE_CURVE('',#252,#585,#587,.T.);
#585 = VERTEX_POINT('',#586);
#586 = CARTESIAN_POINT('',(-0.7,0.6,0.45));
#587 = LINE('',#588,#589);
#588 = CARTESIAN_POINT('',(-0.7,0.6,0.405));
#589 = VECTOR('',#590,1.);
#590 = DIRECTION('',(0.,0.,1.));
#591 = ORIENTED_EDGE('',*,*,#592,.F.);
#592 = EDGE_CURVE('',#553,#585,#593,.T.);
#593 = LINE('',#594,#595);
#594 = CARTESIAN_POINT('',(-0.7,-0.6,0.45));
#595 = VECTOR('',#596,1.);
#596 = DIRECTION('',(0.,1.,0.));
#597 = PLANE('',#598);
#598 = AXIS2_PLACEMENT_3D('',#599,#600,#601);
#599 = CARTESIAN_POINT('',(-0.7,-0.6,0.405));
#600 = DIRECTION('',(1.,0.,0.));
#601 = DIRECTION('',(0.,0.,1.));
#602 = ADVANCED_FACE('',(#603),#666,.T.);
#603 = FACE_BOUND('',#604,.T.);
#604 = EDGE_LOOP('',(#605,#615,#622,#623,#624,#625,#634,#642,#651,#659)
  );
#605 = ORIENTED_EDGE('',*,*,#606,.F.);
#606 = EDGE_CURVE('',#607,#609,#611,.T.);
#607 = VERTEX_POINT('',#608);
#608 = CARTESIAN_POINT('',(0.745,0.6,-2.775557561563E-17));
#609 = VERTEX_POINT('',#610);
#610 = CARTESIAN_POINT('',(0.955,0.6,-2.775557561563E-17));
#611 = LINE('',#612,#613);
#612 = CARTESIAN_POINT('',(0.7,0.6,0.));
#613 = VECTOR('',#614,1.);
#614 = DIRECTION('',(1.,0.,0.));
#615 = ORIENTED_EDGE('',*,*,#616,.F.);
#616 = EDGE_CURVE('',#444,#607,#617,.T.);
#617 = CIRCLE('',#618,4.5E-02);
#618 = AXIS2_PLACEMENT_3D('',#619,#620,#621);
#619 = CARTESIAN_POINT('',(0.745,0.6,4.5E-02));
#620 = DIRECTION('',(0.,-1.,0.));
#621 = DIRECTION('',(0.,0.,1.));
#622 = ORIENTED_EDGE('',*,*,#443,.T.);
#623 = ORIENTED_EDGE('',*,*,#435,.T.);
#624 = ORIENTED_EDGE('',*,*,#427,.F.);
#625 = ORIENTED_EDGE('',*,*,#626,.T.);
#626 = EDGE_CURVE('',#420,#627,#629,.T.);
#627 = VERTEX_POINT('',#628);
#628 = CARTESIAN_POINT('',(0.745,0.6,0.45));
#629 = CIRCLE('',#630,4.5E-02);
#630 = AXIS2_PLACEMENT_3D('',#631,#632,#633);
#631 = CARTESIAN_POINT('',(0.745,0.6,0.405));
#632 = DIRECTION('',(0.,1.,0.));
#633 = DIRECTION('',(0.,-0.,1.));
#634 = ORIENTED_EDGE('',*,*,#635,.T.);
#635 = EDGE_CURVE('',#627,#636,#638,.T.);
#636 = VERTEX_POINT('',#637);
#637 = CARTESIAN_POINT('',(0.955,0.6,0.45));
#638 = LINE('',#639,#640);
#639 = CARTESIAN_POINT('',(0.7,0.6,0.45));
#640 = VECTOR('',#641,1.);
#641 = DIRECTION('',(1.,0.,0.));
#642 = ORIENTED_EDGE('',*,*,#643,.F.);
#643 = EDGE_CURVE('',#644,#636,#646,.T.);
#644 = VERTEX_POINT('',#645);
#645 = CARTESIAN_POINT('',(1.,0.6,0.405));
#646 = CIRCLE('',#647,4.5E-02);
#647 = AXIS2_PLACEMENT_3D('',#648,#649,#650);
#648 = CARTESIAN_POINT('',(0.955,0.6,0.405));
#649 = DIRECTION('',(0.,-1.,0.));
#650 = DIRECTION('',(0.,0.,1.));
#651 = ORIENTED_EDGE('',*,*,#652,.F.);
#652 = EDGE_CURVE('',#653,#644,#655,.T.);
#653 = VERTEX_POINT('',#654);
#654 = CARTESIAN_POINT('',(1.,0.6,4.5E-02));
#655 = LINE('',#656,#657);
#656 = CARTESIAN_POINT('',(1.,0.6,0.));
#657 = VECTOR('',#658,1.);
#658 = DIRECTION('',(0.,0.,1.));
#659 = ORIENTED_EDGE('',*,*,#660,.T.);
#660 = EDGE_CURVE('',#653,#609,#661,.T.);
#661 = CIRCLE('',#662,4.5E-02);
#662 = AXIS2_PLACEMENT_3D('',#663,#664,#665);
#663 = CARTESIAN_POINT('',(0.955,0.6,4.5E-02));
#664 = DIRECTION('',(0.,1.,0.));
#665 = DIRECTION('',(0.,-0.,1.));
#666 = PLANE('',#667);
#667 = AXIS2_PLACEMENT_3D('',#668,#669,#670);
#668 = CARTESIAN_POINT('',(0.7,0.6,0.));
#669 = DIRECTION('',(0.,1.,0.));
#670 = DIRECTION('',(0.,-0.,1.));
#671 = ADVANCED_FACE('',(#672),#690,.T.);
#672 = FACE_BOUND('',#673,.T.);
#673 = EDGE_LOOP('',(#674,#675,#676,#684));
#674 = ORIENTED_EDGE('',*,*,#419,.F.);
#675 = ORIENTED_EDGE('',*,*,#584,.T.);
#676 = ORIENTED_EDGE('',*,*,#677,.T.);
#677 = EDGE_CURVE('',#585,#678,#680,.T.);
#678 = VERTEX_POINT('',#679);
#679 = CARTESIAN_POINT('',(0.7,0.6,0.45));
#680 = LINE('',#681,#682);
#681 = CARTESIAN_POINT('',(-0.7,0.6,0.45));
#682 = VECTOR('',#683,1.);
#683 = DIRECTION('',(1.,0.,0.));
#684 = ORIENTED_EDGE('',*,*,#685,.F.);
#685 = EDGE_CURVE('',#420,#678,#686,.T.);
#686 = LINE('',#687,#688);
#687 = CARTESIAN_POINT('',(0.7,0.6,0.405));
#688 = VECTOR('',#689,1.);
#689 = DIRECTION('',(0.,0.,1.));
#690 = PLANE('',#691);
#691 = AXIS2_PLACEMENT_3D('',#692,#693,#694);
#692 = CARTESIAN_POINT('',(-0.7,0.6,0.405));
#693 = DIRECTION('',(0.,1.,0.));
#694 = DIRECTION('',(0.,-0.,1.));
#695 = ADVANCED_FACE('',(#696),#707,.T.);
#696 = FACE_BOUND('',#697,.T.);
#697 = EDGE_LOOP('',(#698,#699,#700,#706));
#698 = ORIENTED_EDGE('',*,*,#467,.T.);
#699 = ORIENTED_EDGE('',*,*,#616,.T.);
#700 = ORIENTED_EDGE('',*,*,#701,.F.);
#701 = EDGE_CURVE('',#483,#607,#702,.T.);
#702 = LINE('',#703,#704);
#703 = CARTESIAN_POINT('',(0.745,-0.6,-2.775557561563E-17));
#704 = VECTOR('',#705,1.);
#705 = DIRECTION('',(0.,1.,0.));
#706 = ORIENTED_EDGE('',*,*,#492,.F.);
#707 = CYLINDRICAL_SURFACE('',#708,4.5E-02);
#708 = AXIS2_PLACEMENT_3D('',#709,#710,#711);
#709 = CARTESIAN_POINT('',(0.745,-0.6,4.5E-02));
#710 = DIRECTION('',(0.,1.,0.));
#711 = DIRECTION('',(-1.,0.,0.));
#712 = ADVANCED_FACE('',(#713),#724,.F.);
#713 = FACE_BOUND('',#714,.F.);
#714 = EDGE_LOOP('',(#715,#716,#717,#718));
#715 = ORIENTED_EDGE('',*,*,#606,.F.);
#716 = ORIENTED_EDGE('',*,*,#701,.F.);
#717 = ORIENTED_EDGE('',*,*,#482,.T.);
#718 = ORIENTED_EDGE('',*,*,#719,.T.);
#719 = EDGE_CURVE('',#485,#609,#720,.T.);
#720 = LINE('',#721,#722);
#721 = CARTESIAN_POINT('',(0.955,-0.6,-2.775557561563E-17));
#722 = VECTOR('',#723,1.);
#723 = DIRECTION('',(0.,1.,0.));
#724 = PLANE('',#725);
#725 = AXIS2_PLACEMENT_3D('',#726,#727,#728);
#726 = CARTESIAN_POINT('',(0.7,-0.6,0.));
#727 = DIRECTION('',(0.,0.,1.));
#728 = DIRECTION('',(1.,0.,-0.));
#729 = ADVANCED_FACE('',(#730),#741,.T.);
#730 = FACE_BOUND('',#731,.T.);
#731 = EDGE_LOOP('',(#732,#733,#734,#735));
#732 = ORIENTED_EDGE('',*,*,#536,.T.);
#733 = ORIENTED_EDGE('',*,*,#719,.T.);
#734 = ORIENTED_EDGE('',*,*,#660,.F.);
#735 = ORIENTED_EDGE('',*,*,#736,.F.);
#736 = EDGE_CURVE('',#529,#653,#737,.T.);
#737 = LINE('',#738,#739);
#738 = CARTESIAN_POINT('',(1.,-0.6,4.5E-02));
#739 = VECTOR('',#740,1.);
#740 = DIRECTION('',(0.,1.,0.));
#741 = CYLINDRICAL_SURFACE('',#742,4.5E-02);
#742 = AXIS2_PLACEMENT_3D('',#743,#744,#745);
#743 = CARTESIAN_POINT('',(0.955,-0.6,4.5E-02));
#744 = DIRECTION('',(0.,1.,0.));
#745 = DIRECTION('',(1.,0.,0.));
#746 = ADVANCED_FACE('',(#747),#758,.T.);
#747 = FACE_BOUND('',#748,.T.);
#748 = EDGE_LOOP('',(#749,#750,#751,#752));
#749 = ORIENTED_EDGE('',*,*,#528,.F.);
#750 = ORIENTED_EDGE('',*,*,#736,.T.);
#751 = ORIENTED_EDGE('',*,*,#652,.T.);
#752 = ORIENTED_EDGE('',*,*,#753,.F.);
#753 = EDGE_CURVE('',#520,#644,#754,.T.);
#754 = LINE('',#755,#756);
#755 = CARTESIAN_POINT('',(1.,-0.6,0.405));
#756 = VECTOR('',#757,1.);
#757 = DIRECTION('',(0.,1.,0.));
#758 = PLANE('',#759);
#759 = AXIS2_PLACEMENT_3D('',#760,#761,#762);
#760 = CARTESIAN_POINT('',(1.,-0.6,0.));
#761 = DIRECTION('',(1.,0.,0.));
#762 = DIRECTION('',(0.,0.,1.));
#763 = ADVANCED_FACE('',(#764),#775,.T.);
#764 = FACE_BOUND('',#765,.T.);
#765 = EDGE_LOOP('',(#766,#767,#768,#774));
#766 = ORIENTED_EDGE('',*,*,#753,.T.);
#767 = ORIENTED_EDGE('',*,*,#643,.T.);
#768 = ORIENTED_EDGE('',*,*,#769,.F.);
#769 = EDGE_CURVE('',#512,#636,#770,.T.);
#770 = LINE('',#771,#772);
#771 = CARTESIAN_POINT('',(0.955,-0.6,0.45));
#772 = VECTOR('',#773,1.);
#773 = DIRECTION('',(0.,1.,0.));
#774 = ORIENTED_EDGE('',*,*,#519,.F.);
#775 = CYLINDRICAL_SURFACE('',#776,4.5E-02);
#776 = AXIS2_PLACEMENT_3D('',#777,#778,#779);
#777 = CARTESIAN_POINT('',(0.955,-0.6,0.405));
#778 = DIRECTION('',(0.,1.,0.));
#779 = DIRECTION('',(1.,0.,0.));
#780 = ADVANCED_FACE('',(#781),#792,.T.);
#781 = FACE_BOUND('',#782,.T.);
#782 = EDGE_LOOP('',(#783,#784,#790,#791));
#783 = ORIENTED_EDGE('',*,*,#635,.F.);
#784 = ORIENTED_EDGE('',*,*,#785,.F.);
#785 = EDGE_CURVE('',#503,#627,#786,.T.);
#786 = LINE('',#787,#788);
#787 = CARTESIAN_POINT('',(0.745,-0.6,0.45));
#788 = VECTOR('',#789,1.);
#789 = DIRECTION('',(0.,1.,0.));
#790 = ORIENTED_EDGE('',*,*,#511,.T.);
#791 = ORIENTED_EDGE('',*,*,#769,.T.);
#792 = PLANE('',#793);
#793 = AXIS2_PLACEMENT_3D('',#794,#795,#796);
#794 = CARTESIAN_POINT('',(0.7,-0.6,0.45));
#795 = DIRECTION('',(0.,0.,1.));
#796 = DIRECTION('',(1.,0.,-0.));
#797 = ADVANCED_FACE('',(#798),#809,.T.);
#798 = FACE_BOUND('',#799,.T.);
#799 = EDGE_LOOP('',(#800,#801,#802,#803));
#800 = ORIENTED_EDGE('',*,*,#502,.T.);
#801 = ORIENTED_EDGE('',*,*,#785,.T.);
#802 = ORIENTED_EDGE('',*,*,#626,.F.);
#803 = ORIENTED_EDGE('',*,*,#804,.F.);
#804 = EDGE_CURVE('',#337,#420,#805,.T.);
#805 = LINE('',#806,#807);
#806 = CARTESIAN_POINT('',(0.7,-0.6,0.405));
#807 = VECTOR('',#808,1.);
#808 = DIRECTION('',(0.,1.,0.));
#809 = CYLINDRICAL_SURFACE('',#810,4.5E-02);
#810 = AXIS2_PLACEMENT_3D('',#811,#812,#813);
#811 = CARTESIAN_POINT('',(0.745,-0.6,0.405));
#812 = DIRECTION('',(0.,1.,0.));
#813 = DIRECTION('',(-1.,0.,0.));
#814 = ADVANCED_FACE('',(#815),#826,.T.);
#815 = FACE_BOUND('',#816,.T.);
#816 = EDGE_LOOP('',(#817,#818,#819,#820));
#817 = ORIENTED_EDGE('',*,*,#568,.F.);
#818 = ORIENTED_EDGE('',*,*,#804,.T.);
#819 = ORIENTED_EDGE('',*,*,#685,.T.);
#820 = ORIENTED_EDGE('',*,*,#821,.F.);
#821 = EDGE_CURVE('',#561,#678,#822,.T.);
#822 = LINE('',#823,#824);
#823 = CARTESIAN_POINT('',(0.7,-0.6,0.45));
#824 = VECTOR('',#825,1.);
#825 = DIRECTION('',(0.,1.,0.));
#826 = PLANE('',#827);
#827 = AXIS2_PLACEMENT_3D('',#828,#829,#830);
#828 = CARTESIAN_POINT('',(0.7,-0.6,0.405));
#829 = DIRECTION('',(1.,0.,0.));
#830 = DIRECTION('',(0.,0.,1.));
#831 = ADVANCED_FACE('',(#832),#838,.T.);
#832 = FACE_BOUND('',#833,.T.);
#833 = EDGE_LOOP('',(#834,#835,#836,#837));
#834 = ORIENTED_EDGE('',*,*,#592,.F.);
#835 = ORIENTED_EDGE('',*,*,#560,.T.);
#836 = ORIENTED_EDGE('',*,*,#821,.T.);
#837 = ORIENTED_EDGE('',*,*,#677,.F.);
#838 = PLANE('',#839);
#839 = AXIS2_PLACEMENT_3D('',#840,#841,#842);
#840 = CARTESIAN_POINT('',(-0.7,-0.6,0.45));
#841 = DIRECTION('',(0.,0.,1.));
#842 = DIRECTION('',(1.,0.,-0.));
#843 = ( GEOMETRIC_REPRESENTATION_CONTEXT(3) 
GLOBAL_UNCERTAINTY_ASSIGNED_CONTEXT((#847)) GLOBAL_UNIT_ASSIGNED_CONTEXT
((#844,#845,#846)) REPRESENTATION_CONTEXT('Context #1',
  '3D Context with UNIT and UNCERTAINTY') );
#844 = ( LENGTH_UNIT() NAMED_UNIT(*) SI_UNIT(.MILLI.,.METRE.) );
#845 = ( NAMED_UNIT(*) PLANE_ANGLE_UNIT() SI_UNIT($,.RADIAN.) );
#846 = ( NAMED_UNIT(*) SI_UNIT($,.STERADIAN.) SOLID_ANGLE_UNIT() );
#847 = UNCERTAINTY_MEASURE_WITH_UNIT(LENGTH_MEASURE(1.E-07),#844,
  'distance_accuracy_value','confusion accuracy');
#848 = CONTEXT_DEPENDENT_SHAPE_REPRESENTATION(#849,#851);
#849 = ( REPRESENTATION_RELATIONSHIP('','',#52,#10) 
REPRESENTATION_RELATIONSHIP_WITH_TRANSFORMATION(#850) 
SHAPE_REPRESENTATION_RELATIONSHIP() );
#850 = ITEM_DEFINED_TRANSFORMATION('','',#11,#15);
#851 = PRODUCT_DEFINITION_SHAPE('Placement','Placement of an item',#852
  );
#852 = NEXT_ASSEMBLY_USAGE_OCCURRENCE('1','R1','',#5,#47,$);
#853 = PRODUCT_RELATED_PRODUCT_CATEGORY('part',$,(#49));
#854 = CONTEXT_DEPENDENT_SHAPE_REPRESENTATION(#855,#857);
#855 = ( REPRESENTATION_RELATIONSHIP('','',#52,#10) 
REPRESENTATION_RELATIONSHIP_WITH_TRANSFORMATION(#856) 
SHAPE_REPRESENTATION_RELATIONSHIP() );
#856 = ITEM_DEFINED_TRANSFORMATION('','',#11,#19);
#857 = PRODUCT_DEFINITION_SHAPE('Placement','Placement of an item',#858
  );
#858 = NEXT_ASSEMBLY_USAGE_OCCURRENCE('2','R2','',#5,#47,$);
#859 = SHAPE_DEFINITION_REPRESENTATION(#860,#866);
#860 = PRODUCT_DEFINITION_SHAPE('','',#861);
#861 = PRODUCT_DEFINITION('design','',#862,#865);
#862 = PRODUCT_DEFINITION_FORMATION('','',#863);
#863 = PRODUCT('LED_0805_2012Metric','LED_0805_2012Metric','',(#864));
#864 = PRODUCT_CONTEXT('',#2,'mechanical');
#865 = PRODUCT_DEFINITION_CONTEXT('part definition',#2,'design');
#866 = ADVANCED_BREP_SHAPE_REPRESENTATION('',(#11,#867),#2390);
#867 = MANIFOLD_SOLID_BREP('',#868);
#868 = CLOSED_SHELL('',(#869,#909,#956,#1035,#1059,#1099,#1130,#1147,
    #1180,#1204,#1271,#1392,#1459,#1483,#1514,#1547,#1603,#1627,#1651,
    #1675,#1708,#1720,#1783,#1808,#1825,#1849,#1867,#1885,#1903,#1920,
    #1937,#1968,#1993,#2018,#2042,#2059,#2090,#2114,#2131,#2159,#2184,
    #2208,#2233,#2280,#2297,#2309,#2331,#2343,#2361,#2379));
#869 = ADVANCED_FACE('',(#870),#904,.F.);
#870 = FACE_BOUND('',#871,.F.);
#871 = EDGE_LOOP('',(#872,#882,#890,#898));
#872 = ORIENTED_EDGE('',*,*,#873,.T.);
#873 = EDGE_CURVE('',#874,#876,#878,.T.);
#874 = VERTEX_POINT('',#875);
#875 = CARTESIAN_POINT('',(-0.65,-0.625,0.465));
#876 = VERTEX_POINT('',#877);
#877 = CARTESIAN_POINT('',(-0.585,-0.625,1.1));
#878 = LINE('',#879,#880);
#879 = CARTESIAN_POINT('',(-0.65,-0.625,0.465));
#880 = VECTOR('',#881,1.);
#881 = DIRECTION('',(0.101830105936,0.,0.994801804142));
#882 = ORIENTED_EDGE('',*,*,#883,.T.);
#883 = EDGE_CURVE('',#876,#884,#886,.T.);
#884 = VERTEX_POINT('',#885);
#885 = CARTESIAN_POINT('',(0.585,-0.625,1.1));
#886 = LINE('',#887,#888);
#887 = CARTESIAN_POINT('',(-0.585,-0.625,1.1));
#888 = VECTOR('',#889,1.);
#889 = DIRECTION('',(1.,0.,0.));
#890 = ORIENTED_EDGE('',*,*,#891,.T.);
#891 = EDGE_CURVE('',#884,#892,#894,.T.);
#892 = VERTEX_POINT('',#893);
#893 = CARTESIAN_POINT('',(0.65,-0.625,0.465));
#894 = LINE('',#895,#896);
#895 = CARTESIAN_POINT('',(0.585,-0.625,1.1));
#896 = VECTOR('',#897,1.);
#897 = DIRECTION('',(0.101830105936,0.,-0.994801804142));
#898 = ORIENTED_EDGE('',*,*,#899,.T.);
#899 = EDGE_CURVE('',#892,#874,#900,.T.);
#900 = LINE('',#901,#902);
#901 = CARTESIAN_POINT('',(0.65,-0.625,0.465));
#902 = VECTOR('',#903,1.);
#903 = DIRECTION('',(-1.,0.,-4.270088556251E-17));
#904 = PLANE('',#905);
#905 = AXIS2_PLACEMENT_3D('',#906,#907,#908);
#906 = CARTESIAN_POINT('',(1.481626402817E-17,-0.625,0.771483451357));
#907 = DIRECTION('',(-5.57234551408E-33,1.,3.18580557984E-32));
#908 = DIRECTION('',(0.,-3.18580557984E-32,1.));
#909 = ADVANCED_FACE('',(#910),#951,.T.);
#910 = FACE_BOUND('',#911,.T.);
#911 = EDGE_LOOP('',(#912,#922,#930,#936,#937,#945));
#912 = ORIENTED_EDGE('',*,*,#913,.T.);
#913 = EDGE_CURVE('',#914,#916,#918,.T.);
#914 = VERTEX_POINT('',#915);
#915 = CARTESIAN_POINT('',(-0.65,0.625,0.465));
#916 = VERTEX_POINT('',#917);
#917 = CARTESIAN_POINT('',(-0.65,0.46875,0.465));
#918 = LINE('',#919,#920);
#919 = CARTESIAN_POINT('',(-0.65,0.625,0.465));
#920 = VECTOR('',#921,1.);
#921 = DIRECTION('',(0.,-1.,0.));
#922 = ORIENTED_EDGE('',*,*,#923,.F.);
#923 = EDGE_CURVE('',#924,#916,#926,.T.);
#924 = VERTEX_POINT('',#925);
#925 = CARTESIAN_POINT('',(-0.65,-0.46875,0.465));
#926 = LINE('',#927,#928);
#927 = CARTESIAN_POINT('',(-0.65,-0.625,0.465));
#928 = VECTOR('',#929,1.);
#929 = DIRECTION('',(0.,1.,0.));
#930 = ORIENTED_EDGE('',*,*,#931,.T.);
#931 = EDGE_CURVE('',#924,#874,#932,.T.);
#932 = LINE('',#933,#934);
#933 = CARTESIAN_POINT('',(-0.65,0.625,0.465));
#934 = VECTOR('',#935,1.);
#935 = DIRECTION('',(0.,-1.,0.));
#936 = ORIENTED_EDGE('',*,*,#873,.T.);
#937 = ORIENTED_EDGE('',*,*,#938,.F.);
#938 = EDGE_CURVE('',#939,#876,#941,.T.);
#939 = VERTEX_POINT('',#940);
#940 = CARTESIAN_POINT('',(-0.585,0.625,1.1));
#941 = LINE('',#942,#943);
#942 = CARTESIAN_POINT('',(-0.585,0.625,1.1));
#943 = VECTOR('',#944,1.);
#944 = DIRECTION('',(0.,-1.,0.));
#945 = ORIENTED_EDGE('',*,*,#946,.F.);
#946 = EDGE_CURVE('',#914,#939,#947,.T.);
#947 = LINE('',#948,#949);
#948 = CARTESIAN_POINT('',(-0.65,0.625,0.465));
#949 = VECTOR('',#950,1.);
#950 = DIRECTION('',(0.101830105936,0.,0.994801804142));
#951 = PLANE('',#952);
#952 = AXIS2_PLACEMENT_3D('',#953,#954,#955);
#953 = CARTESIAN_POINT('',(-0.65,0.625,0.465));
#954 = DIRECTION('',(-0.994801804142,0.,0.101830105936));
#955 = DIRECTION('',(0.101830105936,0.,0.994801804142));
#956 = ADVANCED_FACE('',(#957),#1030,.F.);
#957 = FACE_BOUND('',#958,.F.);
#958 = EDGE_LOOP('',(#959,#969,#977,#985,#991,#992,#1000,#1008,#1016,
    #1024));
#959 = ORIENTED_EDGE('',*,*,#960,.F.);
#960 = EDGE_CURVE('',#961,#963,#965,.T.);
#961 = VERTEX_POINT('',#962);
#962 = CARTESIAN_POINT('',(-0.965,-0.625,3.5E-02));
#963 = VERTEX_POINT('',#964);
#964 = CARTESIAN_POINT('',(-0.9125,-0.625,3.5E-02));
#965 = LINE('',#966,#967);
#966 = CARTESIAN_POINT('',(-0.965,-0.625,3.5E-02));
#967 = VECTOR('',#968,1.);
#968 = DIRECTION('',(1.,0.,0.));
#969 = ORIENTED_EDGE('',*,*,#970,.T.);
#970 = EDGE_CURVE('',#961,#971,#973,.T.);
#971 = VERTEX_POINT('',#972);
#972 = CARTESIAN_POINT('',(-0.965,-0.625,0.465));
#973 = LINE('',#974,#975);
#974 = CARTESIAN_POINT('',(-0.965,-0.625,3.5E-02));
#975 = VECTOR('',#976,1.);
#976 = DIRECTION('',(0.,0.,1.));
#977 = ORIENTED_EDGE('',*,*,#978,.T.);
#978 = EDGE_CURVE('',#971,#979,#981,.T.);
#979 = VERTEX_POINT('',#980);
#980 = CARTESIAN_POINT('',(-0.9125,-0.625,0.465));
#981 = LINE('',#982,#983);
#982 = CARTESIAN_POINT('',(-0.965,-0.625,0.465));
#983 = VECTOR('',#984,1.);
#984 = DIRECTION('',(1.,0.,0.));
#985 = ORIENTED_EDGE('',*,*,#986,.T.);
#986 = EDGE_CURVE('',#979,#874,#987,.T.);
#987 = LINE('',#988,#989);
#988 = CARTESIAN_POINT('',(-0.965,-0.625,0.465));
#989 = VECTOR('',#990,1.);
#990 = DIRECTION('',(1.,0.,0.));
#991 = ORIENTED_EDGE('',*,*,#899,.F.);
#992 = ORIENTED_EDGE('',*,*,#993,.T.);
#993 = EDGE_CURVE('',#892,#994,#996,.T.);
#994 = VERTEX_POINT('',#995);
#995 = CARTESIAN_POINT('',(0.9125,-0.625,0.465));
#996 = LINE('',#997,#998);
#997 = CARTESIAN_POINT('',(-0.965,-0.625,0.465));
#998 = VECTOR('',#999,1.);
#999 = DIRECTION('',(1.,0.,0.));
#1000 = ORIENTED_EDGE('',*,*,#1001,.T.);
#1001 = EDGE_CURVE('',#994,#1002,#1004,.T.);
#1002 = VERTEX_POINT('',#1003);
#1003 = CARTESIAN_POINT('',(0.965,-0.625,0.465));
#1004 = LINE('',#1005,#1006);
#1005 = CARTESIAN_POINT('',(-0.965,-0.625,0.465));
#1006 = VECTOR('',#1007,1.);
#1007 = DIRECTION('',(1.,0.,0.));
#1008 = ORIENTED_EDGE('',*,*,#1009,.F.);
#1009 = EDGE_CURVE('',#1010,#1002,#1012,.T.);
#1010 = VERTEX_POINT('',#1011);
#1011 = CARTESIAN_POINT('',(0.965,-0.625,3.5E-02));
#1012 = LINE('',#1013,#1014);
#1013 = CARTESIAN_POINT('',(0.965,-0.625,3.5E-02));
#1014 = VECTOR('',#1015,1.);
#1015 = DIRECTION('',(0.,0.,1.));
#1016 = ORIENTED_EDGE('',*,*,#1017,.F.);
#1017 = EDGE_CURVE('',#1018,#1010,#1020,.T.);
#1018 = VERTEX_POINT('',#1019);
#1019 = CARTESIAN_POINT('',(0.9125,-0.625,3.5E-02));
#1020 = LINE('',#1021,#1022);
#1021 = CARTESIAN_POINT('',(-0.965,-0.625,3.5E-02));
#1022 = VECTOR('',#1023,1.);
#1023 = DIRECTION('',(1.,0.,0.));
#1024 = ORIENTED_EDGE('',*,*,#1025,.F.);
#1025 = EDGE_CURVE('',#963,#1018,#1026,.T.);
#1026 = LINE('',#1027,#1028);
#1027 = CARTESIAN_POINT('',(-0.965,-0.625,3.5E-02));
#1028 = VECTOR('',#1029,1.);
#1029 = DIRECTION('',(1.,0.,0.));
#1030 = PLANE('',#1031);
#1031 = AXIS2_PLACEMENT_3D('',#1032,#1033,#1034);
#1032 = CARTESIAN_POINT('',(-0.965,-0.625,3.5E-02));
#1033 = DIRECTION('',(0.,1.,0.));
#1034 = DIRECTION('',(0.,-0.,1.));
#1035 = ADVANCED_FACE('',(#1036),#1054,.T.);
#1036 = FACE_BOUND('',#1037,.T.);
#1037 = EDGE_LOOP('',(#1038,#1039,#1040,#1048));
#1038 = ORIENTED_EDGE('',*,*,#938,.T.);
#1039 = ORIENTED_EDGE('',*,*,#883,.T.);
#1040 = ORIENTED_EDGE('',*,*,#1041,.F.);
#1041 = EDGE_CURVE('',#1042,#884,#1044,.T.);
#1042 = VERTEX_POINT('',#1043);
#1043 = CARTESIAN_POINT('',(0.585,0.625,1.1));
#1044 = LINE('',#1045,#1046);
#1045 = CARTESIAN_POINT('',(0.585,0.625,1.1));
#1046 = VECTOR('',#1047,1.);
#1047 = DIRECTION('',(0.,-1.,0.));
#1048 = ORIENTED_EDGE('',*,*,#1049,.F.);
#1049 = EDGE_CURVE('',#939,#1042,#1050,.T.);
#1050 = LINE('',#1051,#1052);
#1051 = CARTESIAN_POINT('',(-0.585,0.625,1.1));
#1052 = VECTOR('',#1053,1.);
#1053 = DIRECTION('',(1.,0.,0.));
#1054 = PLANE('',#1055);
#1055 = AXIS2_PLACEMENT_3D('',#1056,#1057,#1058);
#1056 = CARTESIAN_POINT('',(-0.585,0.625,1.1));
#1057 = DIRECTION('',(0.,0.,1.));
#1058 = DIRECTION('',(1.,0.,-0.));
#1059 = ADVANCED_FACE('',(#1060),#1094,.T.);
#1060 = FACE_BOUND('',#1061,.T.);
#1061 = EDGE_LOOP('',(#1062,#1063,#1064,#1072,#1080,#1088));
#1062 = ORIENTED_EDGE('',*,*,#1041,.T.);
#1063 = ORIENTED_EDGE('',*,*,#891,.T.);
#1064 = ORIENTED_EDGE('',*,*,#1065,.F.);
#1065 = EDGE_CURVE('',#1066,#892,#1068,.T.);
#1066 = VERTEX_POINT('',#1067);
#1067 = CARTESIAN_POINT('',(0.65,-0.46875,0.465));
#1068 = LINE('',#1069,#1070);
#1069 = CARTESIAN_POINT('',(0.65,0.625,0.465));
#1070 = VECTOR('',#1071,1.);
#1071 = DIRECTION('',(0.,-1.,0.));
#1072 = ORIENTED_EDGE('',*,*,#1073,.F.);
#1073 = EDGE_CURVE('',#1074,#1066,#1076,.T.);
#1074 = VERTEX_POINT('',#1075);
#1075 = CARTESIAN_POINT('',(0.65,0.46875,0.465));
#1076 = LINE('',#1077,#1078);
#1077 = CARTESIAN_POINT('',(0.65,0.625,0.465));
#1078 = VECTOR('',#1079,1.);
#1079 = DIRECTION('',(0.,-1.,0.));
#1080 = ORIENTED_EDGE('',*,*,#1081,.F.);
#1081 = EDGE_CURVE('',#1082,#1074,#1084,.T.);
#1082 = VERTEX_POINT('',#1083);
#1083 = CARTESIAN_POINT('',(0.65,0.625,0.465));
#1084 = LINE('',#1085,#1086);
#1085 = CARTESIAN_POINT('',(0.65,0.625,0.465));
#1086 = VECTOR('',#1087,1.);
#1087 = DIRECTION('',(0.,-1.,0.));
#1088 = ORIENTED_EDGE('',*,*,#1089,.F.);
#1089 = EDGE_CURVE('',#1042,#1082,#1090,.T.);
#1090 = LINE('',#1091,#1092);
#1091 = CARTESIAN_POINT('',(0.585,0.625,1.1));
#1092 = VECTOR('',#1093,1.);
#1093 = DIRECTION('',(0.101830105936,0.,-0.994801804142));
#1094 = PLANE('',#1095);
#1095 = AXIS2_PLACEMENT_3D('',#1096,#1097,#1098);
#1096 = CARTESIAN_POINT('',(0.585,0.625,1.1));
#1097 = DIRECTION('',(0.994801804142,0.,0.101830105936));
#1098 = DIRECTION('',(0.101830105936,0.,-0.994801804142));
#1099 = ADVANCED_FACE('',(#1100),#1125,.T.);
#1100 = FACE_BOUND('',#1101,.T.);
#1101 = EDGE_LOOP('',(#1102,#1110,#1118,#1124));
#1102 = ORIENTED_EDGE('',*,*,#1103,.F.);
#1103 = EDGE_CURVE('',#1104,#914,#1106,.T.);
#1104 = VERTEX_POINT('',#1105);
#1105 = CARTESIAN_POINT('',(-0.9125,0.625,0.465));
#1106 = LINE('',#1107,#1108);
#1107 = CARTESIAN_POINT('',(-0.965,0.625,0.465));
#1108 = VECTOR('',#1109,1.);
#1109 = DIRECTION('',(1.,0.,0.));
#1110 = ORIENTED_EDGE('',*,*,#1111,.F.);
#1111 = EDGE_CURVE('',#1112,#1104,#1114,.T.);
#1112 = VERTEX_POINT('',#1113);
#1113 = CARTESIAN_POINT('',(-0.9125,0.46875,0.465));
#1114 = LINE('',#1115,#1116);
#1115 = CARTESIAN_POINT('',(-0.9125,7.8125E-02,0.465));
#1116 = VECTOR('',#1117,1.);
#1117 = DIRECTION('',(0.,1.,0.));
#1118 = ORIENTED_EDGE('',*,*,#1119,.F.);
#1119 = EDGE_CURVE('',#916,#1112,#1120,.T.);
#1120 = LINE('',#1121,#1122);
#1121 = CARTESIAN_POINT('',(-0.93875,0.46875,0.465));
#1122 = VECTOR('',#1123,1.);
#1123 = DIRECTION('',(-1.,0.,0.));
#1124 = ORIENTED_EDGE('',*,*,#913,.F.);
#1125 = PLANE('',#1126);
#1126 = AXIS2_PLACEMENT_3D('',#1127,#1128,#1129);
#1127 = CARTESIAN_POINT('',(-0.965,-0.625,0.465));
#1128 = DIRECTION('',(0.,0.,1.));
#1129 = DIRECTION('',(1.,0.,-0.));
#1130 = ADVANCED_FACE('',(#1131),#1142,.T.);
#1131 = FACE_BOUND('',#1132,.T.);
#1132 = EDGE_LOOP('',(#1133,#1134,#1135,#1136));
#1133 = ORIENTED_EDGE('',*,*,#946,.T.);
#1134 = ORIENTED_EDGE('',*,*,#1049,.T.);
#1135 = ORIENTED_EDGE('',*,*,#1089,.T.);
#1136 = ORIENTED_EDGE('',*,*,#1137,.T.);
#1137 = EDGE_CURVE('',#1082,#914,#1138,.T.);
#1138 = LINE('',#1139,#1140);
#1139 = CARTESIAN_POINT('',(0.65,0.625,0.465));
#1140 = VECTOR('',#1141,1.);
#1141 = DIRECTION('',(-1.,0.,-4.270088556251E-17));
#1142 = PLANE('',#1143);
#1143 = AXIS2_PLACEMENT_3D('',#1144,#1145,#1146);
#1144 = CARTESIAN_POINT('',(1.481626402817E-17,0.625,0.771483451357));
#1145 = DIRECTION('',(-5.57234551408E-33,1.,3.18580557984E-32));
#1146 = DIRECTION('',(0.,-3.18580557984E-32,1.));
#1147 = ADVANCED_FACE('',(#1148),#1175,.T.);
#1148 = FACE_BOUND('',#1149,.T.);
#1149 = EDGE_LOOP('',(#1150,#1159,#1167,#1174));
#1150 = ORIENTED_EDGE('',*,*,#1151,.F.);
#1151 = EDGE_CURVE('',#1152,#916,#1154,.T.);
#1152 = VERTEX_POINT('',#1153);
#1153 = CARTESIAN_POINT('',(-0.685,0.46875,0.5));
#1154 = CIRCLE('',#1155,3.5E-02);
#1155 = AXIS2_PLACEMENT_3D('',#1156,#1157,#1158);
#1156 = CARTESIAN_POINT('',(-0.685,0.46875,0.465));
#1157 = DIRECTION('',(-0.,1.,0.));
#1158 = DIRECTION('',(1.,0.,0.));
#1159 = ORIENTED_EDGE('',*,*,#1160,.F.);
#1160 = EDGE_CURVE('',#1161,#1152,#1163,.T.);
#1161 = VERTEX_POINT('',#1162);
#1162 = CARTESIAN_POINT('',(-0.685,-0.46875,0.5));
#1163 = LINE('',#1164,#1165);
#1164 = CARTESIAN_POINT('',(-0.685,-0.625,0.5));
#1165 = VECTOR('',#1166,1.);
#1166 = DIRECTION('',(0.,1.,0.));
#1167 = ORIENTED_EDGE('',*,*,#1168,.T.);
#1168 = EDGE_CURVE('',#1161,#924,#1169,.T.);
#1169 = CIRCLE('',#1170,3.5E-02);
#1170 = AXIS2_PLACEMENT_3D('',#1171,#1172,#1173);
#1171 = CARTESIAN_POINT('',(-0.685,-0.46875,0.465));
#1172 = DIRECTION('',(-0.,1.,0.));
#1173 = DIRECTION('',(1.,0.,0.));
#1174 = ORIENTED_EDGE('',*,*,#923,.T.);
#1175 = CYLINDRICAL_SURFACE('',#1176,3.5E-02);
#1176 = AXIS2_PLACEMENT_3D('',#1177,#1178,#1179);
#1177 = CARTESIAN_POINT('',(-0.685,-0.625,0.465));
#1178 = DIRECTION('',(0.,1.,0.));
#1179 = DIRECTION('',(1.,0.,0.));
#1180 = ADVANCED_FACE('',(#1181),#1199,.T.);
#1181 = FACE_BOUND('',#1182,.T.);
#1182 = EDGE_LOOP('',(#1183,#1191,#1192,#1193));
#1183 = ORIENTED_EDGE('',*,*,#1184,.F.);
#1184 = EDGE_CURVE('',#979,#1185,#1187,.T.);
#1185 = VERTEX_POINT('',#1186);
#1186 = CARTESIAN_POINT('',(-0.9125,-0.46875,0.465));
#1187 = LINE('',#1188,#1189);
#1188 = CARTESIAN_POINT('',(-0.9125,-0.546875,0.465));
#1189 = VECTOR('',#1190,1.);
#1190 = DIRECTION('',(0.,1.,0.));
#1191 = ORIENTED_EDGE('',*,*,#986,.T.);
#1192 = ORIENTED_EDGE('',*,*,#931,.F.);
#1193 = ORIENTED_EDGE('',*,*,#1194,.F.);
#1194 = EDGE_CURVE('',#1185,#924,#1195,.T.);
#1195 = LINE('',#1196,#1197);
#1196 = CARTESIAN_POINT('',(-2.625E-02,-0.46875,0.465));
#1197 = VECTOR('',#1198,1.);
#1198 = DIRECTION('',(1.,0.,0.));
#1199 = PLANE('',#1200);
#1200 = AXIS2_PLACEMENT_3D('',#1201,#1202,#1203);
#1201 = CARTESIAN_POINT('',(-0.965,-0.625,0.465));
#1202 = DIRECTION('',(0.,0.,1.));
#1203 = DIRECTION('',(1.,0.,-0.));
#1204 = ADVANCED_FACE('',(#1205),#1266,.F.);
#1205 = FACE_BOUND('',#1206,.F.);
#1206 = EDGE_LOOP('',(#1207,#1217,#1226,#1234,#1243,#1251,#1257,#1258,
    #1259,#1260));
#1207 = ORIENTED_EDGE('',*,*,#1208,.F.);
#1208 = EDGE_CURVE('',#1209,#1211,#1213,.T.);
#1209 = VERTEX_POINT('',#1210);
#1210 = CARTESIAN_POINT('',(-0.965,-0.625,-6.938893903907E-18));
#1211 = VERTEX_POINT('',#1212);
#1212 = CARTESIAN_POINT('',(-0.9125,-0.625,0.));
#1213 = LINE('',#1214,#1215);
#1214 = CARTESIAN_POINT('',(-1.,-0.625,0.));
#1215 = VECTOR('',#1216,1.);
#1216 = DIRECTION('',(1.,0.,0.));
#1217 = ORIENTED_EDGE('',*,*,#1218,.F.);
#1218 = EDGE_CURVE('',#1219,#1209,#1221,.T.);
#1219 = VERTEX_POINT('',#1220);
#1220 = CARTESIAN_POINT('',(-1.,-0.625,3.5E-02));
#1221 = CIRCLE('',#1222,3.5E-02);
#1222 = AXIS2_PLACEMENT_3D('',#1223,#1224,#1225);
#1223 = CARTESIAN_POINT('',(-0.965,-0.625,3.5E-02));
#1224 = DIRECTION('',(0.,-1.,0.));
#1225 = DIRECTION('',(0.,0.,1.));
#1226 = ORIENTED_EDGE('',*,*,#1227,.T.);
#1227 = EDGE_CURVE('',#1219,#1228,#1230,.T.);
#1228 = VERTEX_POINT('',#1229);
#1229 = CARTESIAN_POINT('',(-1.,-0.625,0.465));
#1230 = LINE('',#1231,#1232);
#1231 = CARTESIAN_POINT('',(-1.,-0.625,0.));
#1232 = VECTOR('',#1233,1.);
#1233 = DIRECTION('',(0.,0.,1.));
#1234 = ORIENTED_EDGE('',*,*,#1235,.T.);
#1235 = EDGE_CURVE('',#1228,#1236,#1238,.T.);
#1236 = VERTEX_POINT('',#1237);
#1237 = CARTESIAN_POINT('',(-0.965,-0.625,0.5));
#1238 = CIRCLE('',#1239,3.5E-02);
#1239 = AXIS2_PLACEMENT_3D('',#1240,#1241,#1242);
#1240 = CARTESIAN_POINT('',(-0.965,-0.625,0.465));
#1241 = DIRECTION('',(0.,1.,0.));
#1242 = DIRECTION('',(0.,-0.,1.));
#1243 = ORIENTED_EDGE('',*,*,#1244,.T.);
#1244 = EDGE_CURVE('',#1236,#1245,#1247,.T.);
#1245 = VERTEX_POINT('',#1246);
#1246 = CARTESIAN_POINT('',(-0.9125,-0.625,0.5));
#1247 = LINE('',#1248,#1249);
#1248 = CARTESIAN_POINT('',(-1.,-0.625,0.5));
#1249 = VECTOR('',#1250,1.);
#1250 = DIRECTION('',(1.,0.,0.));
#1251 = ORIENTED_EDGE('',*,*,#1252,.F.);
#1252 = EDGE_CURVE('',#979,#1245,#1253,.T.);
#1253 = LINE('',#1254,#1255);
#1254 = CARTESIAN_POINT('',(-0.9125,-0.625,0.375));
#1255 = VECTOR('',#1256,1.);
#1256 = DIRECTION('',(0.,0.,1.));
#1257 = ORIENTED_EDGE('',*,*,#978,.F.);
#1258 = ORIENTED_EDGE('',*,*,#970,.F.);
#1259 = ORIENTED_EDGE('',*,*,#960,.T.);
#1260 = ORIENTED_EDGE('',*,*,#1261,.F.);
#1261 = EDGE_CURVE('',#1211,#963,#1262,.T.);
#1262 = LINE('',#1263,#1264);
#1263 = CARTESIAN_POINT('',(-0.9125,-0.625,0.375));
#1264 = VECTOR('',#1265,1.);
#1265 = DIRECTION('',(0.,0.,1.));
#1266 = PLANE('',#1267);
#1267 = AXIS2_PLACEMENT_3D('',#1268,#1269,#1270);
#1268 = CARTESIAN_POINT('',(-1.,-0.625,0.));
#1269 = DIRECTION('',(0.,1.,0.));
#1270 = DIRECTION('',(0.,-0.,1.));
#1271 = ADVANCED_FACE('',(#1272,#1361),#1387,.F.);
#1272 = FACE_BOUND('',#1273,.F.);
#1273 = EDGE_LOOP('',(#1274,#1282,#1283,#1291,#1299,#1307,#1315,#1323,
    #1331,#1339,#1347,#1355));
#1274 = ORIENTED_EDGE('',*,*,#1275,.F.);
#1275 = EDGE_CURVE('',#963,#1276,#1278,.T.);
#1276 = VERTEX_POINT('',#1277);
#1277 = CARTESIAN_POINT('',(-0.9125,-0.46875,3.5E-02));
#1278 = LINE('',#1279,#1280);
#1279 = CARTESIAN_POINT('',(-0.9125,-0.546875,3.5E-02));
#1280 = VECTOR('',#1281,1.);
#1281 = DIRECTION('',(0.,1.,0.));
#1282 = ORIENTED_EDGE('',*,*,#1025,.T.);
#1283 = ORIENTED_EDGE('',*,*,#1284,.F.);
#1284 = EDGE_CURVE('',#1285,#1018,#1287,.T.);
#1285 = VERTEX_POINT('',#1286);
#1286 = CARTESIAN_POINT('',(0.9125,-0.46875,3.5E-02));
#1287 = LINE('',#1288,#1289);
#1288 = CARTESIAN_POINT('',(0.9125,-0.703125,3.5E-02));
#1289 = VECTOR('',#1290,1.);
#1290 = DIRECTION('',(0.,-1.,0.));
#1291 = ORIENTED_EDGE('',*,*,#1292,.F.);
#1292 = EDGE_CURVE('',#1293,#1285,#1295,.T.);
#1293 = VERTEX_POINT('',#1294);
#1294 = CARTESIAN_POINT('',(0.65,-0.46875,3.5E-02));
#1295 = LINE('',#1296,#1297);
#1296 = CARTESIAN_POINT('',(-2.625E-02,-0.46875,3.5E-02));
#1297 = VECTOR('',#1298,1.);
#1298 = DIRECTION('',(1.,0.,0.));
#1299 = ORIENTED_EDGE('',*,*,#1300,.T.);
#1300 = EDGE_CURVE('',#1293,#1301,#1303,.T.);
#1301 = VERTEX_POINT('',#1302);
#1302 = CARTESIAN_POINT('',(0.65,0.46875,3.5E-02));
#1303 = LINE('',#1304,#1305);
#1304 = CARTESIAN_POINT('',(0.65,-0.625,3.5E-02));
#1305 = VECTOR('',#1306,1.);
#1306 = DIRECTION('',(0.,1.,0.));
#1307 = ORIENTED_EDGE('',*,*,#1308,.F.);
#1308 = EDGE_CURVE('',#1309,#1301,#1311,.T.);
#1309 = VERTEX_POINT('',#1310);
#1310 = CARTESIAN_POINT('',(0.9125,0.46875,3.5E-02));
#1311 = LINE('',#1312,#1313);
#1312 = CARTESIAN_POINT('',(-0.93875,0.46875,3.5E-02));
#1313 = VECTOR('',#1314,1.);
#1314 = DIRECTION('',(-1.,0.,0.));
#1315 = ORIENTED_EDGE('',*,*,#1316,.F.);
#1316 = EDGE_CURVE('',#1317,#1309,#1319,.T.);
#1317 = VERTEX_POINT('',#1318);
#1318 = CARTESIAN_POINT('',(0.9125,0.625,3.5E-02));
#1319 = LINE('',#1320,#1321);
#1320 = CARTESIAN_POINT('',(0.9125,-7.8125E-02,3.5E-02));
#1321 = VECTOR('',#1322,1.);
#1322 = DIRECTION('',(0.,-1.,0.));
#1323 = ORIENTED_EDGE('',*,*,#1324,.F.);
#1324 = EDGE_CURVE('',#1325,#1317,#1327,.T.);
#1325 = VERTEX_POINT('',#1326);
#1326 = CARTESIAN_POINT('',(-0.9125,0.625,3.5E-02));
#1327 = LINE('',#1328,#1329);
#1328 = CARTESIAN_POINT('',(-0.965,0.625,3.5E-02));
#1329 = VECTOR('',#1330,1.);
#1330 = DIRECTION('',(1.,0.,0.));
#1331 = ORIENTED_EDGE('',*,*,#1332,.F.);
#1332 = EDGE_CURVE('',#1333,#1325,#1335,.T.);
#1333 = VERTEX_POINT('',#1334);
#1334 = CARTESIAN_POINT('',(-0.9125,0.46875,3.5E-02));
#1335 = LINE('',#1336,#1337);
#1336 = CARTESIAN_POINT('',(-0.9125,7.8125E-02,3.5E-02));
#1337 = VECTOR('',#1338,1.);
#1338 = DIRECTION('',(0.,1.,0.));
#1339 = ORIENTED_EDGE('',*,*,#1340,.F.);
#1340 = EDGE_CURVE('',#1341,#1333,#1343,.T.);
#1341 = VERTEX_POINT('',#1342);
#1342 = CARTESIAN_POINT('',(-0.65,0.46875,3.5E-02));
#1343 = LINE('',#1344,#1345);
#1344 = CARTESIAN_POINT('',(-0.93875,0.46875,3.5E-02));
#1345 = VECTOR('',#1346,1.);
#1346 = DIRECTION('',(-1.,0.,0.));
#1347 = ORIENTED_EDGE('',*,*,#1348,.F.);
#1348 = EDGE_CURVE('',#1349,#1341,#1351,.T.);
#1349 = VERTEX_POINT('',#1350);
#1350 = CARTESIAN_POINT('',(-0.65,-0.46875,3.5E-02));
#1351 = LINE('',#1352,#1353);
#1352 = CARTESIAN_POINT('',(-0.65,-0.625,3.5E-02));
#1353 = VECTOR('',#1354,1.);
#1354 = DIRECTION('',(0.,1.,0.));
#1355 = ORIENTED_EDGE('',*,*,#1356,.F.);
#1356 = EDGE_CURVE('',#1276,#1349,#1357,.T.);
#1357 = LINE('',#1358,#1359);
#1358 = CARTESIAN_POINT('',(-2.625E-02,-0.46875,3.5E-02));
#1359 = VECTOR('',#1360,1.);
#1360 = DIRECTION('',(1.,0.,0.));
#1361 = FACE_BOUND('',#1362,.F.);
#1362 = EDGE_LOOP('',(#1363,#1373,#1381));
#1363 = ORIENTED_EDGE('',*,*,#1364,.T.);
#1364 = EDGE_CURVE('',#1365,#1367,#1369,.T.);
#1365 = VERTEX_POINT('',#1366);
#1366 = CARTESIAN_POINT('',(0.433012701892,0.5,3.5E-02));
#1367 = VERTEX_POINT('',#1368);
#1368 = CARTESIAN_POINT('',(0.433012701892,-0.5,3.5E-02));
#1369 = LINE('',#1370,#1371);
#1370 = CARTESIAN_POINT('',(0.433012701892,0.5,3.5E-02));
#1371 = VECTOR('',#1372,1.);
#1372 = DIRECTION('',(0.,-1.,0.));
#1373 = ORIENTED_EDGE('',*,*,#1374,.T.);
#1374 = EDGE_CURVE('',#1367,#1375,#1377,.T.);
#1375 = VERTEX_POINT('',#1376);
#1376 = CARTESIAN_POINT('',(-0.433012701892,0.,3.5E-02));
#1377 = LINE('',#1378,#1379);
#1378 = CARTESIAN_POINT('',(0.433012701892,-0.5,3.5E-02));
#1379 = VECTOR('',#1380,1.);
#1380 = DIRECTION('',(-0.866025403784,0.5,0.));
#1381 = ORIENTED_EDGE('',*,*,#1382,.T.);
#1382 = EDGE_CURVE('',#1375,#1365,#1383,.T.);
#1383 = LINE('',#1384,#1385);
#1384 = CARTESIAN_POINT('',(-0.433012701892,0.,3.5E-02));
#1385 = VECTOR('',#1386,1.);
#1386 = DIRECTION('',(0.866025403784,0.5,0.));
#1387 = PLANE('',#1388);
#1388 = AXIS2_PLACEMENT_3D('',#1389,#1390,#1391);
#1389 = CARTESIAN_POINT('',(-0.965,-0.625,3.5E-02));
#1390 = DIRECTION('',(0.,0.,1.));
#1391 = DIRECTION('',(1.,0.,-0.));
#1392 = ADVANCED_FACE('',(#1393),#1454,.F.);
#1393 = FACE_BOUND('',#1394,.F.);
#1394 = EDGE_LOOP('',(#1395,#1405,#1411,#1412,#1413,#1414,#1422,#1430,
    #1439,#1447));
#1395 = ORIENTED_EDGE('',*,*,#1396,.F.);
#1396 = EDGE_CURVE('',#1397,#1399,#1401,.T.);
#1397 = VERTEX_POINT('',#1398);
#1398 = CARTESIAN_POINT('',(0.9125,-0.625,0.));
#1399 = VERTEX_POINT('',#1400);
#1400 = CARTESIAN_POINT('',(0.965,-0.625,-6.938893903907E-18));
#1401 = LINE('',#1402,#1403);
#1402 = CARTESIAN_POINT('',(0.65,-0.625,0.));
#1403 = VECTOR('',#1404,1.);
#1404 = DIRECTION('',(1.,0.,0.));
#1405 = ORIENTED_EDGE('',*,*,#1406,.F.);
#1406 = EDGE_CURVE('',#1018,#1397,#1407,.T.);
#1407 = LINE('',#1408,#1409);
#1408 = CARTESIAN_POINT('',(0.9125,-0.625,0.375));
#1409 = VECTOR('',#1410,1.);
#1410 = DIRECTION('',(0.,0.,-1.));
#1411 = ORIENTED_EDGE('',*,*,#1017,.T.);
#1412 = ORIENTED_EDGE('',*,*,#1009,.T.);
#1413 = ORIENTED_EDGE('',*,*,#1001,.F.);
#1414 = ORIENTED_EDGE('',*,*,#1415,.F.);
#1415 = EDGE_CURVE('',#1416,#994,#1418,.T.);
#1416 = VERTEX_POINT('',#1417);
#1417 = CARTESIAN_POINT('',(0.9125,-0.625,0.5));
#1418 = LINE('',#1419,#1420);
#1419 = CARTESIAN_POINT('',(0.9125,-0.625,0.375));
#1420 = VECTOR('',#1421,1.);
#1421 = DIRECTION('',(0.,0.,-1.));
#1422 = ORIENTED_EDGE('',*,*,#1423,.T.);
#1423 = EDGE_CURVE('',#1416,#1424,#1426,.T.);
#1424 = VERTEX_POINT('',#1425);
#1425 = CARTESIAN_POINT('',(0.965,-0.625,0.5));
#1426 = LINE('',#1427,#1428);
#1427 = CARTESIAN_POINT('',(0.65,-0.625,0.5));
#1428 = VECTOR('',#1429,1.);
#1429 = DIRECTION('',(1.,0.,0.));
#1430 = ORIENTED_EDGE('',*,*,#1431,.F.);
#1431 = EDGE_CURVE('',#1432,#1424,#1434,.T.);
#1432 = VERTEX_POINT('',#1433);
#1433 = CARTESIAN_POINT('',(1.,-0.625,0.465));
#1434 = CIRCLE('',#1435,3.5E-02);
#1435 = AXIS2_PLACEMENT_3D('',#1436,#1437,#1438);
#1436 = CARTESIAN_POINT('',(0.965,-0.625,0.465));
#1437 = DIRECTION('',(0.,-1.,0.));
#1438 = DIRECTION('',(0.,0.,1.));
#1439 = ORIENTED_EDGE('',*,*,#1440,.F.);
#1440 = EDGE_CURVE('',#1441,#1432,#1443,.T.);
#1441 = VERTEX_POINT('',#1442);
#1442 = CARTESIAN_POINT('',(1.,-0.625,3.5E-02));
#1443 = LINE('',#1444,#1445);
#1444 = CARTESIAN_POINT('',(1.,-0.625,0.));
#1445 = VECTOR('',#1446,1.);
#1446 = DIRECTION('',(0.,0.,1.));
#1447 = ORIENTED_EDGE('',*,*,#1448,.T.);
#1448 = EDGE_CURVE('',#1441,#1399,#1449,.T.);
#1449 = CIRCLE('',#1450,3.5E-02);
#1450 = AXIS2_PLACEMENT_3D('',#1451,#1452,#1453);
#1451 = CARTESIAN_POINT('',(0.965,-0.625,3.5E-02));
#1452 = DIRECTION('',(0.,1.,0.));
#1453 = DIRECTION('',(0.,-0.,1.));
#1454 = PLANE('',#1455);
#1455 = AXIS2_PLACEMENT_3D('',#1456,#1457,#1458);
#1456 = CARTESIAN_POINT('',(0.65,-0.625,0.));
#1457 = DIRECTION('',(0.,1.,0.));
#1458 = DIRECTION('',(0.,-0.,1.));
#1459 = ADVANCED_FACE('',(#1460),#1478,.T.);
#1460 = FACE_BOUND('',#1461,.T.);
#1461 = EDGE_LOOP('',(#1462,#1470,#1471,#1472));
#1462 = ORIENTED_EDGE('',*,*,#1463,.F.);
#1463 = EDGE_CURVE('',#1066,#1464,#1466,.T.);
#1464 = VERTEX_POINT('',#1465);
#1465 = CARTESIAN_POINT('',(0.9125,-0.46875,0.465));
#1466 = LINE('',#1467,#1468);
#1467 = CARTESIAN_POINT('',(-2.625E-02,-0.46875,0.465));
#1468 = VECTOR('',#1469,1.);
#1469 = DIRECTION('',(1.,0.,0.));
#1470 = ORIENTED_EDGE('',*,*,#1065,.T.);
#1471 = ORIENTED_EDGE('',*,*,#993,.T.);
#1472 = ORIENTED_EDGE('',*,*,#1473,.F.);
#1473 = EDGE_CURVE('',#1464,#994,#1474,.T.);
#1474 = LINE('',#1475,#1476);
#1475 = CARTESIAN_POINT('',(0.9125,-0.703125,0.465));
#1476 = VECTOR('',#1477,1.);
#1477 = DIRECTION('',(0.,-1.,0.));
#1478 = PLANE('',#1479);
#1479 = AXIS2_PLACEMENT_3D('',#1480,#1481,#1482);
#1480 = CARTESIAN_POINT('',(-0.965,-0.625,0.465));
#1481 = DIRECTION('',(0.,0.,1.));
#1482 = DIRECTION('',(1.,0.,-0.));
#1483 = ADVANCED_FACE('',(#1484),#1509,.T.);
#1484 = FACE_BOUND('',#1485,.T.);
#1485 = EDGE_LOOP('',(#1486,#1494,#1495,#1503));
#1486 = ORIENTED_EDGE('',*,*,#1487,.F.);
#1487 = EDGE_CURVE('',#1082,#1488,#1490,.T.);
#1488 = VERTEX_POINT('',#1489);
#1489 = CARTESIAN_POINT('',(0.9125,0.625,0.465));
#1490 = LINE('',#1491,#1492);
#1491 = CARTESIAN_POINT('',(-0.965,0.625,0.465));
#1492 = VECTOR('',#1493,1.);
#1493 = DIRECTION('',(1.,0.,0.));
#1494 = ORIENTED_EDGE('',*,*,#1081,.T.);
#1495 = ORIENTED_EDGE('',*,*,#1496,.F.);
#1496 = EDGE_CURVE('',#1497,#1074,#1499,.T.);
#1497 = VERTEX_POINT('',#1498);
#1498 = CARTESIAN_POINT('',(0.9125,0.46875,0.465));
#1499 = LINE('',#1500,#1501);
#1500 = CARTESIAN_POINT('',(-0.93875,0.46875,0.465));
#1501 = VECTOR('',#1502,1.);
#1502 = DIRECTION('',(-1.,0.,0.));
#1503 = ORIENTED_EDGE('',*,*,#1504,.F.);
#1504 = EDGE_CURVE('',#1488,#1497,#1505,.T.);
#1505 = LINE('',#1506,#1507);
#1506 = CARTESIAN_POINT('',(0.9125,-7.8125E-02,0.465));
#1507 = VECTOR('',#1508,1.);
#1508 = DIRECTION('',(0.,-1.,0.));
#1509 = PLANE('',#1510);
#1510 = AXIS2_PLACEMENT_3D('',#1511,#1512,#1513);
#1511 = CARTESIAN_POINT('',(-0.965,-0.625,0.465));
#1512 = DIRECTION('',(0.,0.,1.));
#1513 = DIRECTION('',(1.,0.,-0.));
#1514 = ADVANCED_FACE('',(#1515),#1542,.T.);
#1515 = FACE_BOUND('',#1516,.T.);
#1516 = EDGE_LOOP('',(#1517,#1518,#1527,#1535));
#1517 = ORIENTED_EDGE('',*,*,#1073,.T.);
#1518 = ORIENTED_EDGE('',*,*,#1519,.T.);
#1519 = EDGE_CURVE('',#1066,#1520,#1522,.T.);
#1520 = VERTEX_POINT('',#1521);
#1521 = CARTESIAN_POINT('',(0.685,-0.46875,0.5));
#1522 = CIRCLE('',#1523,3.5E-02);
#1523 = AXIS2_PLACEMENT_3D('',#1524,#1525,#1526);
#1524 = CARTESIAN_POINT('',(0.685,-0.46875,0.465));
#1525 = DIRECTION('',(0.,1.,-0.));
#1526 = DIRECTION('',(-1.,0.,0.));
#1527 = ORIENTED_EDGE('',*,*,#1528,.T.);
#1528 = EDGE_CURVE('',#1520,#1529,#1531,.T.);
#1529 = VERTEX_POINT('',#1530);
#1530 = CARTESIAN_POINT('',(0.685,0.46875,0.5));
#1531 = LINE('',#1532,#1533);
#1532 = CARTESIAN_POINT('',(0.685,-0.625,0.5));
#1533 = VECTOR('',#1534,1.);
#1534 = DIRECTION('',(0.,1.,0.));
#1535 = ORIENTED_EDGE('',*,*,#1536,.F.);
#1536 = EDGE_CURVE('',#1074,#1529,#1537,.T.);
#1537 = CIRCLE('',#1538,3.5E-02);
#1538 = AXIS2_PLACEMENT_3D('',#1539,#1540,#1541);
#1539 = CARTESIAN_POINT('',(0.685,0.46875,0.465));
#1540 = DIRECTION('',(0.,1.,-0.));
#1541 = DIRECTION('',(-1.,0.,0.));
#1542 = CYLINDRICAL_SURFACE('',#1543,3.5E-02);
#1543 = AXIS2_PLACEMENT_3D('',#1544,#1545,#1546);
#1544 = CARTESIAN_POINT('',(0.685,-0.625,0.465));
#1545 = DIRECTION('',(0.,1.,0.));
#1546 = DIRECTION('',(-1.,0.,0.));
#1547 = ADVANCED_FACE('',(#1548),#1598,.T.);
#1548 = FACE_BOUND('',#1549,.T.);
#1549 = EDGE_LOOP('',(#1550,#1558,#1566,#1572,#1573,#1574,#1575,#1583,
    #1591,#1597));
#1550 = ORIENTED_EDGE('',*,*,#1551,.F.);
#1551 = EDGE_CURVE('',#1552,#1325,#1554,.T.);
#1552 = VERTEX_POINT('',#1553);
#1553 = CARTESIAN_POINT('',(-0.965,0.625,3.5E-02));
#1554 = LINE('',#1555,#1556);
#1555 = CARTESIAN_POINT('',(-0.965,0.625,3.5E-02));
#1556 = VECTOR('',#1557,1.);
#1557 = DIRECTION('',(1.,0.,0.));
#1558 = ORIENTED_EDGE('',*,*,#1559,.T.);
#1559 = EDGE_CURVE('',#1552,#1560,#1562,.T.);
#1560 = VERTEX_POINT('',#1561);
#1561 = CARTESIAN_POINT('',(-0.965,0.625,0.465));
#1562 = LINE('',#1563,#1564);
#1563 = CARTESIAN_POINT('',(-0.965,0.625,3.5E-02));
#1564 = VECTOR('',#1565,1.);
#1565 = DIRECTION('',(0.,0.,1.));
#1566 = ORIENTED_EDGE('',*,*,#1567,.T.);
#1567 = EDGE_CURVE('',#1560,#1104,#1568,.T.);
#1568 = LINE('',#1569,#1570);
#1569 = CARTESIAN_POINT('',(-0.965,0.625,0.465));
#1570 = VECTOR('',#1571,1.);
#1571 = DIRECTION('',(1.,0.,0.));
#1572 = ORIENTED_EDGE('',*,*,#1103,.T.);
#1573 = ORIENTED_EDGE('',*,*,#1137,.F.);
#1574 = ORIENTED_EDGE('',*,*,#1487,.T.);
#1575 = ORIENTED_EDGE('',*,*,#1576,.T.);
#1576 = EDGE_CURVE('',#1488,#1577,#1579,.T.);
#1577 = VERTEX_POINT('',#1578);
#1578 = CARTESIAN_POINT('',(0.965,0.625,0.465));
#1579 = LINE('',#1580,#1581);
#1580 = CARTESIAN_POINT('',(-0.965,0.625,0.465));
#1581 = VECTOR('',#1582,1.);
#1582 = DIRECTION('',(1.,0.,0.));
#1583 = ORIENTED_EDGE('',*,*,#1584,.F.);
#1584 = EDGE_CURVE('',#1585,#1577,#1587,.T.);
#1585 = VERTEX_POINT('',#1586);
#1586 = CARTESIAN_POINT('',(0.965,0.625,3.5E-02));
#1587 = LINE('',#1588,#1589);
#1588 = CARTESIAN_POINT('',(0.965,0.625,3.5E-02));
#1589 = VECTOR('',#1590,1.);
#1590 = DIRECTION('',(0.,0.,1.));
#1591 = ORIENTED_EDGE('',*,*,#1592,.F.);
#1592 = EDGE_CURVE('',#1317,#1585,#1593,.T.);
#1593 = LINE('',#1594,#1595);
#1594 = CARTESIAN_POINT('',(-0.965,0.625,3.5E-02));
#1595 = VECTOR('',#1596,1.);
#1596 = DIRECTION('',(1.,0.,0.));
#1597 = ORIENTED_EDGE('',*,*,#1324,.F.);
#1598 = PLANE('',#1599);
#1599 = AXIS2_PLACEMENT_3D('',#1600,#1601,#1602);
#1600 = CARTESIAN_POINT('',(-0.965,0.625,3.5E-02));
#1601 = DIRECTION('',(0.,1.,0.));
#1602 = DIRECTION('',(0.,-0.,1.));
#1603 = ADVANCED_FACE('',(#1604),#1622,.F.);
#1604 = FACE_BOUND('',#1605,.F.);
#1605 = EDGE_LOOP('',(#1606,#1614,#1620,#1621));
#1606 = ORIENTED_EDGE('',*,*,#1607,.F.);
#1607 = EDGE_CURVE('',#1608,#1152,#1610,.T.);
#1608 = VERTEX_POINT('',#1609);
#1609 = CARTESIAN_POINT('',(-0.9125,0.46875,0.5));
#1610 = LINE('',#1611,#1612);
#1611 = CARTESIAN_POINT('',(-0.95625,0.46875,0.5));
#1612 = VECTOR('',#1613,1.);
#1613 = DIRECTION('',(1.,0.,0.));
#1614 = ORIENTED_EDGE('',*,*,#1615,.T.);
#1615 = EDGE_CURVE('',#1608,#1112,#1616,.T.);
#1616 = LINE('',#1617,#1618);
#1617 = CARTESIAN_POINT('',(-0.9125,0.46875,0.75));
#1618 = VECTOR('',#1619,1.);
#1619 = DIRECTION('',(-0.,-0.,-1.));
#1620 = ORIENTED_EDGE('',*,*,#1119,.F.);
#1621 = ORIENTED_EDGE('',*,*,#1151,.F.);
#1622 = PLANE('',#1623);
#1623 = AXIS2_PLACEMENT_3D('',#1624,#1625,#1626);
#1624 = CARTESIAN_POINT('',(-0.9125,0.46875,0.75));
#1625 = DIRECTION('',(0.,-1.,0.));
#1626 = DIRECTION('',(1.,0.,0.));
#1627 = ADVANCED_FACE('',(#1628),#1646,.F.);
#1628 = FACE_BOUND('',#1629,.F.);
#1629 = EDGE_LOOP('',(#1630,#1631,#1639,#1645));
#1630 = ORIENTED_EDGE('',*,*,#1615,.F.);
#1631 = ORIENTED_EDGE('',*,*,#1632,.F.);
#1632 = EDGE_CURVE('',#1633,#1608,#1635,.T.);
#1633 = VERTEX_POINT('',#1634);
#1634 = CARTESIAN_POINT('',(-0.9125,0.625,0.5));
#1635 = LINE('',#1636,#1637);
#1636 = CARTESIAN_POINT('',(-0.9125,7.8125E-02,0.5));
#1637 = VECTOR('',#1638,1.);
#1638 = DIRECTION('',(0.,-1.,0.));
#1639 = ORIENTED_EDGE('',*,*,#1640,.F.);
#1640 = EDGE_CURVE('',#1104,#1633,#1641,.T.);
#1641 = LINE('',#1642,#1643);
#1642 = CARTESIAN_POINT('',(-0.9125,0.625,0.375));
#1643 = VECTOR('',#1644,1.);
#1644 = DIRECTION('',(0.,0.,1.));
#1645 = ORIENTED_EDGE('',*,*,#1111,.F.);
#1646 = PLANE('',#1647);
#1647 = AXIS2_PLACEMENT_3D('',#1648,#1649,#1650);
#1648 = CARTESIAN_POINT('',(-0.9125,0.78125,0.75));
#1649 = DIRECTION('',(-1.,0.,0.));
#1650 = DIRECTION('',(0.,-1.,0.));
#1651 = ADVANCED_FACE('',(#1652),#1670,.F.);
#1652 = FACE_BOUND('',#1653,.F.);
#1653 = EDGE_LOOP('',(#1654,#1662,#1668,#1669));
#1654 = ORIENTED_EDGE('',*,*,#1655,.F.);
#1655 = EDGE_CURVE('',#1656,#1185,#1658,.T.);
#1656 = VERTEX_POINT('',#1657);
#1657 = CARTESIAN_POINT('',(-0.9125,-0.46875,0.5));
#1658 = LINE('',#1659,#1660);
#1659 = CARTESIAN_POINT('',(-0.9125,-0.46875,0.75));
#1660 = VECTOR('',#1661,1.);
#1661 = DIRECTION('',(-0.,-0.,-1.));
#1662 = ORIENTED_EDGE('',*,*,#1663,.F.);
#1663 = EDGE_CURVE('',#1161,#1656,#1664,.T.);
#1664 = LINE('',#1665,#1666);
#1665 = CARTESIAN_POINT('',(-4.375E-02,-0.46875,0.5));
#1666 = VECTOR('',#1667,1.);
#1667 = DIRECTION('',(-1.,0.,0.));
#1668 = ORIENTED_EDGE('',*,*,#1168,.T.);
#1669 = ORIENTED_EDGE('',*,*,#1194,.F.);
#1670 = PLANE('',#1671);
#1671 = AXIS2_PLACEMENT_3D('',#1672,#1673,#1674);
#1672 = CARTESIAN_POINT('',(0.9125,-0.46875,0.75));
#1673 = DIRECTION('',(0.,1.,0.));
#1674 = DIRECTION('',(-1.,0.,0.));
#1675 = ADVANCED_FACE('',(#1676),#1703,.T.);
#1676 = FACE_BOUND('',#1677,.T.);
#1677 = EDGE_LOOP('',(#1678,#1686,#1692,#1693,#1699,#1700,#1701,#1702));
#1678 = ORIENTED_EDGE('',*,*,#1679,.F.);
#1679 = EDGE_CURVE('',#1680,#1633,#1682,.T.);
#1680 = VERTEX_POINT('',#1681);
#1681 = CARTESIAN_POINT('',(-0.965,0.625,0.5));
#1682 = LINE('',#1683,#1684);
#1683 = CARTESIAN_POINT('',(-1.,0.625,0.5));
#1684 = VECTOR('',#1685,1.);
#1685 = DIRECTION('',(1.,0.,0.));
#1686 = ORIENTED_EDGE('',*,*,#1687,.F.);
#1687 = EDGE_CURVE('',#1236,#1680,#1688,.T.);
#1688 = LINE('',#1689,#1690);
#1689 = CARTESIAN_POINT('',(-0.965,-0.625,0.5));
#1690 = VECTOR('',#1691,1.);
#1691 = DIRECTION('',(0.,1.,0.));
#1692 = ORIENTED_EDGE('',*,*,#1244,.T.);
#1693 = ORIENTED_EDGE('',*,*,#1694,.F.);
#1694 = EDGE_CURVE('',#1656,#1245,#1695,.T.);
#1695 = LINE('',#1696,#1697);
#1696 = CARTESIAN_POINT('',(-0.9125,-0.546875,0.5));
#1697 = VECTOR('',#1698,1.);
#1698 = DIRECTION('',(0.,-1.,0.));
#1699 = ORIENTED_EDGE('',*,*,#1663,.F.);
#1700 = ORIENTED_EDGE('',*,*,#1160,.T.);
#1701 = ORIENTED_EDGE('',*,*,#1607,.F.);
#1702 = ORIENTED_EDGE('',*,*,#1632,.F.);
#1703 = PLANE('',#1704);
#1704 = AXIS2_PLACEMENT_3D('',#1705,#1706,#1707);
#1705 = CARTESIAN_POINT('',(-1.,-0.625,0.5));
#1706 = DIRECTION('',(0.,0.,1.));
#1707 = DIRECTION('',(1.,0.,-0.));
#1708 = ADVANCED_FACE('',(#1709),#1715,.F.);
#1709 = FACE_BOUND('',#1710,.F.);
#1710 = EDGE_LOOP('',(#1711,#1712,#1713,#1714));
#1711 = ORIENTED_EDGE('',*,*,#1694,.F.);
#1712 = ORIENTED_EDGE('',*,*,#1655,.T.);
#1713 = ORIENTED_EDGE('',*,*,#1184,.F.);
#1714 = ORIENTED_EDGE('',*,*,#1252,.T.);
#1715 = PLANE('',#1716);
#1716 = AXIS2_PLACEMENT_3D('',#1717,#1718,#1719);
#1717 = CARTESIAN_POINT('',(-0.9125,-0.46875,0.75));
#1718 = DIRECTION('',(-1.,0.,0.));
#1719 = DIRECTION('',(0.,-1.,0.));
#1720 = ADVANCED_FACE('',(#1721),#1778,.F.);
#1721 = FACE_BOUND('',#1722,.F.);
#1722 = EDGE_LOOP('',(#1723,#1733,#1739,#1740,#1748,#1756,#1764,#1772));
#1723 = ORIENTED_EDGE('',*,*,#1724,.F.);
#1724 = EDGE_CURVE('',#1725,#1727,#1729,.T.);
#1725 = VERTEX_POINT('',#1726);
#1726 = CARTESIAN_POINT('',(-0.965,0.625,-6.938893903907E-18));
#1727 = VERTEX_POINT('',#1728);
#1728 = CARTESIAN_POINT('',(-0.9125,0.625,0.));
#1729 = LINE('',#1730,#1731);
#1730 = CARTESIAN_POINT('',(-1.,0.625,0.));
#1731 = VECTOR('',#1732,1.);
#1732 = DIRECTION('',(1.,0.,0.));
#1733 = ORIENTED_EDGE('',*,*,#1734,.F.);
#1734 = EDGE_CURVE('',#1209,#1725,#1735,.T.);
#1735 = LINE('',#1736,#1737);
#1736 = CARTESIAN_POINT('',(-0.965,-0.625,-6.938893903907E-18));
#1737 = VECTOR('',#1738,1.);
#1738 = DIRECTION('',(0.,1.,0.));
#1739 = ORIENTED_EDGE('',*,*,#1208,.T.);
#1740 = ORIENTED_EDGE('',*,*,#1741,.F.);
#1741 = EDGE_CURVE('',#1742,#1211,#1744,.T.);
#1742 = VERTEX_POINT('',#1743);
#1743 = CARTESIAN_POINT('',(-0.9125,-0.46875,0.));
#1744 = LINE('',#1745,#1746);
#1745 = CARTESIAN_POINT('',(-0.9125,-0.546875,0.));
#1746 = VECTOR('',#1747,1.);
#1747 = DIRECTION('',(0.,-1.,0.));
#1748 = ORIENTED_EDGE('',*,*,#1749,.F.);
#1749 = EDGE_CURVE('',#1750,#1742,#1752,.T.);
#1750 = VERTEX_POINT('',#1751);
#1751 = CARTESIAN_POINT('',(-0.685,-0.46875,-6.938893903907E-18));
#1752 = LINE('',#1753,#1754);
#1753 = CARTESIAN_POINT('',(-4.375E-02,-0.46875,0.));
#1754 = VECTOR('',#1755,1.);
#1755 = DIRECTION('',(-1.,0.,0.));
#1756 = ORIENTED_EDGE('',*,*,#1757,.T.);
#1757 = EDGE_CURVE('',#1750,#1758,#1760,.T.);
#1758 = VERTEX_POINT('',#1759);
#1759 = CARTESIAN_POINT('',(-0.685,0.46875,-6.938893903907E-18));
#1760 = LINE('',#1761,#1762);
#1761 = CARTESIAN_POINT('',(-0.685,-0.625,-6.938893903907E-18));
#1762 = VECTOR('',#1763,1.);
#1763 = DIRECTION('',(0.,1.,0.));
#1764 = ORIENTED_EDGE('',*,*,#1765,.F.);
#1765 = EDGE_CURVE('',#1766,#1758,#1768,.T.);
#1766 = VERTEX_POINT('',#1767);
#1767 = CARTESIAN_POINT('',(-0.9125,0.46875,0.));
#1768 = LINE('',#1769,#1770);
#1769 = CARTESIAN_POINT('',(-0.95625,0.46875,0.));
#1770 = VECTOR('',#1771,1.);
#1771 = DIRECTION('',(1.,0.,0.));
#1772 = ORIENTED_EDGE('',*,*,#1773,.F.);
#1773 = EDGE_CURVE('',#1727,#1766,#1774,.T.);
#1774 = LINE('',#1775,#1776);
#1775 = CARTESIAN_POINT('',(-0.9125,7.8125E-02,0.));
#1776 = VECTOR('',#1777,1.);
#1777 = DIRECTION('',(0.,-1.,0.));
#1778 = PLANE('',#1779);
#1779 = AXIS2_PLACEMENT_3D('',#1780,#1781,#1782);
#1780 = CARTESIAN_POINT('',(-1.,-0.625,0.));
#1781 = DIRECTION('',(0.,0.,1.));
#1782 = DIRECTION('',(1.,0.,-0.));
#1783 = ADVANCED_FACE('',(#1784),#1803,.T.);
#1784 = FACE_BOUND('',#1785,.T.);
#1785 = EDGE_LOOP('',(#1786,#1794,#1801,#1802));
#1786 = ORIENTED_EDGE('',*,*,#1787,.T.);
#1787 = EDGE_CURVE('',#1219,#1788,#1790,.T.);
#1788 = VERTEX_POINT('',#1789);
#1789 = CARTESIAN_POINT('',(-1.,0.625,3.5E-02));
#1790 = LINE('',#1791,#1792);
#1791 = CARTESIAN_POINT('',(-1.,-0.625,3.5E-02));
#1792 = VECTOR('',#1793,1.);
#1793 = DIRECTION('',(0.,1.,0.));
#1794 = ORIENTED_EDGE('',*,*,#1795,.T.);
#1795 = EDGE_CURVE('',#1788,#1725,#1796,.T.);
#1796 = CIRCLE('',#1797,3.5E-02);
#1797 = AXIS2_PLACEMENT_3D('',#1798,#1799,#1800);
#1798 = CARTESIAN_POINT('',(-0.965,0.625,3.5E-02));
#1799 = DIRECTION('',(0.,-1.,0.));
#1800 = DIRECTION('',(0.,0.,1.));
#1801 = ORIENTED_EDGE('',*,*,#1734,.F.);
#1802 = ORIENTED_EDGE('',*,*,#1218,.F.);
#1803 = CYLINDRICAL_SURFACE('',#1804,3.5E-02);
#1804 = AXIS2_PLACEMENT_3D('',#1805,#1806,#1807);
#1805 = CARTESIAN_POINT('',(-0.965,-0.625,3.5E-02));
#1806 = DIRECTION('',(0.,1.,0.));
#1807 = DIRECTION('',(-1.,0.,0.));
#1808 = ADVANCED_FACE('',(#1809),#1820,.F.);
#1809 = FACE_BOUND('',#1810,.F.);
#1810 = EDGE_LOOP('',(#1811,#1812,#1818,#1819));
#1811 = ORIENTED_EDGE('',*,*,#1275,.T.);
#1812 = ORIENTED_EDGE('',*,*,#1813,.T.);
#1813 = EDGE_CURVE('',#1276,#1742,#1814,.T.);
#1814 = LINE('',#1815,#1816);
#1815 = CARTESIAN_POINT('',(-0.9125,-0.46875,0.75));
#1816 = VECTOR('',#1817,1.);
#1817 = DIRECTION('',(-0.,-0.,-1.));
#1818 = ORIENTED_EDGE('',*,*,#1741,.T.);
#1819 = ORIENTED_EDGE('',*,*,#1261,.T.);
#1820 = PLANE('',#1821);
#1821 = AXIS2_PLACEMENT_3D('',#1822,#1823,#1824);
#1822 = CARTESIAN_POINT('',(-0.9125,-0.46875,0.75));
#1823 = DIRECTION('',(-1.,0.,0.));
#1824 = DIRECTION('',(0.,-1.,0.));
#1825 = ADVANCED_FACE('',(#1826),#1844,.F.);
#1826 = FACE_BOUND('',#1827,.F.);
#1827 = EDGE_LOOP('',(#1828,#1829,#1830,#1838));
#1828 = ORIENTED_EDGE('',*,*,#1227,.F.);
#1829 = ORIENTED_EDGE('',*,*,#1787,.T.);
#1830 = ORIENTED_EDGE('',*,*,#1831,.T.);
#1831 = EDGE_CURVE('',#1788,#1832,#1834,.T.);
#1832 = VERTEX_POINT('',#1833);
#1833 = CARTESIAN_POINT('',(-1.,0.625,0.465));
#1834 = LINE('',#1835,#1836);
#1835 = CARTESIAN_POINT('',(-1.,0.625,0.));
#1836 = VECTOR('',#1837,1.);
#1837 = DIRECTION('',(0.,0.,1.));
#1838 = ORIENTED_EDGE('',*,*,#1839,.F.);
#1839 = EDGE_CURVE('',#1228,#1832,#1840,.T.);
#1840 = LINE('',#1841,#1842);
#1841 = CARTESIAN_POINT('',(-1.,-0.625,0.465));
#1842 = VECTOR('',#1843,1.);
#1843 = DIRECTION('',(0.,1.,0.));
#1844 = PLANE('',#1845);
#1845 = AXIS2_PLACEMENT_3D('',#1846,#1847,#1848);
#1846 = CARTESIAN_POINT('',(-1.,-0.625,0.));
#1847 = DIRECTION('',(1.,0.,0.));
#1848 = DIRECTION('',(0.,0.,1.));
#1849 = ADVANCED_FACE('',(#1850),#1862,.T.);
#1850 = FACE_BOUND('',#1851,.T.);
#1851 = EDGE_LOOP('',(#1852,#1853,#1854,#1861));
#1852 = ORIENTED_EDGE('',*,*,#1235,.T.);
#1853 = ORIENTED_EDGE('',*,*,#1687,.T.);
#1854 = ORIENTED_EDGE('',*,*,#1855,.F.);
#1855 = EDGE_CURVE('',#1832,#1680,#1856,.T.);
#1856 = CIRCLE('',#1857,3.5E-02);
#1857 = AXIS2_PLACEMENT_3D('',#1858,#1859,#1860);
#1858 = CARTESIAN_POINT('',(-0.965,0.625,0.465));
#1859 = DIRECTION('',(0.,1.,0.));
#1860 = DIRECTION('',(0.,-0.,1.));
#1861 = ORIENTED_EDGE('',*,*,#1839,.F.);
#1862 = CYLINDRICAL_SURFACE('',#1863,3.5E-02);
#1863 = AXIS2_PLACEMENT_3D('',#1864,#1865,#1866);
#1864 = CARTESIAN_POINT('',(-0.965,-0.625,0.465));
#1865 = DIRECTION('',(0.,1.,0.));
#1866 = DIRECTION('',(-1.,0.,0.));
#1867 = ADVANCED_FACE('',(#1868),#1880,.F.);
#1868 = FACE_BOUND('',#1869,.F.);
#1869 = EDGE_LOOP('',(#1870,#1871,#1872,#1879));
#1870 = ORIENTED_EDGE('',*,*,#1813,.F.);
#1871 = ORIENTED_EDGE('',*,*,#1356,.T.);
#1872 = ORIENTED_EDGE('',*,*,#1873,.T.);
#1873 = EDGE_CURVE('',#1349,#1750,#1874,.T.);
#1874 = CIRCLE('',#1875,3.5E-02);
#1875 = AXIS2_PLACEMENT_3D('',#1876,#1877,#1878);
#1876 = CARTESIAN_POINT('',(-0.685,-0.46875,3.5E-02));
#1877 = DIRECTION('',(-0.,1.,0.));
#1878 = DIRECTION('',(1.,0.,0.));
#1879 = ORIENTED_EDGE('',*,*,#1749,.T.);
#1880 = PLANE('',#1881);
#1881 = AXIS2_PLACEMENT_3D('',#1882,#1883,#1884);
#1882 = CARTESIAN_POINT('',(0.9125,-0.46875,0.75));
#1883 = DIRECTION('',(0.,1.,0.));
#1884 = DIRECTION('',(-1.,0.,0.));
#1885 = ADVANCED_FACE('',(#1886),#1898,.T.);
#1886 = FACE_BOUND('',#1887,.T.);
#1887 = EDGE_LOOP('',(#1888,#1889,#1890,#1891));
#1888 = ORIENTED_EDGE('',*,*,#1348,.F.);
#1889 = ORIENTED_EDGE('',*,*,#1873,.T.);
#1890 = ORIENTED_EDGE('',*,*,#1757,.T.);
#1891 = ORIENTED_EDGE('',*,*,#1892,.F.);
#1892 = EDGE_CURVE('',#1341,#1758,#1893,.T.);
#1893 = CIRCLE('',#1894,3.5E-02);
#1894 = AXIS2_PLACEMENT_3D('',#1895,#1896,#1897);
#1895 = CARTESIAN_POINT('',(-0.685,0.46875,3.5E-02));
#1896 = DIRECTION('',(-0.,1.,0.));
#1897 = DIRECTION('',(1.,0.,0.));
#1898 = CYLINDRICAL_SURFACE('',#1899,3.5E-02);
#1899 = AXIS2_PLACEMENT_3D('',#1900,#1901,#1902);
#1900 = CARTESIAN_POINT('',(-0.685,-0.625,3.5E-02));
#1901 = DIRECTION('',(0.,1.,0.));
#1902 = DIRECTION('',(1.,0.,0.));
#1903 = ADVANCED_FACE('',(#1904),#1915,.F.);
#1904 = FACE_BOUND('',#1905,.F.);
#1905 = EDGE_LOOP('',(#1906,#1907,#1913,#1914));
#1906 = ORIENTED_EDGE('',*,*,#1340,.T.);
#1907 = ORIENTED_EDGE('',*,*,#1908,.T.);
#1908 = EDGE_CURVE('',#1333,#1766,#1909,.T.);
#1909 = LINE('',#1910,#1911);
#1910 = CARTESIAN_POINT('',(-0.9125,0.46875,0.75));
#1911 = VECTOR('',#1912,1.);
#1912 = DIRECTION('',(-0.,-0.,-1.));
#1913 = ORIENTED_EDGE('',*,*,#1765,.T.);
#1914 = ORIENTED_EDGE('',*,*,#1892,.F.);
#1915 = PLANE('',#1916);
#1916 = AXIS2_PLACEMENT_3D('',#1917,#1918,#1919);
#1917 = CARTESIAN_POINT('',(-0.9125,0.46875,0.75));
#1918 = DIRECTION('',(0.,-1.,0.));
#1919 = DIRECTION('',(1.,0.,0.));
#1920 = ADVANCED_FACE('',(#1921),#1932,.F.);
#1921 = FACE_BOUND('',#1922,.F.);
#1922 = EDGE_LOOP('',(#1923,#1924,#1925,#1931));
#1923 = ORIENTED_EDGE('',*,*,#1908,.F.);
#1924 = ORIENTED_EDGE('',*,*,#1332,.T.);
#1925 = ORIENTED_EDGE('',*,*,#1926,.F.);
#1926 = EDGE_CURVE('',#1727,#1325,#1927,.T.);
#1927 = LINE('',#1928,#1929);
#1928 = CARTESIAN_POINT('',(-0.9125,0.625,0.375));
#1929 = VECTOR('',#1930,1.);
#1930 = DIRECTION('',(0.,0.,1.));
#1931 = ORIENTED_EDGE('',*,*,#1773,.T.);
#1932 = PLANE('',#1933);
#1933 = AXIS2_PLACEMENT_3D('',#1934,#1935,#1936);
#1934 = CARTESIAN_POINT('',(-0.9125,0.78125,0.75));
#1935 = DIRECTION('',(-1.,0.,0.));
#1936 = DIRECTION('',(0.,-1.,0.));
#1937 = ADVANCED_FACE('',(#1938),#1963,.F.);
#1938 = FACE_BOUND('',#1939,.F.);
#1939 = EDGE_LOOP('',(#1940,#1941,#1949,#1957));
#1940 = ORIENTED_EDGE('',*,*,#1316,.T.);
#1941 = ORIENTED_EDGE('',*,*,#1942,.T.);
#1942 = EDGE_CURVE('',#1309,#1943,#1945,.T.);
#1943 = VERTEX_POINT('',#1944);
#1944 = CARTESIAN_POINT('',(0.9125,0.46875,0.));
#1945 = LINE('',#1946,#1947);
#1946 = CARTESIAN_POINT('',(0.9125,0.46875,0.75));
#1947 = VECTOR('',#1948,1.);
#1948 = DIRECTION('',(-0.,-0.,-1.));
#1949 = ORIENTED_EDGE('',*,*,#1950,.T.);
#1950 = EDGE_CURVE('',#1943,#1951,#1953,.T.);
#1951 = VERTEX_POINT('',#1952);
#1952 = CARTESIAN_POINT('',(0.9125,0.625,0.));
#1953 = LINE('',#1954,#1955);
#1954 = CARTESIAN_POINT('',(0.9125,-7.8125E-02,0.));
#1955 = VECTOR('',#1956,1.);
#1956 = DIRECTION('',(0.,1.,0.));
#1957 = ORIENTED_EDGE('',*,*,#1958,.F.);
#1958 = EDGE_CURVE('',#1317,#1951,#1959,.T.);
#1959 = LINE('',#1960,#1961);
#1960 = CARTESIAN_POINT('',(0.9125,0.625,0.375));
#1961 = VECTOR('',#1962,1.);
#1962 = DIRECTION('',(0.,0.,-1.));
#1963 = PLANE('',#1964);
#1964 = AXIS2_PLACEMENT_3D('',#1965,#1966,#1967);
#1965 = CARTESIAN_POINT('',(0.9125,0.46875,0.75));
#1966 = DIRECTION('',(1.,0.,0.));
#1967 = DIRECTION('',(-0.,1.,0.));
#1968 = ADVANCED_FACE('',(#1969),#1988,.F.);
#1969 = FACE_BOUND('',#1970,.F.);
#1970 = EDGE_LOOP('',(#1971,#1972,#1973,#1982));
#1971 = ORIENTED_EDGE('',*,*,#1942,.F.);
#1972 = ORIENTED_EDGE('',*,*,#1308,.T.);
#1973 = ORIENTED_EDGE('',*,*,#1974,.F.);
#1974 = EDGE_CURVE('',#1975,#1301,#1977,.T.);
#1975 = VERTEX_POINT('',#1976);
#1976 = CARTESIAN_POINT('',(0.685,0.46875,-6.938893903907E-18));
#1977 = CIRCLE('',#1978,3.5E-02);
#1978 = AXIS2_PLACEMENT_3D('',#1979,#1980,#1981);
#1979 = CARTESIAN_POINT('',(0.685,0.46875,3.5E-02));
#1980 = DIRECTION('',(0.,1.,-0.));
#1981 = DIRECTION('',(-1.,0.,0.));
#1982 = ORIENTED_EDGE('',*,*,#1983,.T.);
#1983 = EDGE_CURVE('',#1975,#1943,#1984,.T.);
#1984 = LINE('',#1985,#1986);
#1985 = CARTESIAN_POINT('',(-0.13125,0.46875,0.));
#1986 = VECTOR('',#1987,1.);
#1987 = DIRECTION('',(1.,0.,0.));
#1988 = PLANE('',#1989);
#1989 = AXIS2_PLACEMENT_3D('',#1990,#1991,#1992);
#1990 = CARTESIAN_POINT('',(-0.9125,0.46875,0.75));
#1991 = DIRECTION('',(0.,-1.,0.));
#1992 = DIRECTION('',(1.,0.,0.));
#1993 = ADVANCED_FACE('',(#1994),#2013,.T.);
#1994 = FACE_BOUND('',#1995,.T.);
#1995 = EDGE_LOOP('',(#1996,#1997,#2005,#2012));
#1996 = ORIENTED_EDGE('',*,*,#1974,.F.);
#1997 = ORIENTED_EDGE('',*,*,#1998,.F.);
#1998 = EDGE_CURVE('',#1999,#1975,#2001,.T.);
#1999 = VERTEX_POINT('',#2000);
#2000 = CARTESIAN_POINT('',(0.685,-0.46875,-6.938893903907E-18));
#2001 = LINE('',#2002,#2003);
#2002 = CARTESIAN_POINT('',(0.685,-0.625,-6.938893903907E-18));
#2003 = VECTOR('',#2004,1.);
#2004 = DIRECTION('',(0.,1.,0.));
#2005 = ORIENTED_EDGE('',*,*,#2006,.T.);
#2006 = EDGE_CURVE('',#1999,#1293,#2007,.T.);
#2007 = CIRCLE('',#2008,3.5E-02);
#2008 = AXIS2_PLACEMENT_3D('',#2009,#2010,#2011);
#2009 = CARTESIAN_POINT('',(0.685,-0.46875,3.5E-02));
#2010 = DIRECTION('',(0.,1.,-0.));
#2011 = DIRECTION('',(-1.,0.,0.));
#2012 = ORIENTED_EDGE('',*,*,#1300,.T.);
#2013 = CYLINDRICAL_SURFACE('',#2014,3.5E-02);
#2014 = AXIS2_PLACEMENT_3D('',#2015,#2016,#2017);
#2015 = CARTESIAN_POINT('',(0.685,-0.625,3.5E-02));
#2016 = DIRECTION('',(0.,1.,0.));
#2017 = DIRECTION('',(-1.,0.,0.));
#2018 = ADVANCED_FACE('',(#2019),#2037,.F.);
#2019 = FACE_BOUND('',#2020,.F.);
#2020 = EDGE_LOOP('',(#2021,#2022,#2030,#2036));
#2021 = ORIENTED_EDGE('',*,*,#1292,.T.);
#2022 = ORIENTED_EDGE('',*,*,#2023,.T.);
#2023 = EDGE_CURVE('',#1285,#2024,#2026,.T.);
#2024 = VERTEX_POINT('',#2025);
#2025 = CARTESIAN_POINT('',(0.9125,-0.46875,0.));
#2026 = LINE('',#2027,#2028);
#2027 = CARTESIAN_POINT('',(0.9125,-0.46875,0.75));
#2028 = VECTOR('',#2029,1.);
#2029 = DIRECTION('',(-0.,-0.,-1.));
#2030 = ORIENTED_EDGE('',*,*,#2031,.T.);
#2031 = EDGE_CURVE('',#2024,#1999,#2032,.T.);
#2032 = LINE('',#2033,#2034);
#2033 = CARTESIAN_POINT('',(0.78125,-0.46875,0.));
#2034 = VECTOR('',#2035,1.);
#2035 = DIRECTION('',(-1.,0.,0.));
#2036 = ORIENTED_EDGE('',*,*,#2006,.T.);
#2037 = PLANE('',#2038);
#2038 = AXIS2_PLACEMENT_3D('',#2039,#2040,#2041);
#2039 = CARTESIAN_POINT('',(0.9125,-0.46875,0.75));
#2040 = DIRECTION('',(0.,1.,0.));
#2041 = DIRECTION('',(-1.,0.,0.));
#2042 = ADVANCED_FACE('',(#2043),#2054,.F.);
#2043 = FACE_BOUND('',#2044,.F.);
#2044 = EDGE_LOOP('',(#2045,#2046,#2047,#2048));
#2045 = ORIENTED_EDGE('',*,*,#2023,.F.);
#2046 = ORIENTED_EDGE('',*,*,#1284,.T.);
#2047 = ORIENTED_EDGE('',*,*,#1406,.T.);
#2048 = ORIENTED_EDGE('',*,*,#2049,.T.);
#2049 = EDGE_CURVE('',#1397,#2024,#2050,.T.);
#2050 = LINE('',#2051,#2052);
#2051 = CARTESIAN_POINT('',(0.9125,-0.703125,0.));
#2052 = VECTOR('',#2053,1.);
#2053 = DIRECTION('',(0.,1.,0.));
#2054 = PLANE('',#2055);
#2055 = AXIS2_PLACEMENT_3D('',#2056,#2057,#2058);
#2056 = CARTESIAN_POINT('',(0.9125,-0.78125,0.75));
#2057 = DIRECTION('',(1.,0.,0.));
#2058 = DIRECTION('',(-0.,1.,0.));
#2059 = ADVANCED_FACE('',(#2060),#2085,.T.);
#2060 = FACE_BOUND('',#2061,.T.);
#2061 = EDGE_LOOP('',(#2062,#2070,#2071,#2079));
#2062 = ORIENTED_EDGE('',*,*,#2063,.T.);
#2063 = EDGE_CURVE('',#2064,#1365,#2066,.T.);
#2064 = VERTEX_POINT('',#2065);
#2065 = CARTESIAN_POINT('',(0.433012701892,0.5,1.75E-02));
#2066 = LINE('',#2067,#2068);
#2067 = CARTESIAN_POINT('',(0.433012701892,0.5,1.75E-02));
#2068 = VECTOR('',#2069,1.);
#2069 = DIRECTION('',(0.,0.,1.));
#2070 = ORIENTED_EDGE('',*,*,#1364,.T.);
#2071 = ORIENTED_EDGE('',*,*,#2072,.F.);
#2072 = EDGE_CURVE('',#2073,#1367,#2075,.T.);
#2073 = VERTEX_POINT('',#2074);
#2074 = CARTESIAN_POINT('',(0.433012701892,-0.5,1.75E-02));
#2075 = LINE('',#2076,#2077);
#2076 = CARTESIAN_POINT('',(0.433012701892,-0.5,1.75E-02));
#2077 = VECTOR('',#2078,1.);
#2078 = DIRECTION('',(0.,0.,1.));
#2079 = ORIENTED_EDGE('',*,*,#2080,.F.);
#2080 = EDGE_CURVE('',#2064,#2073,#2081,.T.);
#2081 = LINE('',#2082,#2083);
#2082 = CARTESIAN_POINT('',(0.433012701892,0.5,1.75E-02));
#2083 = VECTOR('',#2084,1.);
#2084 = DIRECTION('',(0.,-1.,0.));
#2085 = PLANE('',#2086);
#2086 = AXIS2_PLACEMENT_3D('',#2087,#2088,#2089);
#2087 = CARTESIAN_POINT('',(0.433012701892,0.5,1.75E-02));
#2088 = DIRECTION('',(1.,0.,0.));
#2089 = DIRECTION('',(0.,-1.,0.));
#2090 = ADVANCED_FACE('',(#2091),#2109,.T.);
#2091 = FACE_BOUND('',#2092,.T.);
#2092 = EDGE_LOOP('',(#2093,#2101,#2102,#2103));
#2093 = ORIENTED_EDGE('',*,*,#2094,.T.);
#2094 = EDGE_CURVE('',#2095,#1375,#2097,.T.);
#2095 = VERTEX_POINT('',#2096);
#2096 = CARTESIAN_POINT('',(-0.433012701892,0.,1.75E-02));
#2097 = LINE('',#2098,#2099);
#2098 = CARTESIAN_POINT('',(-0.433012701892,0.,1.75E-02));
#2099 = VECTOR('',#2100,1.);
#2100 = DIRECTION('',(0.,0.,1.));
#2101 = ORIENTED_EDGE('',*,*,#1382,.T.);
#2102 = ORIENTED_EDGE('',*,*,#2063,.F.);
#2103 = ORIENTED_EDGE('',*,*,#2104,.F.);
#2104 = EDGE_CURVE('',#2095,#2064,#2105,.T.);
#2105 = LINE('',#2106,#2107);
#2106 = CARTESIAN_POINT('',(-0.433012701892,0.,1.75E-02));
#2107 = VECTOR('',#2108,1.);
#2108 = DIRECTION('',(0.866025403784,0.5,0.));
#2109 = PLANE('',#2110);
#2110 = AXIS2_PLACEMENT_3D('',#2111,#2112,#2113);
#2111 = CARTESIAN_POINT('',(-0.433012701892,0.,1.75E-02));
#2112 = DIRECTION('',(-0.5,0.866025403784,0.));
#2113 = DIRECTION('',(0.866025403784,0.5,0.));
#2114 = ADVANCED_FACE('',(#2115),#2126,.T.);
#2115 = FACE_BOUND('',#2116,.T.);
#2116 = EDGE_LOOP('',(#2117,#2118,#2119,#2120));
#2117 = ORIENTED_EDGE('',*,*,#2072,.T.);
#2118 = ORIENTED_EDGE('',*,*,#1374,.T.);
#2119 = ORIENTED_EDGE('',*,*,#2094,.F.);
#2120 = ORIENTED_EDGE('',*,*,#2121,.F.);
#2121 = EDGE_CURVE('',#2073,#2095,#2122,.T.);
#2122 = LINE('',#2123,#2124);
#2123 = CARTESIAN_POINT('',(0.433012701892,-0.5,1.75E-02));
#2124 = VECTOR('',#2125,1.);
#2125 = DIRECTION('',(-0.866025403784,0.5,0.));
#2126 = PLANE('',#2127);
#2127 = AXIS2_PLACEMENT_3D('',#2128,#2129,#2130);
#2128 = CARTESIAN_POINT('',(0.433012701892,-0.5,1.75E-02));
#2129 = DIRECTION('',(-0.5,-0.866025403784,0.));
#2130 = DIRECTION('',(-0.866025403784,0.5,0.));
#2131 = ADVANCED_FACE('',(#2132),#2154,.F.);
#2132 = FACE_BOUND('',#2133,.F.);
#2133 = EDGE_LOOP('',(#2134,#2142,#2143,#2144,#2145,#2146,#2147,#2148));
#2134 = ORIENTED_EDGE('',*,*,#2135,.F.);
#2135 = EDGE_CURVE('',#1951,#2136,#2138,.T.);
#2136 = VERTEX_POINT('',#2137);
#2137 = CARTESIAN_POINT('',(0.965,0.625,-6.938893903907E-18));
#2138 = LINE('',#2139,#2140);
#2139 = CARTESIAN_POINT('',(0.65,0.625,0.));
#2140 = VECTOR('',#2141,1.);
#2141 = DIRECTION('',(1.,0.,0.));
#2142 = ORIENTED_EDGE('',*,*,#1950,.F.);
#2143 = ORIENTED_EDGE('',*,*,#1983,.F.);
#2144 = ORIENTED_EDGE('',*,*,#1998,.F.);
#2145 = ORIENTED_EDGE('',*,*,#2031,.F.);
#2146 = ORIENTED_EDGE('',*,*,#2049,.F.);
#2147 = ORIENTED_EDGE('',*,*,#1396,.T.);
#2148 = ORIENTED_EDGE('',*,*,#2149,.T.);
#2149 = EDGE_CURVE('',#1399,#2136,#2150,.T.);
#2150 = LINE('',#2151,#2152);
#2151 = CARTESIAN_POINT('',(0.965,-0.625,-6.938893903907E-18));
#2152 = VECTOR('',#2153,1.);
#2153 = DIRECTION('',(0.,1.,0.));
#2154 = PLANE('',#2155);
#2155 = AXIS2_PLACEMENT_3D('',#2156,#2157,#2158);
#2156 = CARTESIAN_POINT('',(0.65,-0.625,0.));
#2157 = DIRECTION('',(0.,0.,1.));
#2158 = DIRECTION('',(1.,0.,-0.));
#2159 = ADVANCED_FACE('',(#2160),#2179,.T.);
#2160 = FACE_BOUND('',#2161,.T.);
#2161 = EDGE_LOOP('',(#2162,#2163,#2164,#2173));
#2162 = ORIENTED_EDGE('',*,*,#1448,.T.);
#2163 = ORIENTED_EDGE('',*,*,#2149,.T.);
#2164 = ORIENTED_EDGE('',*,*,#2165,.F.);
#2165 = EDGE_CURVE('',#2166,#2136,#2168,.T.);
#2166 = VERTEX_POINT('',#2167);
#2167 = CARTESIAN_POINT('',(1.,0.625,3.5E-02));
#2168 = CIRCLE('',#2169,3.5E-02);
#2169 = AXIS2_PLACEMENT_3D('',#2170,#2171,#2172);
#2170 = CARTESIAN_POINT('',(0.965,0.625,3.5E-02));
#2171 = DIRECTION('',(0.,1.,0.));
#2172 = DIRECTION('',(0.,-0.,1.));
#2173 = ORIENTED_EDGE('',*,*,#2174,.F.);
#2174 = EDGE_CURVE('',#1441,#2166,#2175,.T.);
#2175 = LINE('',#2176,#2177);
#2176 = CARTESIAN_POINT('',(1.,-0.625,3.5E-02));
#2177 = VECTOR('',#2178,1.);
#2178 = DIRECTION('',(0.,1.,0.));
#2179 = CYLINDRICAL_SURFACE('',#2180,3.5E-02);
#2180 = AXIS2_PLACEMENT_3D('',#2181,#2182,#2183);
#2181 = CARTESIAN_POINT('',(0.965,-0.625,3.5E-02));
#2182 = DIRECTION('',(0.,1.,0.));
#2183 = DIRECTION('',(1.,0.,0.));
#2184 = ADVANCED_FACE('',(#2185),#2203,.T.);
#2185 = FACE_BOUND('',#2186,.T.);
#2186 = EDGE_LOOP('',(#2187,#2188,#2189,#2197));
#2187 = ORIENTED_EDGE('',*,*,#1440,.F.);
#2188 = ORIENTED_EDGE('',*,*,#2174,.T.);
#2189 = ORIENTED_EDGE('',*,*,#2190,.T.);
#2190 = EDGE_CURVE('',#2166,#2191,#2193,.T.);
#2191 = VERTEX_POINT('',#2192);
#2192 = CARTESIAN_POINT('',(1.,0.625,0.465));
#2193 = LINE('',#2194,#2195);
#2194 = CARTESIAN_POINT('',(1.,0.625,0.));
#2195 = VECTOR('',#2196,1.);
#2196 = DIRECTION('',(0.,0.,1.));
#2197 = ORIENTED_EDGE('',*,*,#2198,.F.);
#2198 = EDGE_CURVE('',#1432,#2191,#2199,.T.);
#2199 = LINE('',#2200,#2201);
#2200 = CARTESIAN_POINT('',(1.,-0.625,0.465));
#2201 = VECTOR('',#2202,1.);
#2202 = DIRECTION('',(0.,1.,0.));
#2203 = PLANE('',#2204);
#2204 = AXIS2_PLACEMENT_3D('',#2205,#2206,#2207);
#2205 = CARTESIAN_POINT('',(1.,-0.625,0.));
#2206 = DIRECTION('',(1.,0.,0.));
#2207 = DIRECTION('',(0.,0.,1.));
#2208 = ADVANCED_FACE('',(#2209),#2228,.T.);
#2209 = FACE_BOUND('',#2210,.T.);
#2210 = EDGE_LOOP('',(#2211,#2212,#2221,#2227));
#2211 = ORIENTED_EDGE('',*,*,#2198,.T.);
#2212 = ORIENTED_EDGE('',*,*,#2213,.T.);
#2213 = EDGE_CURVE('',#2191,#2214,#2216,.T.);
#2214 = VERTEX_POINT('',#2215);
#2215 = CARTESIAN_POINT('',(0.965,0.625,0.5));
#2216 = CIRCLE('',#2217,3.5E-02);
#2217 = AXIS2_PLACEMENT_3D('',#2218,#2219,#2220);
#2218 = CARTESIAN_POINT('',(0.965,0.625,0.465));
#2219 = DIRECTION('',(0.,-1.,0.));
#2220 = DIRECTION('',(0.,0.,1.));
#2221 = ORIENTED_EDGE('',*,*,#2222,.F.);
#2222 = EDGE_CURVE('',#1424,#2214,#2223,.T.);
#2223 = LINE('',#2224,#2225);
#2224 = CARTESIAN_POINT('',(0.965,-0.625,0.5));
#2225 = VECTOR('',#2226,1.);
#2226 = DIRECTION('',(0.,1.,0.));
#2227 = ORIENTED_EDGE('',*,*,#1431,.F.);
#2228 = CYLINDRICAL_SURFACE('',#2229,3.5E-02);
#2229 = AXIS2_PLACEMENT_3D('',#2230,#2231,#2232);
#2230 = CARTESIAN_POINT('',(0.965,-0.625,0.465));
#2231 = DIRECTION('',(0.,1.,0.));
#2232 = DIRECTION('',(1.,0.,0.));
#2233 = ADVANCED_FACE('',(#2234),#2275,.T.);
#2234 = FACE_BOUND('',#2235,.T.);
#2235 = EDGE_LOOP('',(#2236,#2244,#2252,#2258,#2259,#2267,#2273,#2274));
#2236 = ORIENTED_EDGE('',*,*,#2237,.F.);
#2237 = EDGE_CURVE('',#2238,#2214,#2240,.T.);
#2238 = VERTEX_POINT('',#2239);
#2239 = CARTESIAN_POINT('',(0.9125,0.625,0.5));
#2240 = LINE('',#2241,#2242);
#2241 = CARTESIAN_POINT('',(0.65,0.625,0.5));
#2242 = VECTOR('',#2243,1.);
#2243 = DIRECTION('',(1.,0.,0.));
#2244 = ORIENTED_EDGE('',*,*,#2245,.F.);
#2245 = EDGE_CURVE('',#2246,#2238,#2248,.T.);
#2246 = VERTEX_POINT('',#2247);
#2247 = CARTESIAN_POINT('',(0.9125,0.46875,0.5));
#2248 = LINE('',#2249,#2250);
#2249 = CARTESIAN_POINT('',(0.9125,-7.8125E-02,0.5));
#2250 = VECTOR('',#2251,1.);
#2251 = DIRECTION('',(0.,1.,0.));
#2252 = ORIENTED_EDGE('',*,*,#2253,.F.);
#2253 = EDGE_CURVE('',#1529,#2246,#2254,.T.);
#2254 = LINE('',#2255,#2256);
#2255 = CARTESIAN_POINT('',(-0.13125,0.46875,0.5));
#2256 = VECTOR('',#2257,1.);
#2257 = DIRECTION('',(1.,0.,0.));
#2258 = ORIENTED_EDGE('',*,*,#1528,.F.);
#2259 = ORIENTED_EDGE('',*,*,#2260,.F.);
#2260 = EDGE_CURVE('',#2261,#1520,#2263,.T.);
#2261 = VERTEX_POINT('',#2262);
#2262 = CARTESIAN_POINT('',(0.9125,-0.46875,0.5));
#2263 = LINE('',#2264,#2265);
#2264 = CARTESIAN_POINT('',(0.78125,-0.46875,0.5));
#2265 = VECTOR('',#2266,1.);
#2266 = DIRECTION('',(-1.,0.,0.));
#2267 = ORIENTED_EDGE('',*,*,#2268,.F.);
#2268 = EDGE_CURVE('',#1416,#2261,#2269,.T.);
#2269 = LINE('',#2270,#2271);
#2270 = CARTESIAN_POINT('',(0.9125,-0.703125,0.5));
#2271 = VECTOR('',#2272,1.);
#2272 = DIRECTION('',(0.,1.,0.));
#2273 = ORIENTED_EDGE('',*,*,#1423,.T.);
#2274 = ORIENTED_EDGE('',*,*,#2222,.T.);
#2275 = PLANE('',#2276);
#2276 = AXIS2_PLACEMENT_3D('',#2277,#2278,#2279);
#2277 = CARTESIAN_POINT('',(0.65,-0.625,0.5));
#2278 = DIRECTION('',(0.,0.,1.));
#2279 = DIRECTION('',(1.,0.,-0.));
#2280 = ADVANCED_FACE('',(#2281),#2292,.F.);
#2281 = FACE_BOUND('',#2282,.F.);
#2282 = EDGE_LOOP('',(#2283,#2289,#2290,#2291));
#2283 = ORIENTED_EDGE('',*,*,#2284,.F.);
#2284 = EDGE_CURVE('',#2261,#1464,#2285,.T.);
#2285 = LINE('',#2286,#2287);
#2286 = CARTESIAN_POINT('',(0.9125,-0.46875,0.75));
#2287 = VECTOR('',#2288,1.);
#2288 = DIRECTION('',(-0.,-0.,-1.));
#2289 = ORIENTED_EDGE('',*,*,#2268,.F.);
#2290 = ORIENTED_EDGE('',*,*,#1415,.T.);
#2291 = ORIENTED_EDGE('',*,*,#1473,.F.);
#2292 = PLANE('',#2293);
#2293 = AXIS2_PLACEMENT_3D('',#2294,#2295,#2296);
#2294 = CARTESIAN_POINT('',(0.9125,-0.78125,0.75));
#2295 = DIRECTION('',(1.,0.,0.));
#2296 = DIRECTION('',(-0.,1.,0.));
#2297 = ADVANCED_FACE('',(#2298),#2304,.F.);
#2298 = FACE_BOUND('',#2299,.F.);
#2299 = EDGE_LOOP('',(#2300,#2301,#2302,#2303));
#2300 = ORIENTED_EDGE('',*,*,#2260,.F.);
#2301 = ORIENTED_EDGE('',*,*,#2284,.T.);
#2302 = ORIENTED_EDGE('',*,*,#1463,.F.);
#2303 = ORIENTED_EDGE('',*,*,#1519,.T.);
#2304 = PLANE('',#2305);
#2305 = AXIS2_PLACEMENT_3D('',#2306,#2307,#2308);
#2306 = CARTESIAN_POINT('',(0.9125,-0.46875,0.75));
#2307 = DIRECTION('',(0.,1.,0.));
#2308 = DIRECTION('',(-1.,0.,0.));
#2309 = ADVANCED_FACE('',(#2310),#2326,.F.);
#2310 = FACE_BOUND('',#2311,.F.);
#2311 = EDGE_LOOP('',(#2312,#2313,#2319,#2320));
#2312 = ORIENTED_EDGE('',*,*,#2245,.F.);
#2313 = ORIENTED_EDGE('',*,*,#2314,.T.);
#2314 = EDGE_CURVE('',#2246,#1497,#2315,.T.);
#2315 = LINE('',#2316,#2317);
#2316 = CARTESIAN_POINT('',(0.9125,0.46875,0.75));
#2317 = VECTOR('',#2318,1.);
#2318 = DIRECTION('',(-0.,-0.,-1.));
#2319 = ORIENTED_EDGE('',*,*,#1504,.F.);
#2320 = ORIENTED_EDGE('',*,*,#2321,.F.);
#2321 = EDGE_CURVE('',#2238,#1488,#2322,.T.);
#2322 = LINE('',#2323,#2324);
#2323 = CARTESIAN_POINT('',(0.9125,0.625,0.375));
#2324 = VECTOR('',#2325,1.);
#2325 = DIRECTION('',(0.,0.,-1.));
#2326 = PLANE('',#2327);
#2327 = AXIS2_PLACEMENT_3D('',#2328,#2329,#2330);
#2328 = CARTESIAN_POINT('',(0.9125,0.46875,0.75));
#2329 = DIRECTION('',(1.,0.,0.));
#2330 = DIRECTION('',(-0.,1.,0.));
#2331 = ADVANCED_FACE('',(#2332),#2338,.F.);
#2332 = FACE_BOUND('',#2333,.F.);
#2333 = EDGE_LOOP('',(#2334,#2335,#2336,#2337));
#2334 = ORIENTED_EDGE('',*,*,#2314,.F.);
#2335 = ORIENTED_EDGE('',*,*,#2253,.F.);
#2336 = ORIENTED_EDGE('',*,*,#1536,.F.);
#2337 = ORIENTED_EDGE('',*,*,#1496,.F.);
#2338 = PLANE('',#2339);
#2339 = AXIS2_PLACEMENT_3D('',#2340,#2341,#2342);
#2340 = CARTESIAN_POINT('',(-0.9125,0.46875,0.75));
#2341 = DIRECTION('',(0.,-1.,0.));
#2342 = DIRECTION('',(1.,0.,0.));
#2343 = ADVANCED_FACE('',(#2344),#2356,.T.);
#2344 = FACE_BOUND('',#2345,.T.);
#2345 = EDGE_LOOP('',(#2346,#2347,#2348,#2349,#2350,#2351,#2352,#2353,
    #2354,#2355));
#2346 = ORIENTED_EDGE('',*,*,#1724,.F.);
#2347 = ORIENTED_EDGE('',*,*,#1795,.F.);
#2348 = ORIENTED_EDGE('',*,*,#1831,.T.);
#2349 = ORIENTED_EDGE('',*,*,#1855,.T.);
#2350 = ORIENTED_EDGE('',*,*,#1679,.T.);
#2351 = ORIENTED_EDGE('',*,*,#1640,.F.);
#2352 = ORIENTED_EDGE('',*,*,#1567,.F.);
#2353 = ORIENTED_EDGE('',*,*,#1559,.F.);
#2354 = ORIENTED_EDGE('',*,*,#1551,.T.);
#2355 = ORIENTED_EDGE('',*,*,#1926,.F.);
#2356 = PLANE('',#2357);
#2357 = AXIS2_PLACEMENT_3D('',#2358,#2359,#2360);
#2358 = CARTESIAN_POINT('',(-1.,0.625,0.));
#2359 = DIRECTION('',(0.,1.,0.));
#2360 = DIRECTION('',(0.,-0.,1.));
#2361 = ADVANCED_FACE('',(#2362),#2374,.T.);
#2362 = FACE_BOUND('',#2363,.T.);
#2363 = EDGE_LOOP('',(#2364,#2365,#2366,#2367,#2368,#2369,#2370,#2371,
    #2372,#2373));
#2364 = ORIENTED_EDGE('',*,*,#2135,.F.);
#2365 = ORIENTED_EDGE('',*,*,#1958,.F.);
#2366 = ORIENTED_EDGE('',*,*,#1592,.T.);
#2367 = ORIENTED_EDGE('',*,*,#1584,.T.);
#2368 = ORIENTED_EDGE('',*,*,#1576,.F.);
#2369 = ORIENTED_EDGE('',*,*,#2321,.F.);
#2370 = ORIENTED_EDGE('',*,*,#2237,.T.);
#2371 = ORIENTED_EDGE('',*,*,#2213,.F.);
#2372 = ORIENTED_EDGE('',*,*,#2190,.F.);
#2373 = ORIENTED_EDGE('',*,*,#2165,.T.);
#2374 = PLANE('',#2375);
#2375 = AXIS2_PLACEMENT_3D('',#2376,#2377,#2378);
#2376 = CARTESIAN_POINT('',(0.65,0.625,0.));
#2377 = DIRECTION('',(0.,1.,0.));
#2378 = DIRECTION('',(0.,-0.,1.));
#2379 = ADVANCED_FACE('',(#2380),#2385,.T.);
#2380 = FACE_BOUND('',#2381,.T.);
#2381 = EDGE_LOOP('',(#2382,#2383,#2384));
#2382 = ORIENTED_EDGE('',*,*,#2104,.T.);
#2383 = ORIENTED_EDGE('',*,*,#2080,.T.);
#2384 = ORIENTED_EDGE('',*,*,#2121,.T.);
#2385 = PLANE('',#2386);
#2386 = AXIS2_PLACEMENT_3D('',#2387,#2388,#2389);
#2387 = CARTESIAN_POINT('',(0.144337567297,9.251858538543E-18,1.75E-02)
  );
#2388 = DIRECTION('',(-0.,-0.,-1.));
#2389 = DIRECTION('',(-1.,0.,0.));
#2390 = ( GEOMETRIC_REPRESENTATION_CONTEXT(3) 
GLOBAL_UNCERTAINTY_ASSIGNED_CONTEXT((#2394)) 
GLOBAL_UNIT_ASSIGNED_CONTEXT((#2391,#2392,#2393)) REPRESENTATION_CONTEXT
('Context #1','3D Context with UNIT and UNCERTAINTY') );
#2391 = ( LENGTH_UNIT() NAMED_UNIT(*) SI_UNIT(.MILLI.,.METRE.) );
#2392 = ( NAMED_UNIT(*) PLANE_ANGLE_UNIT() SI_UNIT($,.RADIAN.) );
#2393 = ( NAMED_UNIT(*) SI_UNIT($,.STERADIAN.) SOLID_ANGLE_UNIT() );
#2394 = UNCERTAINTY_MEASURE_WITH_UNIT(LENGTH_MEASURE(1.E-07),#2391,
  'distance_accuracy_value','confusion accuracy');
#2395 = CONTEXT_DEPENDENT_SHAPE_REPRESENTATION(#2396,#2398);
#2396 = ( REPRESENTATION_RELATIONSHIP('','',#866,#10) 
REPRESENTATION_RELATIONSHIP_WITH_TRANSFORMATION(#2397) 
SHAPE_REPRESENTATION_RELATIONSHIP() );
#2397 = ITEM_DEFINED_TRANSFORMATION('','',#11,#23);
#2398 = PRODUCT_DEFINITION_SHAPE('Placement','Placement of an item',
  #2399);
#2399 = NEXT_ASSEMBLY_USAGE_OCCURRENCE('3','D1','',#5,#861,$);
#2400 = PRODUCT_RELATED_PRODUCT_CATEGORY('part',$,(#863));
#2401 = CONTEXT_DEPENDENT_SHAPE_REPRESENTATION(#2402,#2404);
#2402 = ( REPRESENTATION_RELATIONSHIP('','',#52,#10) 
REPRESENTATION_RELATIONSHIP_WITH_TRANSFORMATION(#2403) 
SHAPE_REPRESENTATION_RELATIONSHIP() );
#2403 = ITEM_DEFINED_TRANSFORMATION('','',#11,#27);
#2404 = PRODUCT_DEFINITION_SHAPE('Placement','Placement of an item',
  #2405);
#2405 = NEXT_ASSEMBLY_USAGE_OCCURRENCE('4','R3','',#5,#47,$);
#2406 = SHAPE_DEFINITION_REPRESENTATION(#2407,#2413);
#2407 = PRODUCT_DEFINITION_SHAPE('','',#2408);
#2408 = PRODUCT_DEFINITION('design','',#2409,#2412);
#2409 = PRODUCT_DEFINITION_FORMATION('','',#2410);
#2410 = PRODUCT('C_0805_2012Metric','C_0805_2012Metric','',(#2411));
#2411 = PRODUCT_CONTEXT('',#2,'mechanical');
#2412 = PRODUCT_DEFINITION_CONTEXT('part definition',#2,'design');
#2413 = ADVANCED_BREP_SHAPE_REPRESENTATION('',(#11,#2414),#3268);
#2414 = MANIFOLD_SOLID_BREP('',#2415);
#2415 = CLOSED_SHELL('',(#2416,#2492,#2523,#2548,#2573,#2597,#2621,#2646
    ,#2671,#2688,#2774,#2806,#2830,#2855,#2879,#2904,#2928,#2953,#2970,
    #3056,#3087,#3112,#3137,#3161,#3185,#3210,#3235,#3252));
#2416 = ADVANCED_FACE('',(#2417),#2487,.F.);
#2417 = FACE_BOUND('',#2418,.F.);
#2418 = EDGE_LOOP('',(#2419,#2429,#2438,#2446,#2455,#2463,#2472,#2480));
#2419 = ORIENTED_EDGE('',*,*,#2420,.F.);
#2420 = EDGE_CURVE('',#2421,#2423,#2425,.T.);
#2421 = VERTEX_POINT('',#2422);
#2422 = CARTESIAN_POINT('',(-1.,-0.625,4.E-02));
#2423 = VERTEX_POINT('',#2424);
#2424 = CARTESIAN_POINT('',(-1.,-0.625,1.21));
#2425 = LINE('',#2426,#2427);
#2426 = CARTESIAN_POINT('',(-1.,-0.625,0.));
#2427 = VECTOR('',#2428,1.);
#2428 = DIRECTION('',(0.,0.,1.));
#2429 = ORIENTED_EDGE('',*,*,#2430,.T.);
#2430 = EDGE_CURVE('',#2421,#2431,#2433,.T.);
#2431 = VERTEX_POINT('',#2432);
#2432 = CARTESIAN_POINT('',(-1.,-0.585,0.));
#2433 = CIRCLE('',#2434,4.E-02);
#2434 = AXIS2_PLACEMENT_3D('',#2435,#2436,#2437);
#2435 = CARTESIAN_POINT('',(-1.,-0.585,4.E-02));
#2436 = DIRECTION('',(1.,0.,-0.));
#2437 = DIRECTION('',(0.,0.,1.));
#2438 = ORIENTED_EDGE('',*,*,#2439,.T.);
#2439 = EDGE_CURVE('',#2431,#2440,#2442,.T.);
#2440 = VERTEX_POINT('',#2441);
#2441 = CARTESIAN_POINT('',(-1.,0.585,0.));
#2442 = LINE('',#2443,#2444);
#2443 = CARTESIAN_POINT('',(-1.,-0.625,0.));
#2444 = VECTOR('',#2445,1.);
#2445 = DIRECTION('',(0.,1.,0.));
#2446 = ORIENTED_EDGE('',*,*,#2447,.F.);
#2447 = EDGE_CURVE('',#2448,#2440,#2450,.T.);
#2448 = VERTEX_POINT('',#2449);
#2449 = CARTESIAN_POINT('',(-1.,0.625,4.E-02));
#2450 = CIRCLE('',#2451,4.E-02);
#2451 = AXIS2_PLACEMENT_3D('',#2452,#2453,#2454);
#2452 = CARTESIAN_POINT('',(-1.,0.585,4.E-02));
#2453 = DIRECTION('',(-1.,0.,0.));
#2454 = DIRECTION('',(0.,0.,1.));
#2455 = ORIENTED_EDGE('',*,*,#2456,.T.);
#2456 = EDGE_CURVE('',#2448,#2457,#2459,.T.);
#2457 = VERTEX_POINT('',#2458);
#2458 = CARTESIAN_POINT('',(-1.,0.625,1.21));
#2459 = LINE('',#2460,#2461);
#2460 = CARTESIAN_POINT('',(-1.,0.625,0.));
#2461 = VECTOR('',#2462,1.);
#2462 = DIRECTION('',(0.,0.,1.));
#2463 = ORIENTED_EDGE('',*,*,#2464,.T.);
#2464 = EDGE_CURVE('',#2457,#2465,#2467,.T.);
#2465 = VERTEX_POINT('',#2466);
#2466 = CARTESIAN_POINT('',(-1.,0.585,1.25));
#2467 = CIRCLE('',#2468,4.E-02);
#2468 = AXIS2_PLACEMENT_3D('',#2469,#2470,#2471);
#2469 = CARTESIAN_POINT('',(-1.,0.585,1.21));
#2470 = DIRECTION('',(1.,0.,-0.));
#2471 = DIRECTION('',(0.,0.,1.));
#2472 = ORIENTED_EDGE('',*,*,#2473,.F.);
#2473 = EDGE_CURVE('',#2474,#2465,#2476,.T.);
#2474 = VERTEX_POINT('',#2475);
#2475 = CARTESIAN_POINT('',(-1.,-0.585,1.25));
#2476 = LINE('',#2477,#2478);
#2477 = CARTESIAN_POINT('',(-1.,-0.625,1.25));
#2478 = VECTOR('',#2479,1.);
#2479 = DIRECTION('',(0.,1.,0.));
#2480 = ORIENTED_EDGE('',*,*,#2481,.F.);
#2481 = EDGE_CURVE('',#2423,#2474,#2482,.T.);
#2482 = CIRCLE('',#2483,4.E-02);
#2483 = AXIS2_PLACEMENT_3D('',#2484,#2485,#2486);
#2484 = CARTESIAN_POINT('',(-1.,-0.585,1.21));
#2485 = DIRECTION('',(-1.,0.,0.));
#2486 = DIRECTION('',(0.,0.,1.));
#2487 = PLANE('',#2488);
#2488 = AXIS2_PLACEMENT_3D('',#2489,#2490,#2491);
#2489 = CARTESIAN_POINT('',(-1.,-0.625,0.));
#2490 = DIRECTION('',(1.,0.,0.));
#2491 = DIRECTION('',(0.,0.,1.));
#2492 = ADVANCED_FACE('',(#2493),#2518,.F.);
#2493 = FACE_BOUND('',#2494,.F.);
#2494 = EDGE_LOOP('',(#2495,#2505,#2511,#2512));
#2495 = ORIENTED_EDGE('',*,*,#2496,.F.);
#2496 = EDGE_CURVE('',#2497,#2499,#2501,.T.);
#2497 = VERTEX_POINT('',#2498);
#2498 = CARTESIAN_POINT('',(-0.6,-0.625,4.E-02));
#2499 = VERTEX_POINT('',#2500);
#2500 = CARTESIAN_POINT('',(-0.6,-0.625,1.21));
#2501 = LINE('',#2502,#2503);
#2502 = CARTESIAN_POINT('',(-0.6,-0.625,0.));
#2503 = VECTOR('',#2504,1.);
#2504 = DIRECTION('',(0.,0.,1.));
#2505 = ORIENTED_EDGE('',*,*,#2506,.F.);
#2506 = EDGE_CURVE('',#2421,#2497,#2507,.T.);
#2507 = LINE('',#2508,#2509);
#2508 = CARTESIAN_POINT('',(-1.,-0.625,4.E-02));
#2509 = VECTOR('',#2510,1.);
#2510 = DIRECTION('',(1.,0.,0.));
#2511 = ORIENTED_EDGE('',*,*,#2420,.T.);
#2512 = ORIENTED_EDGE('',*,*,#2513,.T.);
#2513 = EDGE_CURVE('',#2423,#2499,#2514,.T.);
#2514 = LINE('',#2515,#2516);
#2515 = CARTESIAN_POINT('',(-1.,-0.625,1.21));
#2516 = VECTOR('',#2517,1.);
#2517 = DIRECTION('',(1.,0.,0.));
#2518 = PLANE('',#2519);
#2519 = AXIS2_PLACEMENT_3D('',#2520,#2521,#2522);
#2520 = CARTESIAN_POINT('',(-1.,-0.625,0.));
#2521 = DIRECTION('',(0.,1.,0.));
#2522 = DIRECTION('',(0.,-0.,1.));
#2523 = ADVANCED_FACE('',(#2524),#2543,.T.);
#2524 = FACE_BOUND('',#2525,.T.);
#2525 = EDGE_LOOP('',(#2526,#2527,#2535,#2542));
#2526 = ORIENTED_EDGE('',*,*,#2430,.T.);
#2527 = ORIENTED_EDGE('',*,*,#2528,.T.);
#2528 = EDGE_CURVE('',#2431,#2529,#2531,.T.);
#2529 = VERTEX_POINT('',#2530);
#2530 = CARTESIAN_POINT('',(-0.6,-0.585,0.));
#2531 = LINE('',#2532,#2533);
#2532 = CARTESIAN_POINT('',(-1.,-0.585,0.));
#2533 = VECTOR('',#2534,1.);
#2534 = DIRECTION('',(1.,0.,0.));
#2535 = ORIENTED_EDGE('',*,*,#2536,.F.);
#2536 = EDGE_CURVE('',#2497,#2529,#2537,.T.);
#2537 = CIRCLE('',#2538,4.E-02);
#2538 = AXIS2_PLACEMENT_3D('',#2539,#2540,#2541);
#2539 = CARTESIAN_POINT('',(-0.6,-0.585,4.E-02));
#2540 = DIRECTION('',(1.,0.,-0.));
#2541 = DIRECTION('',(0.,0.,1.));
#2542 = ORIENTED_EDGE('',*,*,#2506,.F.);
#2543 = CYLINDRICAL_SURFACE('',#2544,4.E-02);
#2544 = AXIS2_PLACEMENT_3D('',#2545,#2546,#2547);
#2545 = CARTESIAN_POINT('',(-1.,-0.585,4.E-02));
#2546 = DIRECTION('',(1.,0.,0.));
#2547 = DIRECTION('',(0.,-1.,0.));
#2548 = ADVANCED_FACE('',(#2549),#2568,.T.);
#2549 = FACE_BOUND('',#2550,.T.);
#2550 = EDGE_LOOP('',(#2551,#2552,#2561,#2567));
#2551 = ORIENTED_EDGE('',*,*,#2513,.T.);
#2552 = ORIENTED_EDGE('',*,*,#2553,.T.);
#2553 = EDGE_CURVE('',#2499,#2554,#2556,.T.);
#2554 = VERTEX_POINT('',#2555);
#2555 = CARTESIAN_POINT('',(-0.6,-0.585,1.25));
#2556 = CIRCLE('',#2557,4.E-02);
#2557 = AXIS2_PLACEMENT_3D('',#2558,#2559,#2560);
#2558 = CARTESIAN_POINT('',(-0.6,-0.585,1.21));
#2559 = DIRECTION('',(-1.,0.,0.));
#2560 = DIRECTION('',(0.,0.,1.));
#2561 = ORIENTED_EDGE('',*,*,#2562,.F.);
#2562 = EDGE_CURVE('',#2474,#2554,#2563,.T.);
#2563 = LINE('',#2564,#2565);
#2564 = CARTESIAN_POINT('',(-1.,-0.585,1.25));
#2565 = VECTOR('',#2566,1.);
#2566 = DIRECTION('',(1.,0.,0.));
#2567 = ORIENTED_EDGE('',*,*,#2481,.F.);
#2568 = CYLINDRICAL_SURFACE('',#2569,4.E-02);
#2569 = AXIS2_PLACEMENT_3D('',#2570,#2571,#2572);
#2570 = CARTESIAN_POINT('',(-1.,-0.585,1.21));
#2571 = DIRECTION('',(1.,0.,0.));
#2572 = DIRECTION('',(0.,-1.,0.));
#2573 = ADVANCED_FACE('',(#2574),#2592,.F.);
#2574 = FACE_BOUND('',#2575,.F.);
#2575 = EDGE_LOOP('',(#2576,#2577,#2578,#2586));
#2576 = ORIENTED_EDGE('',*,*,#2439,.F.);
#2577 = ORIENTED_EDGE('',*,*,#2528,.T.);
#2578 = ORIENTED_EDGE('',*,*,#2579,.T.);
#2579 = EDGE_CURVE('',#2529,#2580,#2582,.T.);
#2580 = VERTEX_POINT('',#2581);
#2581 = CARTESIAN_POINT('',(-0.6,0.585,0.));
#2582 = LINE('',#2583,#2584);
#2583 = CARTESIAN_POINT('',(-0.6,-0.625,0.));
#2584 = VECTOR('',#2585,1.);
#2585 = DIRECTION('',(0.,1.,0.));
#2586 = ORIENTED_EDGE('',*,*,#2587,.F.);
#2587 = EDGE_CURVE('',#2440,#2580,#2588,.T.);
#2588 = LINE('',#2589,#2590);
#2589 = CARTESIAN_POINT('',(-1.,0.585,0.));
#2590 = VECTOR('',#2591,1.);
#2591 = DIRECTION('',(1.,0.,0.));
#2592 = PLANE('',#2593);
#2593 = AXIS2_PLACEMENT_3D('',#2594,#2595,#2596);
#2594 = CARTESIAN_POINT('',(-1.,-0.625,0.));
#2595 = DIRECTION('',(0.,0.,1.));
#2596 = DIRECTION('',(1.,0.,-0.));
#2597 = ADVANCED_FACE('',(#2598),#2616,.T.);
#2598 = FACE_BOUND('',#2599,.T.);
#2599 = EDGE_LOOP('',(#2600,#2601,#2602,#2610));
#2600 = ORIENTED_EDGE('',*,*,#2473,.F.);
#2601 = ORIENTED_EDGE('',*,*,#2562,.T.);
#2602 = ORIENTED_EDGE('',*,*,#2603,.T.);
#2603 = EDGE_CURVE('',#2554,#2604,#2606,.T.);
#2604 = VERTEX_POINT('',#2605);
#2605 = CARTESIAN_POINT('',(-0.6,0.585,1.25));
#2606 = LINE('',#2607,#2608);
#2607 = CARTESIAN_POINT('',(-0.6,-0.625,1.25));
#2608 = VECTOR('',#2609,1.);
#2609 = DIRECTION('',(0.,1.,0.));
#2610 = ORIENTED_EDGE('',*,*,#2611,.F.);
#2611 = EDGE_CURVE('',#2465,#2604,#2612,.T.);
#2612 = LINE('',#2613,#2614);
#2613 = CARTESIAN_POINT('',(-1.,0.585,1.25));
#2614 = VECTOR('',#2615,1.);
#2615 = DIRECTION('',(1.,0.,0.));
#2616 = PLANE('',#2617);
#2617 = AXIS2_PLACEMENT_3D('',#2618,#2619,#2620);
#2618 = CARTESIAN_POINT('',(-1.,-0.625,1.25));
#2619 = DIRECTION('',(0.,0.,1.));
#2620 = DIRECTION('',(1.,0.,-0.));
#2621 = ADVANCED_FACE('',(#2622),#2641,.T.);
#2622 = FACE_BOUND('',#2623,.T.);
#2623 = EDGE_LOOP('',(#2624,#2632,#2639,#2640));
#2624 = ORIENTED_EDGE('',*,*,#2625,.T.);
#2625 = EDGE_CURVE('',#2448,#2626,#2628,.T.);
#2626 = VERTEX_POINT('',#2627);
#2627 = CARTESIAN_POINT('',(-0.6,0.625,4.E-02));
#2628 = LINE('',#2629,#2630);
#2629 = CARTESIAN_POINT('',(-1.,0.625,4.E-02));
#2630 = VECTOR('',#2631,1.);
#2631 = DIRECTION('',(1.,0.,0.));
#2632 = ORIENTED_EDGE('',*,*,#2633,.T.);
#2633 = EDGE_CURVE('',#2626,#2580,#2634,.T.);
#2634 = CIRCLE('',#2635,4.E-02);
#2635 = AXIS2_PLACEMENT_3D('',#2636,#2637,#2638);
#2636 = CARTESIAN_POINT('',(-0.6,0.585,4.E-02));
#2637 = DIRECTION('',(-1.,0.,0.));
#2638 = DIRECTION('',(0.,0.,1.));
#2639 = ORIENTED_EDGE('',*,*,#2587,.F.);
#2640 = ORIENTED_EDGE('',*,*,#2447,.F.);
#2641 = CYLINDRICAL_SURFACE('',#2642,4.E-02);
#2642 = AXIS2_PLACEMENT_3D('',#2643,#2644,#2645);
#2643 = CARTESIAN_POINT('',(-1.,0.585,4.E-02));
#2644 = DIRECTION('',(1.,0.,0.));
#2645 = DIRECTION('',(-0.,1.,0.));
#2646 = ADVANCED_FACE('',(#2647),#2666,.T.);
#2647 = FACE_BOUND('',#2648,.T.);
#2648 = EDGE_LOOP('',(#2649,#2650,#2651,#2660));
#2649 = ORIENTED_EDGE('',*,*,#2464,.T.);
#2650 = ORIENTED_EDGE('',*,*,#2611,.T.);
#2651 = ORIENTED_EDGE('',*,*,#2652,.F.);
#2652 = EDGE_CURVE('',#2653,#2604,#2655,.T.);
#2653 = VERTEX_POINT('',#2654);
#2654 = CARTESIAN_POINT('',(-0.6,0.625,1.21));
#2655 = CIRCLE('',#2656,4.E-02);
#2656 = AXIS2_PLACEMENT_3D('',#2657,#2658,#2659);
#2657 = CARTESIAN_POINT('',(-0.6,0.585,1.21));
#2658 = DIRECTION('',(1.,0.,-0.));
#2659 = DIRECTION('',(0.,0.,1.));
#2660 = ORIENTED_EDGE('',*,*,#2661,.F.);
#2661 = EDGE_CURVE('',#2457,#2653,#2662,.T.);
#2662 = LINE('',#2663,#2664);
#2663 = CARTESIAN_POINT('',(-1.,0.625,1.21));
#2664 = VECTOR('',#2665,1.);
#2665 = DIRECTION('',(1.,0.,0.));
#2666 = CYLINDRICAL_SURFACE('',#2667,4.E-02);
#2667 = AXIS2_PLACEMENT_3D('',#2668,#2669,#2670);
#2668 = CARTESIAN_POINT('',(-1.,0.585,1.21));
#2669 = DIRECTION('',(1.,0.,0.));
#2670 = DIRECTION('',(-0.,1.,0.));
#2671 = ADVANCED_FACE('',(#2672),#2683,.T.);
#2672 = FACE_BOUND('',#2673,.T.);
#2673 = EDGE_LOOP('',(#2674,#2680,#2681,#2682));
#2674 = ORIENTED_EDGE('',*,*,#2675,.F.);
#2675 = EDGE_CURVE('',#2626,#2653,#2676,.T.);
#2676 = LINE('',#2677,#2678);
#2677 = CARTESIAN_POINT('',(-0.6,0.625,0.));
#2678 = VECTOR('',#2679,1.);
#2679 = DIRECTION('',(0.,0.,1.));
#2680 = ORIENTED_EDGE('',*,*,#2625,.F.);
#2681 = ORIENTED_EDGE('',*,*,#2456,.T.);
#2682 = ORIENTED_EDGE('',*,*,#2661,.T.);
#2683 = PLANE('',#2684);
#2684 = AXIS2_PLACEMENT_3D('',#2685,#2686,#2687);
#2685 = CARTESIAN_POINT('',(-1.,0.625,0.));
#2686 = DIRECTION('',(0.,1.,0.));
#2687 = DIRECTION('',(0.,-0.,1.));
#2688 = ADVANCED_FACE('',(#2689,#2699),#2769,.T.);
#2689 = FACE_BOUND('',#2690,.T.);
#2690 = EDGE_LOOP('',(#2691,#2692,#2693,#2694,#2695,#2696,#2697,#2698));
#2691 = ORIENTED_EDGE('',*,*,#2496,.F.);
#2692 = ORIENTED_EDGE('',*,*,#2536,.T.);
#2693 = ORIENTED_EDGE('',*,*,#2579,.T.);
#2694 = ORIENTED_EDGE('',*,*,#2633,.F.);
#2695 = ORIENTED_EDGE('',*,*,#2675,.T.);
#2696 = ORIENTED_EDGE('',*,*,#2652,.T.);
#2697 = ORIENTED_EDGE('',*,*,#2603,.F.);
#2698 = ORIENTED_EDGE('',*,*,#2553,.F.);
#2699 = FACE_BOUND('',#2700,.T.);
#2700 = EDGE_LOOP('',(#2701,#2712,#2720,#2729,#2737,#2746,#2754,#2763));
#2701 = ORIENTED_EDGE('',*,*,#2702,.F.);
#2702 = EDGE_CURVE('',#2703,#2705,#2707,.T.);
#2703 = VERTEX_POINT('',#2704);
#2704 = CARTESIAN_POINT('',(-0.6,-0.585,8.E-02));
#2705 = VERTEX_POINT('',#2706);
#2706 = CARTESIAN_POINT('',(-0.6,-0.545,4.E-02));
#2707 = CIRCLE('',#2708,4.E-02);
#2708 = AXIS2_PLACEMENT_3D('',#2709,#2710,#2711);
#2709 = CARTESIAN_POINT('',(-0.6,-0.545,8.E-02));
#2710 = DIRECTION('',(1.,0.,-0.));
#2711 = DIRECTION('',(0.,0.,1.));
#2712 = ORIENTED_EDGE('',*,*,#2713,.T.);
#2713 = EDGE_CURVE('',#2703,#2714,#2716,.T.);
#2714 = VERTEX_POINT('',#2715);
#2715 = CARTESIAN_POINT('',(-0.6,-0.585,1.17));
#2716 = LINE('',#2717,#2718);
#2717 = CARTESIAN_POINT('',(-0.6,-0.585,4.E-02));
#2718 = VECTOR('',#2719,1.);
#2719 = DIRECTION('',(0.,0.,1.));
#2720 = ORIENTED_EDGE('',*,*,#2721,.T.);
#2721 = EDGE_CURVE('',#2714,#2722,#2724,.T.);
#2722 = VERTEX_POINT('',#2723);
#2723 = CARTESIAN_POINT('',(-0.6,-0.545,1.21));
#2724 = CIRCLE('',#2725,4.E-02);
#2725 = AXIS2_PLACEMENT_3D('',#2726,#2727,#2728);
#2726 = CARTESIAN_POINT('',(-0.6,-0.545,1.17));
#2727 = DIRECTION('',(-1.,0.,0.));
#2728 = DIRECTION('',(0.,0.,1.));
#2729 = ORIENTED_EDGE('',*,*,#2730,.T.);
#2730 = EDGE_CURVE('',#2722,#2731,#2733,.T.);
#2731 = VERTEX_POINT('',#2732);
#2732 = CARTESIAN_POINT('',(-0.6,0.545,1.21));
#2733 = LINE('',#2734,#2735);
#2734 = CARTESIAN_POINT('',(-0.6,-0.585,1.21));
#2735 = VECTOR('',#2736,1.);
#2736 = DIRECTION('',(0.,1.,0.));
#2737 = ORIENTED_EDGE('',*,*,#2738,.F.);
#2738 = EDGE_CURVE('',#2739,#2731,#2741,.T.);
#2739 = VERTEX_POINT('',#2740);
#2740 = CARTESIAN_POINT('',(-0.6,0.585,1.17));
#2741 = CIRCLE('',#2742,4.E-02);
#2742 = AXIS2_PLACEMENT_3D('',#2743,#2744,#2745);
#2743 = CARTESIAN_POINT('',(-0.6,0.545,1.17));
#2744 = DIRECTION('',(1.,0.,-0.));
#2745 = DIRECTION('',(0.,0.,1.));
#2746 = ORIENTED_EDGE('',*,*,#2747,.F.);
#2747 = EDGE_CURVE('',#2748,#2739,#2750,.T.);
#2748 = VERTEX_POINT('',#2749);
#2749 = CARTESIAN_POINT('',(-0.6,0.585,8.E-02));
#2750 = LINE('',#2751,#2752);
#2751 = CARTESIAN_POINT('',(-0.6,0.585,4.E-02));
#2752 = VECTOR('',#2753,1.);
#2753 = DIRECTION('',(0.,0.,1.));
#2754 = ORIENTED_EDGE('',*,*,#2755,.T.);
#2755 = EDGE_CURVE('',#2748,#2756,#2758,.T.);
#2756 = VERTEX_POINT('',#2757);
#2757 = CARTESIAN_POINT('',(-0.6,0.545,4.E-02));
#2758 = CIRCLE('',#2759,4.E-02);
#2759 = AXIS2_PLACEMENT_3D('',#2760,#2761,#2762);
#2760 = CARTESIAN_POINT('',(-0.6,0.545,8.E-02));
#2761 = DIRECTION('',(-1.,0.,0.));
#2762 = DIRECTION('',(0.,0.,1.));
#2763 = ORIENTED_EDGE('',*,*,#2764,.F.);
#2764 = EDGE_CURVE('',#2705,#2756,#2765,.T.);
#2765 = LINE('',#2766,#2767);
#2766 = CARTESIAN_POINT('',(-0.6,-0.585,4.E-02));
#2767 = VECTOR('',#2768,1.);
#2768 = DIRECTION('',(0.,1.,0.));
#2769 = PLANE('',#2770);
#2770 = AXIS2_PLACEMENT_3D('',#2771,#2772,#2773);
#2771 = CARTESIAN_POINT('',(-0.6,-0.625,0.));
#2772 = DIRECTION('',(1.,0.,0.));
#2773 = DIRECTION('',(0.,0.,1.));
#2774 = ADVANCED_FACE('',(#2775),#2801,.T.);
#2775 = FACE_BOUND('',#2776,.T.);
#2776 = EDGE_LOOP('',(#2777,#2778,#2786,#2795));
#2777 = ORIENTED_EDGE('',*,*,#2702,.T.);
#2778 = ORIENTED_EDGE('',*,*,#2779,.T.);
#2779 = EDGE_CURVE('',#2705,#2780,#2782,.T.);
#2780 = VERTEX_POINT('',#2781);
#2781 = CARTESIAN_POINT('',(0.6,-0.545,4.E-02));
#2782 = LINE('',#2783,#2784);
#2783 = CARTESIAN_POINT('',(-0.6,-0.545,4.E-02));
#2784 = VECTOR('',#2785,1.);
#2785 = DIRECTION('',(1.,0.,0.));
#2786 = ORIENTED_EDGE('',*,*,#2787,.F.);
#2787 = EDGE_CURVE('',#2788,#2780,#2790,.T.);
#2788 = VERTEX_POINT('',#2789);
#2789 = CARTESIAN_POINT('',(0.6,-0.585,8.E-02));
#2790 = CIRCLE('',#2791,4.E-02);
#2791 = AXIS2_PLACEMENT_3D('',#2792,#2793,#2794);
#2792 = CARTESIAN_POINT('',(0.6,-0.545,8.E-02));
#2793 = DIRECTION('',(1.,0.,-0.));
#2794 = DIRECTION('',(0.,0.,1.));
#2795 = ORIENTED_EDGE('',*,*,#2796,.F.);
#2796 = EDGE_CURVE('',#2703,#2788,#2797,.T.);
#2797 = LINE('',#2798,#2799);
#2798 = CARTESIAN_POINT('',(-0.6,-0.585,8.E-02));
#2799 = VECTOR('',#2800,1.);
#2800 = DIRECTION('',(1.,0.,0.));
#2801 = CYLINDRICAL_SURFACE('',#2802,4.E-02);
#2802 = AXIS2_PLACEMENT_3D('',#2803,#2804,#2805);
#2803 = CARTESIAN_POINT('',(-0.6,-0.545,8.E-02));
#2804 = DIRECTION('',(1.,0.,0.));
#2805 = DIRECTION('',(0.,-1.,0.));
#2806 = ADVANCED_FACE('',(#2807),#2825,.F.);
#2807 = FACE_BOUND('',#2808,.F.);
#2808 = EDGE_LOOP('',(#2809,#2810,#2811,#2819));
#2809 = ORIENTED_EDGE('',*,*,#2764,.F.);
#2810 = ORIENTED_EDGE('',*,*,#2779,.T.);
#2811 = ORIENTED_EDGE('',*,*,#2812,.T.);
#2812 = EDGE_CURVE('',#2780,#2813,#2815,.T.);
#2813 = VERTEX_POINT('',#2814);
#2814 = CARTESIAN_POINT('',(0.6,0.545,4.E-02));
#2815 = LINE('',#2816,#2817);
#2816 = CARTESIAN_POINT('',(0.6,-0.585,4.E-02));
#2817 = VECTOR('',#2818,1.);
#2818 = DIRECTION('',(0.,1.,0.));
#2819 = ORIENTED_EDGE('',*,*,#2820,.F.);
#2820 = EDGE_CURVE('',#2756,#2813,#2821,.T.);
#2821 = LINE('',#2822,#2823);
#2822 = CARTESIAN_POINT('',(-0.6,0.545,4.E-02));
#2823 = VECTOR('',#2824,1.);
#2824 = DIRECTION('',(1.,0.,0.));
#2825 = PLANE('',#2826);
#2826 = AXIS2_PLACEMENT_3D('',#2827,#2828,#2829);
#2827 = CARTESIAN_POINT('',(-0.6,-0.585,4.E-02));
#2828 = DIRECTION('',(0.,0.,1.));
#2829 = DIRECTION('',(1.,0.,-0.));
#2830 = ADVANCED_FACE('',(#2831),#2850,.T.);
#2831 = FACE_BOUND('',#2832,.T.);
#2832 = EDGE_LOOP('',(#2833,#2841,#2848,#2849));
#2833 = ORIENTED_EDGE('',*,*,#2834,.T.);
#2834 = EDGE_CURVE('',#2748,#2835,#2837,.T.);
#2835 = VERTEX_POINT('',#2836);
#2836 = CARTESIAN_POINT('',(0.6,0.585,8.E-02));
#2837 = LINE('',#2838,#2839);
#2838 = CARTESIAN_POINT('',(-0.6,0.585,8.E-02));
#2839 = VECTOR('',#2840,1.);
#2840 = DIRECTION('',(1.,0.,0.));
#2841 = ORIENTED_EDGE('',*,*,#2842,.T.);
#2842 = EDGE_CURVE('',#2835,#2813,#2843,.T.);
#2843 = CIRCLE('',#2844,4.E-02);
#2844 = AXIS2_PLACEMENT_3D('',#2845,#2846,#2847);
#2845 = CARTESIAN_POINT('',(0.6,0.545,8.E-02));
#2846 = DIRECTION('',(-1.,0.,0.));
#2847 = DIRECTION('',(0.,0.,1.));
#2848 = ORIENTED_EDGE('',*,*,#2820,.F.);
#2849 = ORIENTED_EDGE('',*,*,#2755,.F.);
#2850 = CYLINDRICAL_SURFACE('',#2851,4.E-02);
#2851 = AXIS2_PLACEMENT_3D('',#2852,#2853,#2854);
#2852 = CARTESIAN_POINT('',(-0.6,0.545,8.E-02));
#2853 = DIRECTION('',(1.,0.,0.));
#2854 = DIRECTION('',(-0.,1.,0.));
#2855 = ADVANCED_FACE('',(#2856),#2874,.T.);
#2856 = FACE_BOUND('',#2857,.T.);
#2857 = EDGE_LOOP('',(#2858,#2866,#2867,#2868));
#2858 = ORIENTED_EDGE('',*,*,#2859,.F.);
#2859 = EDGE_CURVE('',#2835,#2860,#2862,.T.);
#2860 = VERTEX_POINT('',#2861);
#2861 = CARTESIAN_POINT('',(0.6,0.585,1.17));
#2862 = LINE('',#2863,#2864);
#2863 = CARTESIAN_POINT('',(0.6,0.585,4.E-02));
#2864 = VECTOR('',#2865,1.);
#2865 = DIRECTION('',(0.,0.,1.));
#2866 = ORIENTED_EDGE('',*,*,#2834,.F.);
#2867 = ORIENTED_EDGE('',*,*,#2747,.T.);
#2868 = ORIENTED_EDGE('',*,*,#2869,.T.);
#2869 = EDGE_CURVE('',#2739,#2860,#2870,.T.);
#2870 = LINE('',#2871,#2872);
#2871 = CARTESIAN_POINT('',(-0.6,0.585,1.17));
#2872 = VECTOR('',#2873,1.);
#2873 = DIRECTION('',(1.,0.,0.));
#2874 = PLANE('',#2875);
#2875 = AXIS2_PLACEMENT_3D('',#2876,#2877,#2878);
#2876 = CARTESIAN_POINT('',(-0.6,0.585,4.E-02));
#2877 = DIRECTION('',(0.,1.,0.));
#2878 = DIRECTION('',(0.,-0.,1.));
#2879 = ADVANCED_FACE('',(#2880),#2899,.T.);
#2880 = FACE_BOUND('',#2881,.T.);
#2881 = EDGE_LOOP('',(#2882,#2883,#2891,#2898));
#2882 = ORIENTED_EDGE('',*,*,#2738,.T.);
#2883 = ORIENTED_EDGE('',*,*,#2884,.T.);
#2884 = EDGE_CURVE('',#2731,#2885,#2887,.T.);
#2885 = VERTEX_POINT('',#2886);
#2886 = CARTESIAN_POINT('',(0.6,0.545,1.21));
#2887 = LINE('',#2888,#2889);
#2888 = CARTESIAN_POINT('',(-0.6,0.545,1.21));
#2889 = VECTOR('',#2890,1.);
#2890 = DIRECTION('',(1.,0.,0.));
#2891 = ORIENTED_EDGE('',*,*,#2892,.F.);
#2892 = EDGE_CURVE('',#2860,#2885,#2893,.T.);
#2893 = CIRCLE('',#2894,4.E-02);
#2894 = AXIS2_PLACEMENT_3D('',#2895,#2896,#2897);
#2895 = CARTESIAN_POINT('',(0.6,0.545,1.17));
#2896 = DIRECTION('',(1.,0.,-0.));
#2897 = DIRECTION('',(0.,0.,1.));
#2898 = ORIENTED_EDGE('',*,*,#2869,.F.);
#2899 = CYLINDRICAL_SURFACE('',#2900,4.E-02);
#2900 = AXIS2_PLACEMENT_3D('',#2901,#2902,#2903);
#2901 = CARTESIAN_POINT('',(-0.6,0.545,1.17));
#2902 = DIRECTION('',(1.,0.,0.));
#2903 = DIRECTION('',(-0.,1.,0.));
#2904 = ADVANCED_FACE('',(#2905),#2923,.T.);
#2905 = FACE_BOUND('',#2906,.T.);
#2906 = EDGE_LOOP('',(#2907,#2908,#2916,#2922));
#2907 = ORIENTED_EDGE('',*,*,#2730,.F.);
#2908 = ORIENTED_EDGE('',*,*,#2909,.T.);
#2909 = EDGE_CURVE('',#2722,#2910,#2912,.T.);
#2910 = VERTEX_POINT('',#2911);
#2911 = CARTESIAN_POINT('',(0.6,-0.545,1.21));
#2912 = LINE('',#2913,#2914);
#2913 = CARTESIAN_POINT('',(-0.6,-0.545,1.21));
#2914 = VECTOR('',#2915,1.);
#2915 = DIRECTION('',(1.,0.,0.));
#2916 = ORIENTED_EDGE('',*,*,#2917,.T.);
#2917 = EDGE_CURVE('',#2910,#2885,#2918,.T.);
#2918 = LINE('',#2919,#2920);
#2919 = CARTESIAN_POINT('',(0.6,-0.585,1.21));
#2920 = VECTOR('',#2921,1.);
#2921 = DIRECTION('',(0.,1.,0.));
#2922 = ORIENTED_EDGE('',*,*,#2884,.F.);
#2923 = PLANE('',#2924);
#2924 = AXIS2_PLACEMENT_3D('',#2925,#2926,#2927);
#2925 = CARTESIAN_POINT('',(-0.6,-0.585,1.21));
#2926 = DIRECTION('',(0.,0.,1.));
#2927 = DIRECTION('',(1.,0.,-0.));
#2928 = ADVANCED_FACE('',(#2929),#2948,.T.);
#2929 = FACE_BOUND('',#2930,.T.);
#2930 = EDGE_LOOP('',(#2931,#2939,#2946,#2947));
#2931 = ORIENTED_EDGE('',*,*,#2932,.T.);
#2932 = EDGE_CURVE('',#2714,#2933,#2935,.T.);
#2933 = VERTEX_POINT('',#2934);
#2934 = CARTESIAN_POINT('',(0.6,-0.585,1.17));
#2935 = LINE('',#2936,#2937);
#2936 = CARTESIAN_POINT('',(-0.6,-0.585,1.17));
#2937 = VECTOR('',#2938,1.);
#2938 = DIRECTION('',(1.,0.,0.));
#2939 = ORIENTED_EDGE('',*,*,#2940,.T.);
#2940 = EDGE_CURVE('',#2933,#2910,#2941,.T.);
#2941 = CIRCLE('',#2942,4.E-02);
#2942 = AXIS2_PLACEMENT_3D('',#2943,#2944,#2945);
#2943 = CARTESIAN_POINT('',(0.6,-0.545,1.17));
#2944 = DIRECTION('',(-1.,0.,0.));
#2945 = DIRECTION('',(0.,0.,1.));
#2946 = ORIENTED_EDGE('',*,*,#2909,.F.);
#2947 = ORIENTED_EDGE('',*,*,#2721,.F.);
#2948 = CYLINDRICAL_SURFACE('',#2949,4.E-02);
#2949 = AXIS2_PLACEMENT_3D('',#2950,#2951,#2952);
#2950 = CARTESIAN_POINT('',(-0.6,-0.545,1.17));
#2951 = DIRECTION('',(1.,0.,0.));
#2952 = DIRECTION('',(0.,-1.,0.));
#2953 = ADVANCED_FACE('',(#2954),#2965,.F.);
#2954 = FACE_BOUND('',#2955,.F.);
#2955 = EDGE_LOOP('',(#2956,#2962,#2963,#2964));
#2956 = ORIENTED_EDGE('',*,*,#2957,.F.);
#2957 = EDGE_CURVE('',#2788,#2933,#2958,.T.);
#2958 = LINE('',#2959,#2960);
#2959 = CARTESIAN_POINT('',(0.6,-0.585,4.E-02));
#2960 = VECTOR('',#2961,1.);
#2961 = DIRECTION('',(0.,0.,1.));
#2962 = ORIENTED_EDGE('',*,*,#2796,.F.);
#2963 = ORIENTED_EDGE('',*,*,#2713,.T.);
#2964 = ORIENTED_EDGE('',*,*,#2932,.T.);
#2965 = PLANE('',#2966);
#2966 = AXIS2_PLACEMENT_3D('',#2967,#2968,#2969);
#2967 = CARTESIAN_POINT('',(-0.6,-0.585,4.E-02));
#2968 = DIRECTION('',(0.,1.,0.));
#2969 = DIRECTION('',(0.,-0.,1.));
#2970 = ADVANCED_FACE('',(#2971,#3041),#3051,.F.);
#2971 = FACE_BOUND('',#2972,.F.);
#2972 = EDGE_LOOP('',(#2973,#2983,#2992,#3000,#3009,#3017,#3026,#3034));
#2973 = ORIENTED_EDGE('',*,*,#2974,.F.);
#2974 = EDGE_CURVE('',#2975,#2977,#2979,.T.);
#2975 = VERTEX_POINT('',#2976);
#2976 = CARTESIAN_POINT('',(0.6,-0.625,4.E-02));
#2977 = VERTEX_POINT('',#2978);
#2978 = CARTESIAN_POINT('',(0.6,-0.625,1.21));
#2979 = LINE('',#2980,#2981);
#2980 = CARTESIAN_POINT('',(0.6,-0.625,0.));
#2981 = VECTOR('',#2982,1.);
#2982 = DIRECTION('',(0.,0.,1.));
#2983 = ORIENTED_EDGE('',*,*,#2984,.T.);
#2984 = EDGE_CURVE('',#2975,#2985,#2987,.T.);
#2985 = VERTEX_POINT('',#2986);
#2986 = CARTESIAN_POINT('',(0.6,-0.585,0.));
#2987 = CIRCLE('',#2988,4.E-02);
#2988 = AXIS2_PLACEMENT_3D('',#2989,#2990,#2991);
#2989 = CARTESIAN_POINT('',(0.6,-0.585,4.E-02));
#2990 = DIRECTION('',(1.,0.,-0.));
#2991 = DIRECTION('',(0.,0.,1.));
#2992 = ORIENTED_EDGE('',*,*,#2993,.T.);
#2993 = EDGE_CURVE('',#2985,#2994,#2996,.T.);
#2994 = VERTEX_POINT('',#2995);
#2995 = CARTESIAN_POINT('',(0.6,0.585,0.));
#2996 = LINE('',#2997,#2998);
#2997 = CARTESIAN_POINT('',(0.6,-0.625,0.));
#2998 = VECTOR('',#2999,1.);
#2999 = DIRECTION('',(0.,1.,0.));
#3000 = ORIENTED_EDGE('',*,*,#3001,.F.);
#3001 = EDGE_CURVE('',#3002,#2994,#3004,.T.);
#3002 = VERTEX_POINT('',#3003);
#3003 = CARTESIAN_POINT('',(0.6,0.625,4.E-02));
#3004 = CIRCLE('',#3005,4.E-02);
#3005 = AXIS2_PLACEMENT_3D('',#3006,#3007,#3008);
#3006 = CARTESIAN_POINT('',(0.6,0.585,4.E-02));
#3007 = DIRECTION('',(-1.,0.,0.));
#3008 = DIRECTION('',(0.,0.,1.));
#3009 = ORIENTED_EDGE('',*,*,#3010,.T.);
#3010 = EDGE_CURVE('',#3002,#3011,#3013,.T.);
#3011 = VERTEX_POINT('',#3012);
#3012 = CARTESIAN_POINT('',(0.6,0.625,1.21));
#3013 = LINE('',#3014,#3015);
#3014 = CARTESIAN_POINT('',(0.6,0.625,0.));
#3015 = VECTOR('',#3016,1.);
#3016 = DIRECTION('',(0.,0.,1.));
#3017 = ORIENTED_EDGE('',*,*,#3018,.T.);
#3018 = EDGE_CURVE('',#3011,#3019,#3021,.T.);
#3019 = VERTEX_POINT('',#3020);
#3020 = CARTESIAN_POINT('',(0.6,0.585,1.25));
#3021 = CIRCLE('',#3022,4.E-02);
#3022 = AXIS2_PLACEMENT_3D('',#3023,#3024,#3025);
#3023 = CARTESIAN_POINT('',(0.6,0.585,1.21));
#3024 = DIRECTION('',(1.,0.,-0.));
#3025 = DIRECTION('',(0.,0.,1.));
#3026 = ORIENTED_EDGE('',*,*,#3027,.F.);
#3027 = EDGE_CURVE('',#3028,#3019,#3030,.T.);
#3028 = VERTEX_POINT('',#3029);
#3029 = CARTESIAN_POINT('',(0.6,-0.585,1.25));
#3030 = LINE('',#3031,#3032);
#3031 = CARTESIAN_POINT('',(0.6,-0.625,1.25));
#3032 = VECTOR('',#3033,1.);
#3033 = DIRECTION('',(0.,1.,0.));
#3034 = ORIENTED_EDGE('',*,*,#3035,.F.);
#3035 = EDGE_CURVE('',#2977,#3028,#3036,.T.);
#3036 = CIRCLE('',#3037,4.E-02);
#3037 = AXIS2_PLACEMENT_3D('',#3038,#3039,#3040);
#3038 = CARTESIAN_POINT('',(0.6,-0.585,1.21));
#3039 = DIRECTION('',(-1.,0.,0.));
#3040 = DIRECTION('',(0.,0.,1.));
#3041 = FACE_BOUND('',#3042,.F.);
#3042 = EDGE_LOOP('',(#3043,#3044,#3045,#3046,#3047,#3048,#3049,#3050));
#3043 = ORIENTED_EDGE('',*,*,#2787,.F.);
#3044 = ORIENTED_EDGE('',*,*,#2957,.T.);
#3045 = ORIENTED_EDGE('',*,*,#2940,.T.);
#3046 = ORIENTED_EDGE('',*,*,#2917,.T.);
#3047 = ORIENTED_EDGE('',*,*,#2892,.F.);
#3048 = ORIENTED_EDGE('',*,*,#2859,.F.);
#3049 = ORIENTED_EDGE('',*,*,#2842,.T.);
#3050 = ORIENTED_EDGE('',*,*,#2812,.F.);
#3051 = PLANE('',#3052);
#3052 = AXIS2_PLACEMENT_3D('',#3053,#3054,#3055);
#3053 = CARTESIAN_POINT('',(0.6,-0.625,0.));
#3054 = DIRECTION('',(1.,0.,0.));
#3055 = DIRECTION('',(0.,0.,1.));
#3056 = ADVANCED_FACE('',(#3057),#3082,.F.);
#3057 = FACE_BOUND('',#3058,.F.);
#3058 = EDGE_LOOP('',(#3059,#3069,#3075,#3076));
#3059 = ORIENTED_EDGE('',*,*,#3060,.F.);
#3060 = EDGE_CURVE('',#3061,#3063,#3065,.T.);
#3061 = VERTEX_POINT('',#3062);
#3062 = CARTESIAN_POINT('',(1.,-0.625,4.E-02));
#3063 = VERTEX_POINT('',#3064);
#3064 = CARTESIAN_POINT('',(1.,-0.625,1.21));
#3065 = LINE('',#3066,#3067);
#3066 = CARTESIAN_POINT('',(1.,-0.625,0.));
#3067 = VECTOR('',#3068,1.);
#3068 = DIRECTION('',(0.,0.,1.));
#3069 = ORIENTED_EDGE('',*,*,#3070,.F.);
#3070 = EDGE_CURVE('',#2975,#3061,#3071,.T.);
#3071 = LINE('',#3072,#3073);
#3072 = CARTESIAN_POINT('',(0.6,-0.625,4.E-02));
#3073 = VECTOR('',#3074,1.);
#3074 = DIRECTION('',(1.,0.,0.));
#3075 = ORIENTED_EDGE('',*,*,#2974,.T.);
#3076 = ORIENTED_EDGE('',*,*,#3077,.T.);
#3077 = EDGE_CURVE('',#2977,#3063,#3078,.T.);
#3078 = LINE('',#3079,#3080);
#3079 = CARTESIAN_POINT('',(0.6,-0.625,1.21));
#3080 = VECTOR('',#3081,1.);
#3081 = DIRECTION('',(1.,0.,0.));
#3082 = PLANE('',#3083);
#3083 = AXIS2_PLACEMENT_3D('',#3084,#3085,#3086);
#3084 = CARTESIAN_POINT('',(0.6,-0.625,0.));
#3085 = DIRECTION('',(0.,1.,0.));
#3086 = DIRECTION('',(0.,-0.,1.));
#3087 = ADVANCED_FACE('',(#3088),#3107,.T.);
#3088 = FACE_BOUND('',#3089,.T.);
#3089 = EDGE_LOOP('',(#3090,#3091,#3099,#3106));
#3090 = ORIENTED_EDGE('',*,*,#2984,.T.);
#3091 = ORIENTED_EDGE('',*,*,#3092,.T.);
#3092 = EDGE_CURVE('',#2985,#3093,#3095,.T.);
#3093 = VERTEX_POINT('',#3094);
#3094 = CARTESIAN_POINT('',(1.,-0.585,0.));
#3095 = LINE('',#3096,#3097);
#3096 = CARTESIAN_POINT('',(0.6,-0.585,0.));
#3097 = VECTOR('',#3098,1.);
#3098 = DIRECTION('',(1.,0.,0.));
#3099 = ORIENTED_EDGE('',*,*,#3100,.F.);
#3100 = EDGE_CURVE('',#3061,#3093,#3101,.T.);
#3101 = CIRCLE('',#3102,4.E-02);
#3102 = AXIS2_PLACEMENT_3D('',#3103,#3104,#3105);
#3103 = CARTESIAN_POINT('',(1.,-0.585,4.E-02));
#3104 = DIRECTION('',(1.,0.,-0.));
#3105 = DIRECTION('',(0.,0.,1.));
#3106 = ORIENTED_EDGE('',*,*,#3070,.F.);
#3107 = CYLINDRICAL_SURFACE('',#3108,4.E-02);
#3108 = AXIS2_PLACEMENT_3D('',#3109,#3110,#3111);
#3109 = CARTESIAN_POINT('',(0.6,-0.585,4.E-02));
#3110 = DIRECTION('',(1.,0.,0.));
#3111 = DIRECTION('',(0.,-1.,0.));
#3112 = ADVANCED_FACE('',(#3113),#3132,.T.);
#3113 = FACE_BOUND('',#3114,.T.);
#3114 = EDGE_LOOP('',(#3115,#3116,#3125,#3131));
#3115 = ORIENTED_EDGE('',*,*,#3077,.T.);
#3116 = ORIENTED_EDGE('',*,*,#3117,.T.);
#3117 = EDGE_CURVE('',#3063,#3118,#3120,.T.);
#3118 = VERTEX_POINT('',#3119);
#3119 = CARTESIAN_POINT('',(1.,-0.585,1.25));
#3120 = CIRCLE('',#3121,4.E-02);
#3121 = AXIS2_PLACEMENT_3D('',#3122,#3123,#3124);
#3122 = CARTESIAN_POINT('',(1.,-0.585,1.21));
#3123 = DIRECTION('',(-1.,0.,0.));
#3124 = DIRECTION('',(0.,0.,1.));
#3125 = ORIENTED_EDGE('',*,*,#3126,.F.);
#3126 = EDGE_CURVE('',#3028,#3118,#3127,.T.);
#3127 = LINE('',#3128,#3129);
#3128 = CARTESIAN_POINT('',(0.6,-0.585,1.25));
#3129 = VECTOR('',#3130,1.);
#3130 = DIRECTION('',(1.,0.,0.));
#3131 = ORIENTED_EDGE('',*,*,#3035,.F.);
#3132 = CYLINDRICAL_SURFACE('',#3133,4.E-02);
#3133 = AXIS2_PLACEMENT_3D('',#3134,#3135,#3136);
#3134 = CARTESIAN_POINT('',(0.6,-0.585,1.21));
#3135 = DIRECTION('',(1.,0.,0.));
#3136 = DIRECTION('',(0.,-1.,0.));
#3137 = ADVANCED_FACE('',(#3138),#3156,.F.);
#3138 = FACE_BOUND('',#3139,.F.);
#3139 = EDGE_LOOP('',(#3140,#3141,#3142,#3150));
#3140 = ORIENTED_EDGE('',*,*,#2993,.F.);
#3141 = ORIENTED_EDGE('',*,*,#3092,.T.);
#3142 = ORIENTED_EDGE('',*,*,#3143,.T.);
#3143 = EDGE_CURVE('',#3093,#3144,#3146,.T.);
#3144 = VERTEX_POINT('',#3145);
#3145 = CARTESIAN_POINT('',(1.,0.585,0.));
#3146 = LINE('',#3147,#3148);
#3147 = CARTESIAN_POINT('',(1.,-0.625,0.));
#3148 = VECTOR('',#3149,1.);
#3149 = DIRECTION('',(0.,1.,0.));
#3150 = ORIENTED_EDGE('',*,*,#3151,.F.);
#3151 = EDGE_CURVE('',#2994,#3144,#3152,.T.);
#3152 = LINE('',#3153,#3154);
#3153 = CARTESIAN_POINT('',(0.6,0.585,0.));
#3154 = VECTOR('',#3155,1.);
#3155 = DIRECTION('',(1.,0.,0.));
#3156 = PLANE('',#3157);
#3157 = AXIS2_PLACEMENT_3D('',#3158,#3159,#3160);
#3158 = CARTESIAN_POINT('',(0.6,-0.625,0.));
#3159 = DIRECTION('',(0.,0.,1.));
#3160 = DIRECTION('',(1.,0.,-0.));
#3161 = ADVANCED_FACE('',(#3162),#3180,.T.);
#3162 = FACE_BOUND('',#3163,.T.);
#3163 = EDGE_LOOP('',(#3164,#3165,#3166,#3174));
#3164 = ORIENTED_EDGE('',*,*,#3027,.F.);
#3165 = ORIENTED_EDGE('',*,*,#3126,.T.);
#3166 = ORIENTED_EDGE('',*,*,#3167,.T.);
#3167 = EDGE_CURVE('',#3118,#3168,#3170,.T.);
#3168 = VERTEX_POINT('',#3169);
#3169 = CARTESIAN_POINT('',(1.,0.585,1.25));
#3170 = LINE('',#3171,#3172);
#3171 = CARTESIAN_POINT('',(1.,-0.625,1.25));
#3172 = VECTOR('',#3173,1.);
#3173 = DIRECTION('',(0.,1.,0.));
#3174 = ORIENTED_EDGE('',*,*,#3175,.F.);
#3175 = EDGE_CURVE('',#3019,#3168,#3176,.T.);
#3176 = LINE('',#3177,#3178);
#3177 = CARTESIAN_POINT('',(0.6,0.585,1.25));
#3178 = VECTOR('',#3179,1.);
#3179 = DIRECTION('',(1.,0.,0.));
#3180 = PLANE('',#3181);
#3181 = AXIS2_PLACEMENT_3D('',#3182,#3183,#3184);
#3182 = CARTESIAN_POINT('',(0.6,-0.625,1.25));
#3183 = DIRECTION('',(0.,0.,1.));
#3184 = DIRECTION('',(1.,0.,-0.));
#3185 = ADVANCED_FACE('',(#3186),#3205,.T.);
#3186 = FACE_BOUND('',#3187,.T.);
#3187 = EDGE_LOOP('',(#3188,#3196,#3203,#3204));
#3188 = ORIENTED_EDGE('',*,*,#3189,.T.);
#3189 = EDGE_CURVE('',#3002,#3190,#3192,.T.);
#3190 = VERTEX_POINT('',#3191);
#3191 = CARTESIAN_POINT('',(1.,0.625,4.E-02));
#3192 = LINE('',#3193,#3194);
#3193 = CARTESIAN_POINT('',(0.6,0.625,4.E-02));
#3194 = VECTOR('',#3195,1.);
#3195 = DIRECTION('',(1.,0.,0.));
#3196 = ORIENTED_EDGE('',*,*,#3197,.T.);
#3197 = EDGE_CURVE('',#3190,#3144,#3198,.T.);
#3198 = CIRCLE('',#3199,4.E-02);
#3199 = AXIS2_PLACEMENT_3D('',#3200,#3201,#3202);
#3200 = CARTESIAN_POINT('',(1.,0.585,4.E-02));
#3201 = DIRECTION('',(-1.,0.,0.));
#3202 = DIRECTION('',(0.,0.,1.));
#3203 = ORIENTED_EDGE('',*,*,#3151,.F.);
#3204 = ORIENTED_EDGE('',*,*,#3001,.F.);
#3205 = CYLINDRICAL_SURFACE('',#3206,4.E-02);
#3206 = AXIS2_PLACEMENT_3D('',#3207,#3208,#3209);
#3207 = CARTESIAN_POINT('',(0.6,0.585,4.E-02));
#3208 = DIRECTION('',(1.,0.,0.));
#3209 = DIRECTION('',(-0.,1.,0.));
#3210 = ADVANCED_FACE('',(#3211),#3230,.T.);
#3211 = FACE_BOUND('',#3212,.T.);
#3212 = EDGE_LOOP('',(#3213,#3214,#3215,#3224));
#3213 = ORIENTED_EDGE('',*,*,#3018,.T.);
#3214 = ORIENTED_EDGE('',*,*,#3175,.T.);
#3215 = ORIENTED_EDGE('',*,*,#3216,.F.);
#3216 = EDGE_CURVE('',#3217,#3168,#3219,.T.);
#3217 = VERTEX_POINT('',#3218);
#3218 = CARTESIAN_POINT('',(1.,0.625,1.21));
#3219 = CIRCLE('',#3220,4.E-02);
#3220 = AXIS2_PLACEMENT_3D('',#3221,#3222,#3223);
#3221 = CARTESIAN_POINT('',(1.,0.585,1.21));
#3222 = DIRECTION('',(1.,0.,-0.));
#3223 = DIRECTION('',(0.,0.,1.));
#3224 = ORIENTED_EDGE('',*,*,#3225,.F.);
#3225 = EDGE_CURVE('',#3011,#3217,#3226,.T.);
#3226 = LINE('',#3227,#3228);
#3227 = CARTESIAN_POINT('',(0.6,0.625,1.21));
#3228 = VECTOR('',#3229,1.);
#3229 = DIRECTION('',(1.,0.,0.));
#3230 = CYLINDRICAL_SURFACE('',#3231,4.E-02);
#3231 = AXIS2_PLACEMENT_3D('',#3232,#3233,#3234);
#3232 = CARTESIAN_POINT('',(0.6,0.585,1.21));
#3233 = DIRECTION('',(1.,0.,0.));
#3234 = DIRECTION('',(-0.,1.,0.));
#3235 = ADVANCED_FACE('',(#3236),#3247,.T.);
#3236 = FACE_BOUND('',#3237,.T.);
#3237 = EDGE_LOOP('',(#3238,#3244,#3245,#3246));
#3238 = ORIENTED_EDGE('',*,*,#3239,.F.);
#3239 = EDGE_CURVE('',#3190,#3217,#3240,.T.);
#3240 = LINE('',#3241,#3242);
#3241 = CARTESIAN_POINT('',(1.,0.625,0.));
#3242 = VECTOR('',#3243,1.);
#3243 = DIRECTION('',(0.,0.,1.));
#3244 = ORIENTED_EDGE('',*,*,#3189,.F.);
#3245 = ORIENTED_EDGE('',*,*,#3010,.T.);
#3246 = ORIENTED_EDGE('',*,*,#3225,.T.);
#3247 = PLANE('',#3248);
#3248 = AXIS2_PLACEMENT_3D('',#3249,#3250,#3251);
#3249 = CARTESIAN_POINT('',(0.6,0.625,0.));
#3250 = DIRECTION('',(0.,1.,0.));
#3251 = DIRECTION('',(0.,-0.,1.));
#3252 = ADVANCED_FACE('',(#3253),#3263,.T.);
#3253 = FACE_BOUND('',#3254,.T.);
#3254 = EDGE_LOOP('',(#3255,#3256,#3257,#3258,#3259,#3260,#3261,#3262));
#3255 = ORIENTED_EDGE('',*,*,#3060,.F.);
#3256 = ORIENTED_EDGE('',*,*,#3100,.T.);
#3257 = ORIENTED_EDGE('',*,*,#3143,.T.);
#3258 = ORIENTED_EDGE('',*,*,#3197,.F.);
#3259 = ORIENTED_EDGE('',*,*,#3239,.T.);
#3260 = ORIENTED_EDGE('',*,*,#3216,.T.);
#3261 = ORIENTED_EDGE('',*,*,#3167,.F.);
#3262 = ORIENTED_EDGE('',*,*,#3117,.F.);
#3263 = PLANE('',#3264);
#3264 = AXIS2_PLACEMENT_3D('',#3265,#3266,#3267);
#3265 = CARTESIAN_POINT('',(1.,-0.625,0.));
#3266 = DIRECTION('',(1.,0.,0.));
#3267 = DIRECTION('',(0.,0.,1.));
#3268 = ( GEOMETRIC_REPRESENTATION_CONTEXT(3) 
GLOBAL_UNCERTAINTY_ASSIGNED_CONTEXT((#3272)) 
GLOBAL_UNIT_ASSIGNED_CONTEXT((#3269,#3270,#3271)) REPRESENTATION_CONTEXT
('Context #1','3D Context with UNIT and UNCERTAINTY') );
#3269 = ( LENGTH_UNIT() NAMED_UNIT(*) SI_UNIT(.MILLI.,.METRE.) );
#3270 = ( NAMED_UNIT(*) PLANE_ANGLE_UNIT() SI_UNIT($,.RADIAN.) );
#3271 = ( NAMED_UNIT(*) SI_UNIT($,.STERADIAN.) SOLID_ANGLE_UNIT() );
#3272 = UNCERTAINTY_MEASURE_WITH_UNIT(LENGTH_MEASURE(1.E-07),#3269,
  'distance_accuracy_value','confusion accuracy');
#3273 = CONTEXT_DEPENDENT_SHAPE_REPRESENTATION(#3274,#3276);
#3274 = ( REPRESENTATION_RELATIONSHIP('','',#2413,#10) 
REPRESENTATION_RELATIONSHIP_WITH_TRANSFORMATION(#3275) 
SHAPE_REPRESENTATION_RELATIONSHIP() );
#3275 = ITEM_DEFINED_TRANSFORMATION('','',#11,#31);
#3276 = PRODUCT_DEFINITION_SHAPE('Placement','Placement of an item',
  #3277);
#3277 = NEXT_ASSEMBLY_USAGE_OCCURRENCE('5','C1','',#5,#2408,$);
#3278 = PRODUCT_RELATED_PRODUCT_CATEGORY('part',$,(#2410));
#3279 = SHAPE_DEFINITION_REPRESENTATION(#3280,#3286);
#3280 = PRODUCT_DEFINITION_SHAPE('','',#3281);
#3281 = PRODUCT_DEFINITION('design','',#3282,#3285);
#3282 = PRODUCT_DEFINITION_FORMATION('','',#3283);
#3283 = PRODUCT('sensor device_PCB','sensor device_PCB','',(#3284));
#3284 = PRODUCT_CONTEXT('',#2,'mechanical');
#3285 = PRODUCT_DEFINITION_CONTEXT('part definition',#2,'design');
#3286 = ADVANCED_BREP_SHAPE_REPRESENTATION('',(#11,#3287),#4357);
#3287 = MANIFOLD_SOLID_BREP('',#3288);
#3288 = CLOSED_SHELL('',(#3289,#3331,#3362,#3393,#3665,#3937,#3954,#3971
    ,#3988,#4005,#4017,#4034,#4051,#4068,#4085,#4102,#4119,#4136,#4153,
    #4170,#4187,#4204,#4221,#4238,#4255,#4272,#4289,#4306,#4323,#4340));
#3289 = ADVANCED_FACE('',(#3290),#3326,.T.);
#3290 = FACE_BOUND('',#3291,.T.);
#3291 = EDGE_LOOP('',(#3292,#3302,#3311,#3319));
#3292 = ORIENTED_EDGE('',*,*,#3293,.T.);
#3293 = EDGE_CURVE('',#3294,#3296,#3298,.T.);
#3294 = VERTEX_POINT('',#3295);
#3295 = CARTESIAN_POINT('',(179.,-82.,0.));
#3296 = VERTEX_POINT('',#3297);
#3297 = CARTESIAN_POINT('',(179.,-82.,1.51));
#3298 = LINE('',#3299,#3300);
#3299 = CARTESIAN_POINT('',(179.,-82.,0.));
#3300 = VECTOR('',#3301,1.);
#3301 = DIRECTION('',(0.,0.,1.));
#3302 = ORIENTED_EDGE('',*,*,#3303,.T.);
#3303 = EDGE_CURVE('',#3296,#3304,#3306,.T.);
#3304 = VERTEX_POINT('',#3305);
#3305 = CARTESIAN_POINT('',(180.,-83.,1.51));
#3306 = CIRCLE('',#3307,0.999999252925);
#3307 = AXIS2_PLACEMENT_3D('',#3308,#3309,#3310);
#3308 = CARTESIAN_POINT('',(179.00000074707,-82.99999925292,1.51));
#3309 = DIRECTION('',(0.,0.,-1.));
#3310 = DIRECTION('',(-7.470757349539E-07,1.,0.));
#3311 = ORIENTED_EDGE('',*,*,#3312,.F.);
#3312 = EDGE_CURVE('',#3313,#3304,#3315,.T.);
#3313 = VERTEX_POINT('',#3314);
#3314 = CARTESIAN_POINT('',(180.,-83.,0.));
#3315 = LINE('',#3316,#3317);
#3316 = CARTESIAN_POINT('',(180.,-83.,0.));
#3317 = VECTOR('',#3318,1.);
#3318 = DIRECTION('',(0.,0.,1.));
#3319 = ORIENTED_EDGE('',*,*,#3320,.F.);
#3320 = EDGE_CURVE('',#3294,#3313,#3321,.T.);
#3321 = CIRCLE('',#3322,0.999999252925);
#3322 = AXIS2_PLACEMENT_3D('',#3323,#3324,#3325);
#3323 = CARTESIAN_POINT('',(179.00000074707,-82.99999925292,0.));
#3324 = DIRECTION('',(0.,0.,-1.));
#3325 = DIRECTION('',(-7.470757349539E-07,1.,0.));
#3326 = CYLINDRICAL_SURFACE('',#3327,0.999999252925);
#3327 = AXIS2_PLACEMENT_3D('',#3328,#3329,#3330);
#3328 = CARTESIAN_POINT('',(179.00000074707,-82.99999925292,0.));
#3329 = DIRECTION('',(0.,0.,-1.));
#3330 = DIRECTION('',(-7.470757349539E-07,1.,0.));
#3331 = ADVANCED_FACE('',(#3332),#3357,.T.);
#3332 = FACE_BOUND('',#3333,.T.);
#3333 = EDGE_LOOP('',(#3334,#3344,#3350,#3351));
#3334 = ORIENTED_EDGE('',*,*,#3335,.T.);
#3335 = EDGE_CURVE('',#3336,#3338,#3340,.T.);
#3336 = VERTEX_POINT('',#3337);
#3337 = CARTESIAN_POINT('',(132.5,-82.,0.));
#3338 = VERTEX_POINT('',#3339);
#3339 = CARTESIAN_POINT('',(132.5,-82.,1.51));
#3340 = LINE('',#3341,#3342);
#3341 = CARTESIAN_POINT('',(132.5,-82.,0.));
#3342 = VECTOR('',#3343,1.);
#3343 = DIRECTION('',(0.,0.,1.));
#3344 = ORIENTED_EDGE('',*,*,#3345,.T.);
#3345 = EDGE_CURVE('',#3338,#3296,#3346,.T.);
#3346 = LINE('',#3347,#3348);
#3347 = CARTESIAN_POINT('',(132.5,-82.,1.51));
#3348 = VECTOR('',#3349,1.);
#3349 = DIRECTION('',(1.,0.,0.));
#3350 = ORIENTED_EDGE('',*,*,#3293,.F.);
#3351 = ORIENTED_EDGE('',*,*,#3352,.F.);
#3352 = EDGE_CURVE('',#3336,#3294,#3353,.T.);
#3353 = LINE('',#3354,#3355);
#3354 = CARTESIAN_POINT('',(132.5,-82.,0.));
#3355 = VECTOR('',#3356,1.);
#3356 = DIRECTION('',(1.,0.,0.));
#3357 = PLANE('',#3358);
#3358 = AXIS2_PLACEMENT_3D('',#3359,#3360,#3361);
#3359 = CARTESIAN_POINT('',(132.5,-82.,0.));
#3360 = DIRECTION('',(0.,1.,0.));
#3361 = DIRECTION('',(1.,0.,0.));
#3362 = ADVANCED_FACE('',(#3363),#3388,.T.);
#3363 = FACE_BOUND('',#3364,.T.);
#3364 = EDGE_LOOP('',(#3365,#3366,#3374,#3382));
#3365 = ORIENTED_EDGE('',*,*,#3312,.T.);
#3366 = ORIENTED_EDGE('',*,*,#3367,.T.);
#3367 = EDGE_CURVE('',#3304,#3368,#3370,.T.);
#3368 = VERTEX_POINT('',#3369);
#3369 = CARTESIAN_POINT('',(180.,-134.,1.51));
#3370 = LINE('',#3371,#3372);
#3371 = CARTESIAN_POINT('',(180.,-83.,1.51));
#3372 = VECTOR('',#3373,1.);
#3373 = DIRECTION('',(0.,-1.,0.));
#3374 = ORIENTED_EDGE('',*,*,#3375,.F.);
#3375 = EDGE_CURVE('',#3376,#3368,#3378,.T.);
#3376 = VERTEX_POINT('',#3377);
#3377 = CARTESIAN_POINT('',(180.,-134.,0.));
#3378 = LINE('',#3379,#3380);
#3379 = CARTESIAN_POINT('',(180.,-134.,0.));
#3380 = VECTOR('',#3381,1.);
#3381 = DIRECTION('',(0.,0.,1.));
#3382 = ORIENTED_EDGE('',*,*,#3383,.F.);
#3383 = EDGE_CURVE('',#3313,#3376,#3384,.T.);
#3384 = LINE('',#3385,#3386);
#3385 = CARTESIAN_POINT('',(180.,-83.,0.));
#3386 = VECTOR('',#3387,1.);
#3387 = DIRECTION('',(0.,-1.,0.));
#3388 = PLANE('',#3389);
#3389 = AXIS2_PLACEMENT_3D('',#3390,#3391,#3392);
#3390 = CARTESIAN_POINT('',(180.,-83.,0.));
#3391 = DIRECTION('',(1.,0.,-0.));
#3392 = DIRECTION('',(0.,-1.,0.));
#3393 = ADVANCED_FACE('',(#3394,#3440,#3451,#3462,#3473,#3484,#3495,
    #3506,#3517,#3528,#3539,#3550,#3561,#3572,#3583,#3594,#3605,#3616,
    #3627,#3638,#3649),#3660,.F.);
#3394 = FACE_BOUND('',#3395,.F.);
#3395 = EDGE_LOOP('',(#3396,#3397,#3398,#3407,#3415,#3424,#3432,#3439));
#3396 = ORIENTED_EDGE('',*,*,#3320,.F.);
#3397 = ORIENTED_EDGE('',*,*,#3352,.F.);
#3398 = ORIENTED_EDGE('',*,*,#3399,.F.);
#3399 = EDGE_CURVE('',#3400,#3336,#3402,.T.);
#3400 = VERTEX_POINT('',#3401);
#3401 = CARTESIAN_POINT('',(131.5,-83.,0.));
#3402 = CIRCLE('',#3403,0.999999252925);
#3403 = AXIS2_PLACEMENT_3D('',#3404,#3405,#3406);
#3404 = CARTESIAN_POINT('',(132.49999925292,-82.99999925292,0.));
#3405 = DIRECTION('',(0.,0.,-1.));
#3406 = DIRECTION('',(-1.,-7.470757491648E-07,-0.));
#3407 = ORIENTED_EDGE('',*,*,#3408,.F.);
#3408 = EDGE_CURVE('',#3409,#3400,#3411,.T.);
#3409 = VERTEX_POINT('',#3410);
#3410 = CARTESIAN_POINT('',(131.5,-134.,0.));
#3411 = LINE('',#3412,#3413);
#3412 = CARTESIAN_POINT('',(131.5,-134.,0.));
#3413 = VECTOR('',#3414,1.);
#3414 = DIRECTION('',(0.,1.,0.));
#3415 = ORIENTED_EDGE('',*,*,#3416,.F.);
#3416 = EDGE_CURVE('',#3417,#3409,#3419,.T.);
#3417 = VERTEX_POINT('',#3418);
#3418 = CARTESIAN_POINT('',(132.5,-135.,0.));
#3419 = CIRCLE('',#3420,0.999999252925);
#3420 = AXIS2_PLACEMENT_3D('',#3421,#3422,#3423);
#3421 = CARTESIAN_POINT('',(132.49999925292,-134.000000747,0.));
#3422 = DIRECTION('',(0.,0.,-1.));
#3423 = DIRECTION('',(7.470757633756E-07,-1.,0.));
#3424 = ORIENTED_EDGE('',*,*,#3425,.F.);
#3425 = EDGE_CURVE('',#3426,#3417,#3428,.T.);
#3426 = VERTEX_POINT('',#3427);
#3427 = CARTESIAN_POINT('',(179.,-135.,0.));
#3428 = LINE('',#3429,#3430);
#3429 = CARTESIAN_POINT('',(179.,-135.,0.));
#3430 = VECTOR('',#3431,1.);
#3431 = DIRECTION('',(-1.,0.,0.));
#3432 = ORIENTED_EDGE('',*,*,#3433,.F.);
#3433 = EDGE_CURVE('',#3376,#3426,#3434,.T.);
#3434 = CIRCLE('',#3435,0.999999252925);
#3435 = AXIS2_PLACEMENT_3D('',#3436,#3437,#3438);
#3436 = CARTESIAN_POINT('',(179.00000074707,-134.000000747,0.));
#3437 = DIRECTION('',(0.,0.,-1.));
#3438 = DIRECTION('',(1.,7.470757633756E-07,0.));
#3439 = ORIENTED_EDGE('',*,*,#3383,.F.);
#3440 = FACE_BOUND('',#3441,.F.);
#3441 = EDGE_LOOP('',(#3442));
#3442 = ORIENTED_EDGE('',*,*,#3443,.T.);
#3443 = EDGE_CURVE('',#3444,#3444,#3446,.T.);
#3444 = VERTEX_POINT('',#3445);
#3445 = CARTESIAN_POINT('',(135.26,-107.248,0.));
#3446 = CIRCLE('',#3447,0.508);
#3447 = AXIS2_PLACEMENT_3D('',#3448,#3449,#3450);
#3448 = CARTESIAN_POINT('',(135.26,-106.74,0.));
#3449 = DIRECTION('',(-0.,0.,-1.));
#3450 = DIRECTION('',(-0.,-1.,0.));
#3451 = FACE_BOUND('',#3452,.F.);
#3452 = EDGE_LOOP('',(#3453));
#3453 = ORIENTED_EDGE('',*,*,#3454,.T.);
#3454 = EDGE_CURVE('',#3455,#3455,#3457,.T.);
#3455 = VERTEX_POINT('',#3456);
#3456 = CARTESIAN_POINT('',(137.8,-107.248,0.));
#3457 = CIRCLE('',#3458,0.508);
#3458 = AXIS2_PLACEMENT_3D('',#3459,#3460,#3461);
#3459 = CARTESIAN_POINT('',(137.8,-106.74,0.));
#3460 = DIRECTION('',(-0.,0.,-1.));
#3461 = DIRECTION('',(-0.,-1.,0.));
#3462 = FACE_BOUND('',#3463,.F.);
#3463 = EDGE_LOOP('',(#3464));
#3464 = ORIENTED_EDGE('',*,*,#3465,.T.);
#3465 = EDGE_CURVE('',#3466,#3466,#3468,.T.);
#3466 = VERTEX_POINT('',#3467);
#3467 = CARTESIAN_POINT('',(140.34,-107.248,0.));
#3468 = CIRCLE('',#3469,0.508);
#3469 = AXIS2_PLACEMENT_3D('',#3470,#3471,#3472);
#3470 = CARTESIAN_POINT('',(140.34,-106.74,0.));
#3471 = DIRECTION('',(-0.,0.,-1.));
#3472 = DIRECTION('',(-0.,-1.,0.));
#3473 = FACE_BOUND('',#3474,.F.);
#3474 = EDGE_LOOP('',(#3475));
#3475 = ORIENTED_EDGE('',*,*,#3476,.T.);
#3476 = EDGE_CURVE('',#3477,#3477,#3479,.T.);
#3477 = VERTEX_POINT('',#3478);
#3478 = CARTESIAN_POINT('',(142.88,-107.248,0.));
#3479 = CIRCLE('',#3480,0.508);
#3480 = AXIS2_PLACEMENT_3D('',#3481,#3482,#3483);
#3481 = CARTESIAN_POINT('',(142.88,-106.74,0.));
#3482 = DIRECTION('',(-0.,0.,-1.));
#3483 = DIRECTION('',(-0.,-1.,0.));
#3484 = FACE_BOUND('',#3485,.F.);
#3485 = EDGE_LOOP('',(#3486));
#3486 = ORIENTED_EDGE('',*,*,#3487,.T.);
#3487 = EDGE_CURVE('',#3488,#3488,#3490,.T.);
#3488 = VERTEX_POINT('',#3489);
#3489 = CARTESIAN_POINT('',(145.42,-107.248,0.));
#3490 = CIRCLE('',#3491,0.508);
#3491 = AXIS2_PLACEMENT_3D('',#3492,#3493,#3494);
#3492 = CARTESIAN_POINT('',(145.42,-106.74,0.));
#3493 = DIRECTION('',(-0.,0.,-1.));
#3494 = DIRECTION('',(-5.594824691025E-14,-1.,0.));
#3495 = FACE_BOUND('',#3496,.F.);
#3496 = EDGE_LOOP('',(#3497));
#3497 = ORIENTED_EDGE('',*,*,#3498,.T.);
#3498 = EDGE_CURVE('',#3499,#3499,#3501,.T.);
#3499 = VERTEX_POINT('',#3500);
#3500 = CARTESIAN_POINT('',(147.96,-107.248,0.));
#3501 = CIRCLE('',#3502,0.508);
#3502 = AXIS2_PLACEMENT_3D('',#3503,#3504,#3505);
#3503 = CARTESIAN_POINT('',(147.96,-106.74,0.));
#3504 = DIRECTION('',(-0.,0.,-1.));
#3505 = DIRECTION('',(5.594824691024E-14,-1.,-0.));
#3506 = FACE_BOUND('',#3507,.F.);
#3507 = EDGE_LOOP('',(#3508));
#3508 = ORIENTED_EDGE('',*,*,#3509,.T.);
#3509 = EDGE_CURVE('',#3510,#3510,#3512,.T.);
#3510 = VERTEX_POINT('',#3511);
#3511 = CARTESIAN_POINT('',(151.88,-114.51,0.));
#3512 = CIRCLE('',#3513,0.51);
#3513 = AXIS2_PLACEMENT_3D('',#3514,#3515,#3516);
#3514 = CARTESIAN_POINT('',(151.88,-114.,0.));
#3515 = DIRECTION('',(-0.,0.,-1.));
#3516 = DIRECTION('',(-0.,-1.,0.));
#3517 = FACE_BOUND('',#3518,.F.);
#3518 = EDGE_LOOP('',(#3519));
#3519 = ORIENTED_EDGE('',*,*,#3520,.T.);
#3520 = EDGE_CURVE('',#3521,#3521,#3523,.T.);
#3521 = VERTEX_POINT('',#3522);
#3522 = CARTESIAN_POINT('',(154.42,-114.51,0.));
#3523 = CIRCLE('',#3524,0.51);
#3524 = AXIS2_PLACEMENT_3D('',#3525,#3526,#3527);
#3525 = CARTESIAN_POINT('',(154.42,-114.,0.));
#3526 = DIRECTION('',(-0.,0.,-1.));
#3527 = DIRECTION('',(-5.57288420204E-14,-1.,0.));
#3528 = FACE_BOUND('',#3529,.F.);
#3529 = EDGE_LOOP('',(#3530));
#3530 = ORIENTED_EDGE('',*,*,#3531,.T.);
#3531 = EDGE_CURVE('',#3532,#3532,#3534,.T.);
#3532 = VERTEX_POINT('',#3533);
#3533 = CARTESIAN_POINT('',(156.96,-114.51,0.));
#3534 = CIRCLE('',#3535,0.51);
#3535 = AXIS2_PLACEMENT_3D('',#3536,#3537,#3538);
#3536 = CARTESIAN_POINT('',(156.96,-114.,0.));
#3537 = DIRECTION('',(-0.,0.,-1.));
#3538 = DIRECTION('',(5.57288420204E-14,-1.,-0.));
#3539 = FACE_BOUND('',#3540,.F.);
#3540 = EDGE_LOOP('',(#3541));
#3541 = ORIENTED_EDGE('',*,*,#3542,.T.);
#3542 = EDGE_CURVE('',#3543,#3543,#3545,.T.);
#3543 = VERTEX_POINT('',#3544);
#3544 = CARTESIAN_POINT('',(159.5,-114.51,0.));
#3545 = CIRCLE('',#3546,0.51);
#3546 = AXIS2_PLACEMENT_3D('',#3547,#3548,#3549);
#3547 = CARTESIAN_POINT('',(159.5,-114.,0.));
#3548 = DIRECTION('',(-0.,0.,-1.));
#3549 = DIRECTION('',(-0.,-1.,0.));
#3550 = FACE_BOUND('',#3551,.F.);
#3551 = EDGE_LOOP('',(#3552));
#3552 = ORIENTED_EDGE('',*,*,#3553,.T.);
#3553 = EDGE_CURVE('',#3554,#3554,#3556,.T.);
#3554 = VERTEX_POINT('',#3555);
#3555 = CARTESIAN_POINT('',(150.5,-107.248,0.));
#3556 = CIRCLE('',#3557,0.508);
#3557 = AXIS2_PLACEMENT_3D('',#3558,#3559,#3560);
#3558 = CARTESIAN_POINT('',(150.5,-106.74,0.));
#3559 = DIRECTION('',(-0.,0.,-1.));
#3560 = DIRECTION('',(-0.,-1.,0.));
#3561 = FACE_BOUND('',#3562,.F.);
#3562 = EDGE_LOOP('',(#3563));
#3563 = ORIENTED_EDGE('',*,*,#3564,.T.);
#3564 = EDGE_CURVE('',#3565,#3565,#3567,.T.);
#3565 = VERTEX_POINT('',#3566);
#3566 = CARTESIAN_POINT('',(135.26,-92.008,0.));
#3567 = CIRCLE('',#3568,0.508);
#3568 = AXIS2_PLACEMENT_3D('',#3569,#3570,#3571);
#3569 = CARTESIAN_POINT('',(135.26,-91.5,0.));
#3570 = DIRECTION('',(-0.,0.,-1.));
#3571 = DIRECTION('',(-0.,-1.,0.));
#3572 = FACE_BOUND('',#3573,.F.);
#3573 = EDGE_LOOP('',(#3574));
#3574 = ORIENTED_EDGE('',*,*,#3575,.T.);
#3575 = EDGE_CURVE('',#3576,#3576,#3578,.T.);
#3576 = VERTEX_POINT('',#3577);
#3577 = CARTESIAN_POINT('',(137.8,-92.008,0.));
#3578 = CIRCLE('',#3579,0.508);
#3579 = AXIS2_PLACEMENT_3D('',#3580,#3581,#3582);
#3580 = CARTESIAN_POINT('',(137.8,-91.5,0.));
#3581 = DIRECTION('',(-0.,0.,-1.));
#3582 = DIRECTION('',(-0.,-1.,0.));
#3583 = FACE_BOUND('',#3584,.F.);
#3584 = EDGE_LOOP('',(#3585));
#3585 = ORIENTED_EDGE('',*,*,#3586,.T.);
#3586 = EDGE_CURVE('',#3587,#3587,#3589,.T.);
#3587 = VERTEX_POINT('',#3588);
#3588 = CARTESIAN_POINT('',(140.34,-92.008,0.));
#3589 = CIRCLE('',#3590,0.508);
#3590 = AXIS2_PLACEMENT_3D('',#3591,#3592,#3593);
#3591 = CARTESIAN_POINT('',(140.34,-91.5,0.));
#3592 = DIRECTION('',(-0.,0.,-1.));
#3593 = DIRECTION('',(-0.,-1.,0.));
#3594 = FACE_BOUND('',#3595,.F.);
#3595 = EDGE_LOOP('',(#3596));
#3596 = ORIENTED_EDGE('',*,*,#3597,.T.);
#3597 = EDGE_CURVE('',#3598,#3598,#3600,.T.);
#3598 = VERTEX_POINT('',#3599);
#3599 = CARTESIAN_POINT('',(142.88,-92.008,0.));
#3600 = CIRCLE('',#3601,0.508);
#3601 = AXIS2_PLACEMENT_3D('',#3602,#3603,#3604);
#3602 = CARTESIAN_POINT('',(142.88,-91.5,0.));
#3603 = DIRECTION('',(-0.,0.,-1.));
#3604 = DIRECTION('',(-0.,-1.,0.));
#3605 = FACE_BOUND('',#3606,.F.);
#3606 = EDGE_LOOP('',(#3607));
#3607 = ORIENTED_EDGE('',*,*,#3608,.T.);
#3608 = EDGE_CURVE('',#3609,#3609,#3611,.T.);
#3609 = VERTEX_POINT('',#3610);
#3610 = CARTESIAN_POINT('',(145.42,-92.008,0.));
#3611 = CIRCLE('',#3612,0.508);
#3612 = AXIS2_PLACEMENT_3D('',#3613,#3614,#3615);
#3613 = CARTESIAN_POINT('',(145.42,-91.5,0.));
#3614 = DIRECTION('',(-0.,0.,-1.));
#3615 = DIRECTION('',(-5.594824691025E-14,-1.,0.));
#3616 = FACE_BOUND('',#3617,.F.);
#3617 = EDGE_LOOP('',(#3618));
#3618 = ORIENTED_EDGE('',*,*,#3619,.T.);
#3619 = EDGE_CURVE('',#3620,#3620,#3622,.T.);
#3620 = VERTEX_POINT('',#3621);
#3621 = CARTESIAN_POINT('',(147.96,-92.008,0.));
#3622 = CIRCLE('',#3623,0.508);
#3623 = AXIS2_PLACEMENT_3D('',#3624,#3625,#3626);
#3624 = CARTESIAN_POINT('',(147.96,-91.5,0.));
#3625 = DIRECTION('',(-0.,0.,-1.));
#3626 = DIRECTION('',(5.594824691024E-14,-1.,-0.));
#3627 = FACE_BOUND('',#3628,.F.);
#3628 = EDGE_LOOP('',(#3629));
#3629 = ORIENTED_EDGE('',*,*,#3630,.T.);
#3630 = EDGE_CURVE('',#3631,#3631,#3633,.T.);
#3631 = VERTEX_POINT('',#3632);
#3632 = CARTESIAN_POINT('',(160.66,-102.168,0.));
#3633 = CIRCLE('',#3634,0.508);
#3634 = AXIS2_PLACEMENT_3D('',#3635,#3636,#3637);
#3635 = CARTESIAN_POINT('',(160.66,-101.66,0.));
#3636 = DIRECTION('',(-0.,0.,-1.));
#3637 = DIRECTION('',(-0.,-1.,0.));
#3638 = FACE_BOUND('',#3639,.F.);
#3639 = EDGE_LOOP('',(#3640));
#3640 = ORIENTED_EDGE('',*,*,#3641,.T.);
#3641 = EDGE_CURVE('',#3642,#3642,#3644,.T.);
#3642 = VERTEX_POINT('',#3643);
#3643 = CARTESIAN_POINT('',(150.5,-92.008,0.));
#3644 = CIRCLE('',#3645,0.508);
#3645 = AXIS2_PLACEMENT_3D('',#3646,#3647,#3648);
#3646 = CARTESIAN_POINT('',(150.5,-91.5,0.));
#3647 = DIRECTION('',(-0.,0.,-1.));
#3648 = DIRECTION('',(-0.,-1.,0.));
#3649 = FACE_BOUND('',#3650,.F.);
#3650 = EDGE_LOOP('',(#3651));
#3651 = ORIENTED_EDGE('',*,*,#3652,.T.);
#3652 = EDGE_CURVE('',#3653,#3653,#3655,.T.);
#3653 = VERTEX_POINT('',#3654);
#3654 = CARTESIAN_POINT('',(160.66,-97.088,0.));
#3655 = CIRCLE('',#3656,0.508);
#3656 = AXIS2_PLACEMENT_3D('',#3657,#3658,#3659);
#3657 = CARTESIAN_POINT('',(160.66,-96.58,0.));
#3658 = DIRECTION('',(-0.,0.,-1.));
#3659 = DIRECTION('',(-0.,-1.,0.));
#3660 = PLANE('',#3661);
#3661 = AXIS2_PLACEMENT_3D('',#3662,#3663,#3664);
#3662 = CARTESIAN_POINT('',(0.,0.,0.));
#3663 = DIRECTION('',(0.,0.,1.));
#3664 = DIRECTION('',(1.,0.,-0.));
#3665 = ADVANCED_FACE('',(#3666,#3712,#3723,#3734,#3745,#3756,#3767,
    #3778,#3789,#3800,#3811,#3822,#3833,#3844,#3855,#3866,#3877,#3888,
    #3899,#3910,#3921),#3932,.T.);
#3666 = FACE_BOUND('',#3667,.T.);
#3667 = EDGE_LOOP('',(#3668,#3669,#3670,#3679,#3687,#3696,#3704,#3711));
#3668 = ORIENTED_EDGE('',*,*,#3303,.F.);
#3669 = ORIENTED_EDGE('',*,*,#3345,.F.);
#3670 = ORIENTED_EDGE('',*,*,#3671,.F.);
#3671 = EDGE_CURVE('',#3672,#3338,#3674,.T.);
#3672 = VERTEX_POINT('',#3673);
#3673 = CARTESIAN_POINT('',(131.5,-83.,1.51));
#3674 = CIRCLE('',#3675,0.999999252925);
#3675 = AXIS2_PLACEMENT_3D('',#3676,#3677,#3678);
#3676 = CARTESIAN_POINT('',(132.49999925292,-82.99999925292,1.51));
#3677 = DIRECTION('',(0.,0.,-1.));
#3678 = DIRECTION('',(-1.,-7.470757491648E-07,-0.));
#3679 = ORIENTED_EDGE('',*,*,#3680,.F.);
#3680 = EDGE_CURVE('',#3681,#3672,#3683,.T.);
#3681 = VERTEX_POINT('',#3682);
#3682 = CARTESIAN_POINT('',(131.5,-134.,1.51));
#3683 = LINE('',#3684,#3685);
#3684 = CARTESIAN_POINT('',(131.5,-134.,1.51));
#3685 = VECTOR('',#3686,1.);
#3686 = DIRECTION('',(0.,1.,0.));
#3687 = ORIENTED_EDGE('',*,*,#3688,.F.);
#3688 = EDGE_CURVE('',#3689,#3681,#3691,.T.);
#3689 = VERTEX_POINT('',#3690);
#3690 = CARTESIAN_POINT('',(132.5,-135.,1.51));
#3691 = CIRCLE('',#3692,0.999999252925);
#3692 = AXIS2_PLACEMENT_3D('',#3693,#3694,#3695);
#3693 = CARTESIAN_POINT('',(132.49999925292,-134.000000747,1.51));
#3694 = DIRECTION('',(0.,0.,-1.));
#3695 = DIRECTION('',(7.470757633756E-07,-1.,0.));
#3696 = ORIENTED_EDGE('',*,*,#3697,.F.);
#3697 = EDGE_CURVE('',#3698,#3689,#3700,.T.);
#3698 = VERTEX_POINT('',#3699);
#3699 = CARTESIAN_POINT('',(179.,-135.,1.51));
#3700 = LINE('',#3701,#3702);
#3701 = CARTESIAN_POINT('',(179.,-135.,1.51));
#3702 = VECTOR('',#3703,1.);
#3703 = DIRECTION('',(-1.,0.,0.));
#3704 = ORIENTED_EDGE('',*,*,#3705,.F.);
#3705 = EDGE_CURVE('',#3368,#3698,#3706,.T.);
#3706 = CIRCLE('',#3707,0.999999252925);
#3707 = AXIS2_PLACEMENT_3D('',#3708,#3709,#3710);
#3708 = CARTESIAN_POINT('',(179.00000074707,-134.000000747,1.51));
#3709 = DIRECTION('',(0.,0.,-1.));
#3710 = DIRECTION('',(1.,7.470757633756E-07,0.));
#3711 = ORIENTED_EDGE('',*,*,#3367,.F.);
#3712 = FACE_BOUND('',#3713,.T.);
#3713 = EDGE_LOOP('',(#3714));
#3714 = ORIENTED_EDGE('',*,*,#3715,.T.);
#3715 = EDGE_CURVE('',#3716,#3716,#3718,.T.);
#3716 = VERTEX_POINT('',#3717);
#3717 = CARTESIAN_POINT('',(135.26,-107.248,1.51));
#3718 = CIRCLE('',#3719,0.508);
#3719 = AXIS2_PLACEMENT_3D('',#3720,#3721,#3722);
#3720 = CARTESIAN_POINT('',(135.26,-106.74,1.51));
#3721 = DIRECTION('',(-0.,0.,-1.));
#3722 = DIRECTION('',(-0.,-1.,0.));
#3723 = FACE_BOUND('',#3724,.T.);
#3724 = EDGE_LOOP('',(#3725));
#3725 = ORIENTED_EDGE('',*,*,#3726,.T.);
#3726 = EDGE_CURVE('',#3727,#3727,#3729,.T.);
#3727 = VERTEX_POINT('',#3728);
#3728 = CARTESIAN_POINT('',(137.8,-107.248,1.51));
#3729 = CIRCLE('',#3730,0.508);
#3730 = AXIS2_PLACEMENT_3D('',#3731,#3732,#3733);
#3731 = CARTESIAN_POINT('',(137.8,-106.74,1.51));
#3732 = DIRECTION('',(-0.,0.,-1.));
#3733 = DIRECTION('',(-0.,-1.,0.));
#3734 = FACE_BOUND('',#3735,.T.);
#3735 = EDGE_LOOP('',(#3736));
#3736 = ORIENTED_EDGE('',*,*,#3737,.T.);
#3737 = EDGE_CURVE('',#3738,#3738,#3740,.T.);
#3738 = VERTEX_POINT('',#3739);
#3739 = CARTESIAN_POINT('',(140.34,-107.248,1.51));
#3740 = CIRCLE('',#3741,0.508);
#3741 = AXIS2_PLACEMENT_3D('',#3742,#3743,#3744);
#3742 = CARTESIAN_POINT('',(140.34,-106.74,1.51));
#3743 = DIRECTION('',(-0.,0.,-1.));
#3744 = DIRECTION('',(-0.,-1.,0.));
#3745 = FACE_BOUND('',#3746,.T.);
#3746 = EDGE_LOOP('',(#3747));
#3747 = ORIENTED_EDGE('',*,*,#3748,.T.);
#3748 = EDGE_CURVE('',#3749,#3749,#3751,.T.);
#3749 = VERTEX_POINT('',#3750);
#3750 = CARTESIAN_POINT('',(142.88,-107.248,1.51));
#3751 = CIRCLE('',#3752,0.508);
#3752 = AXIS2_PLACEMENT_3D('',#3753,#3754,#3755);
#3753 = CARTESIAN_POINT('',(142.88,-106.74,1.51));
#3754 = DIRECTION('',(-0.,0.,-1.));
#3755 = DIRECTION('',(-0.,-1.,0.));
#3756 = FACE_BOUND('',#3757,.T.);
#3757 = EDGE_LOOP('',(#3758));
#3758 = ORIENTED_EDGE('',*,*,#3759,.T.);
#3759 = EDGE_CURVE('',#3760,#3760,#3762,.T.);
#3760 = VERTEX_POINT('',#3761);
#3761 = CARTESIAN_POINT('',(145.42,-107.248,1.51));
#3762 = CIRCLE('',#3763,0.508);
#3763 = AXIS2_PLACEMENT_3D('',#3764,#3765,#3766);
#3764 = CARTESIAN_POINT('',(145.42,-106.74,1.51));
#3765 = DIRECTION('',(-0.,0.,-1.));
#3766 = DIRECTION('',(-5.594824691025E-14,-1.,0.));
#3767 = FACE_BOUND('',#3768,.T.);
#3768 = EDGE_LOOP('',(#3769));
#3769 = ORIENTED_EDGE('',*,*,#3770,.T.);
#3770 = EDGE_CURVE('',#3771,#3771,#3773,.T.);
#3771 = VERTEX_POINT('',#3772);
#3772 = CARTESIAN_POINT('',(147.96,-107.248,1.51));
#3773 = CIRCLE('',#3774,0.508);
#3774 = AXIS2_PLACEMENT_3D('',#3775,#3776,#3777);
#3775 = CARTESIAN_POINT('',(147.96,-106.74,1.51));
#3776 = DIRECTION('',(-0.,0.,-1.));
#3777 = DIRECTION('',(5.594824691024E-14,-1.,-0.));
#3778 = FACE_BOUND('',#3779,.T.);
#3779 = EDGE_LOOP('',(#3780));
#3780 = ORIENTED_EDGE('',*,*,#3781,.T.);
#3781 = EDGE_CURVE('',#3782,#3782,#3784,.T.);
#3782 = VERTEX_POINT('',#3783);
#3783 = CARTESIAN_POINT('',(151.88,-114.51,1.51));
#3784 = CIRCLE('',#3785,0.51);
#3785 = AXIS2_PLACEMENT_3D('',#3786,#3787,#3788);
#3786 = CARTESIAN_POINT('',(151.88,-114.,1.51));
#3787 = DIRECTION('',(-0.,0.,-1.));
#3788 = DIRECTION('',(-0.,-1.,0.));
#3789 = FACE_BOUND('',#3790,.T.);
#3790 = EDGE_LOOP('',(#3791));
#3791 = ORIENTED_EDGE('',*,*,#3792,.T.);
#3792 = EDGE_CURVE('',#3793,#3793,#3795,.T.);
#3793 = VERTEX_POINT('',#3794);
#3794 = CARTESIAN_POINT('',(154.42,-114.51,1.51));
#3795 = CIRCLE('',#3796,0.51);
#3796 = AXIS2_PLACEMENT_3D('',#3797,#3798,#3799);
#3797 = CARTESIAN_POINT('',(154.42,-114.,1.51));
#3798 = DIRECTION('',(-0.,0.,-1.));
#3799 = DIRECTION('',(-5.57288420204E-14,-1.,0.));
#3800 = FACE_BOUND('',#3801,.T.);
#3801 = EDGE_LOOP('',(#3802));
#3802 = ORIENTED_EDGE('',*,*,#3803,.T.);
#3803 = EDGE_CURVE('',#3804,#3804,#3806,.T.);
#3804 = VERTEX_POINT('',#3805);
#3805 = CARTESIAN_POINT('',(156.96,-114.51,1.51));
#3806 = CIRCLE('',#3807,0.51);
#3807 = AXIS2_PLACEMENT_3D('',#3808,#3809,#3810);
#3808 = CARTESIAN_POINT('',(156.96,-114.,1.51));
#3809 = DIRECTION('',(-0.,0.,-1.));
#3810 = DIRECTION('',(5.57288420204E-14,-1.,-0.));
#3811 = FACE_BOUND('',#3812,.T.);
#3812 = EDGE_LOOP('',(#3813));
#3813 = ORIENTED_EDGE('',*,*,#3814,.T.);
#3814 = EDGE_CURVE('',#3815,#3815,#3817,.T.);
#3815 = VERTEX_POINT('',#3816);
#3816 = CARTESIAN_POINT('',(159.5,-114.51,1.51));
#3817 = CIRCLE('',#3818,0.51);
#3818 = AXIS2_PLACEMENT_3D('',#3819,#3820,#3821);
#3819 = CARTESIAN_POINT('',(159.5,-114.,1.51));
#3820 = DIRECTION('',(-0.,0.,-1.));
#3821 = DIRECTION('',(-0.,-1.,0.));
#3822 = FACE_BOUND('',#3823,.T.);
#3823 = EDGE_LOOP('',(#3824));
#3824 = ORIENTED_EDGE('',*,*,#3825,.T.);
#3825 = EDGE_CURVE('',#3826,#3826,#3828,.T.);
#3826 = VERTEX_POINT('',#3827);
#3827 = CARTESIAN_POINT('',(150.5,-107.248,1.51));
#3828 = CIRCLE('',#3829,0.508);
#3829 = AXIS2_PLACEMENT_3D('',#3830,#3831,#3832);
#3830 = CARTESIAN_POINT('',(150.5,-106.74,1.51));
#3831 = DIRECTION('',(-0.,0.,-1.));
#3832 = DIRECTION('',(-0.,-1.,0.));
#3833 = FACE_BOUND('',#3834,.T.);
#3834 = EDGE_LOOP('',(#3835));
#3835 = ORIENTED_EDGE('',*,*,#3836,.T.);
#3836 = EDGE_CURVE('',#3837,#3837,#3839,.T.);
#3837 = VERTEX_POINT('',#3838);
#3838 = CARTESIAN_POINT('',(135.26,-92.008,1.51));
#3839 = CIRCLE('',#3840,0.508);
#3840 = AXIS2_PLACEMENT_3D('',#3841,#3842,#3843);
#3841 = CARTESIAN_POINT('',(135.26,-91.5,1.51));
#3842 = DIRECTION('',(-0.,0.,-1.));
#3843 = DIRECTION('',(-0.,-1.,0.));
#3844 = FACE_BOUND('',#3845,.T.);
#3845 = EDGE_LOOP('',(#3846));
#3846 = ORIENTED_EDGE('',*,*,#3847,.T.);
#3847 = EDGE_CURVE('',#3848,#3848,#3850,.T.);
#3848 = VERTEX_POINT('',#3849);
#3849 = CARTESIAN_POINT('',(137.8,-92.008,1.51));
#3850 = CIRCLE('',#3851,0.508);
#3851 = AXIS2_PLACEMENT_3D('',#3852,#3853,#3854);
#3852 = CARTESIAN_POINT('',(137.8,-91.5,1.51));
#3853 = DIRECTION('',(-0.,0.,-1.));
#3854 = DIRECTION('',(-0.,-1.,0.));
#3855 = FACE_BOUND('',#3856,.T.);
#3856 = EDGE_LOOP('',(#3857));
#3857 = ORIENTED_EDGE('',*,*,#3858,.T.);
#3858 = EDGE_CURVE('',#3859,#3859,#3861,.T.);
#3859 = VERTEX_POINT('',#3860);
#3860 = CARTESIAN_POINT('',(140.34,-92.008,1.51));
#3861 = CIRCLE('',#3862,0.508);
#3862 = AXIS2_PLACEMENT_3D('',#3863,#3864,#3865);
#3863 = CARTESIAN_POINT('',(140.34,-91.5,1.51));
#3864 = DIRECTION('',(-0.,0.,-1.));
#3865 = DIRECTION('',(-0.,-1.,0.));
#3866 = FACE_BOUND('',#3867,.T.);
#3867 = EDGE_LOOP('',(#3868));
#3868 = ORIENTED_EDGE('',*,*,#3869,.T.);
#3869 = EDGE_CURVE('',#3870,#3870,#3872,.T.);
#3870 = VERTEX_POINT('',#3871);
#3871 = CARTESIAN_POINT('',(142.88,-92.008,1.51));
#3872 = CIRCLE('',#3873,0.508);
#3873 = AXIS2_PLACEMENT_3D('',#3874,#3875,#3876);
#3874 = CARTESIAN_POINT('',(142.88,-91.5,1.51));
#3875 = DIRECTION('',(-0.,0.,-1.));
#3876 = DIRECTION('',(-0.,-1.,0.));
#3877 = FACE_BOUND('',#3878,.T.);
#3878 = EDGE_LOOP('',(#3879));
#3879 = ORIENTED_EDGE('',*,*,#3880,.T.);
#3880 = EDGE_CURVE('',#3881,#3881,#3883,.T.);
#3881 = VERTEX_POINT('',#3882);
#3882 = CARTESIAN_POINT('',(145.42,-92.008,1.51));
#3883 = CIRCLE('',#3884,0.508);
#3884 = AXIS2_PLACEMENT_3D('',#3885,#3886,#3887);
#3885 = CARTESIAN_POINT('',(145.42,-91.5,1.51));
#3886 = DIRECTION('',(-0.,0.,-1.));
#3887 = DIRECTION('',(-5.594824691025E-14,-1.,0.));
#3888 = FACE_BOUND('',#3889,.T.);
#3889 = EDGE_LOOP('',(#3890));
#3890 = ORIENTED_EDGE('',*,*,#3891,.T.);
#3891 = EDGE_CURVE('',#3892,#3892,#3894,.T.);
#3892 = VERTEX_POINT('',#3893);
#3893 = CARTESIAN_POINT('',(147.96,-92.008,1.51));
#3894 = CIRCLE('',#3895,0.508);
#3895 = AXIS2_PLACEMENT_3D('',#3896,#3897,#3898);
#3896 = CARTESIAN_POINT('',(147.96,-91.5,1.51));
#3897 = DIRECTION('',(-0.,0.,-1.));
#3898 = DIRECTION('',(5.594824691024E-14,-1.,-0.));
#3899 = FACE_BOUND('',#3900,.T.);
#3900 = EDGE_LOOP('',(#3901));
#3901 = ORIENTED_EDGE('',*,*,#3902,.T.);
#3902 = EDGE_CURVE('',#3903,#3903,#3905,.T.);
#3903 = VERTEX_POINT('',#3904);
#3904 = CARTESIAN_POINT('',(160.66,-102.168,1.51));
#3905 = CIRCLE('',#3906,0.508);
#3906 = AXIS2_PLACEMENT_3D('',#3907,#3908,#3909);
#3907 = CARTESIAN_POINT('',(160.66,-101.66,1.51));
#3908 = DIRECTION('',(-0.,0.,-1.));
#3909 = DIRECTION('',(-0.,-1.,0.));
#3910 = FACE_BOUND('',#3911,.T.);
#3911 = EDGE_LOOP('',(#3912));
#3912 = ORIENTED_EDGE('',*,*,#3913,.T.);
#3913 = EDGE_CURVE('',#3914,#3914,#3916,.T.);
#3914 = VERTEX_POINT('',#3915);
#3915 = CARTESIAN_POINT('',(150.5,-92.008,1.51));
#3916 = CIRCLE('',#3917,0.508);
#3917 = AXIS2_PLACEMENT_3D('',#3918,#3919,#3920);
#3918 = CARTESIAN_POINT('',(150.5,-91.5,1.51));
#3919 = DIRECTION('',(-0.,0.,-1.));
#3920 = DIRECTION('',(-0.,-1.,0.));
#3921 = FACE_BOUND('',#3922,.T.);
#3922 = EDGE_LOOP('',(#3923));
#3923 = ORIENTED_EDGE('',*,*,#3924,.T.);
#3924 = EDGE_CURVE('',#3925,#3925,#3927,.T.);
#3925 = VERTEX_POINT('',#3926);
#3926 = CARTESIAN_POINT('',(160.66,-97.088,1.51));
#3927 = CIRCLE('',#3928,0.508);
#3928 = AXIS2_PLACEMENT_3D('',#3929,#3930,#3931);
#3929 = CARTESIAN_POINT('',(160.66,-96.58,1.51));
#3930 = DIRECTION('',(-0.,0.,-1.));
#3931 = DIRECTION('',(-0.,-1.,0.));
#3932 = PLANE('',#3933);
#3933 = AXIS2_PLACEMENT_3D('',#3934,#3935,#3936);
#3934 = CARTESIAN_POINT('',(0.,0.,1.51));
#3935 = DIRECTION('',(0.,0.,1.));
#3936 = DIRECTION('',(1.,0.,-0.));
#3937 = ADVANCED_FACE('',(#3938),#3949,.T.);
#3938 = FACE_BOUND('',#3939,.T.);
#3939 = EDGE_LOOP('',(#3940,#3946,#3947,#3948));
#3940 = ORIENTED_EDGE('',*,*,#3941,.T.);
#3941 = EDGE_CURVE('',#3400,#3672,#3942,.T.);
#3942 = LINE('',#3943,#3944);
#3943 = CARTESIAN_POINT('',(131.5,-83.,0.));
#3944 = VECTOR('',#3945,1.);
#3945 = DIRECTION('',(0.,0.,1.));
#3946 = ORIENTED_EDGE('',*,*,#3671,.T.);
#3947 = ORIENTED_EDGE('',*,*,#3335,.F.);
#3948 = ORIENTED_EDGE('',*,*,#3399,.F.);
#3949 = CYLINDRICAL_SURFACE('',#3950,0.999999252925);
#3950 = AXIS2_PLACEMENT_3D('',#3951,#3952,#3953);
#3951 = CARTESIAN_POINT('',(132.49999925292,-82.99999925292,0.));
#3952 = DIRECTION('',(0.,0.,-1.));
#3953 = DIRECTION('',(-1.,-7.470757491648E-07,-0.));
#3954 = ADVANCED_FACE('',(#3955),#3966,.T.);
#3955 = FACE_BOUND('',#3956,.T.);
#3956 = EDGE_LOOP('',(#3957,#3958,#3959,#3965));
#3957 = ORIENTED_EDGE('',*,*,#3375,.T.);
#3958 = ORIENTED_EDGE('',*,*,#3705,.T.);
#3959 = ORIENTED_EDGE('',*,*,#3960,.F.);
#3960 = EDGE_CURVE('',#3426,#3698,#3961,.T.);
#3961 = LINE('',#3962,#3963);
#3962 = CARTESIAN_POINT('',(179.,-135.,0.));
#3963 = VECTOR('',#3964,1.);
#3964 = DIRECTION('',(0.,0.,1.));
#3965 = ORIENTED_EDGE('',*,*,#3433,.F.);
#3966 = CYLINDRICAL_SURFACE('',#3967,0.999999252925);
#3967 = AXIS2_PLACEMENT_3D('',#3968,#3969,#3970);
#3968 = CARTESIAN_POINT('',(179.00000074707,-134.000000747,0.));
#3969 = DIRECTION('',(0.,0.,-1.));
#3970 = DIRECTION('',(1.,7.470757633756E-07,0.));
#3971 = ADVANCED_FACE('',(#3972),#3983,.T.);
#3972 = FACE_BOUND('',#3973,.T.);
#3973 = EDGE_LOOP('',(#3974,#3980,#3981,#3982));
#3974 = ORIENTED_EDGE('',*,*,#3975,.T.);
#3975 = EDGE_CURVE('',#3409,#3681,#3976,.T.);
#3976 = LINE('',#3977,#3978);
#3977 = CARTESIAN_POINT('',(131.5,-134.,0.));
#3978 = VECTOR('',#3979,1.);
#3979 = DIRECTION('',(0.,0.,1.));
#3980 = ORIENTED_EDGE('',*,*,#3680,.T.);
#3981 = ORIENTED_EDGE('',*,*,#3941,.F.);
#3982 = ORIENTED_EDGE('',*,*,#3408,.F.);
#3983 = PLANE('',#3984);
#3984 = AXIS2_PLACEMENT_3D('',#3985,#3986,#3987);
#3985 = CARTESIAN_POINT('',(131.5,-134.,0.));
#3986 = DIRECTION('',(-1.,0.,0.));
#3987 = DIRECTION('',(0.,1.,0.));
#3988 = ADVANCED_FACE('',(#3989),#4000,.T.);
#3989 = FACE_BOUND('',#3990,.T.);
#3990 = EDGE_LOOP('',(#3991,#3992,#3993,#3999));
#3991 = ORIENTED_EDGE('',*,*,#3960,.T.);
#3992 = ORIENTED_EDGE('',*,*,#3697,.T.);
#3993 = ORIENTED_EDGE('',*,*,#3994,.F.);
#3994 = EDGE_CURVE('',#3417,#3689,#3995,.T.);
#3995 = LINE('',#3996,#3997);
#3996 = CARTESIAN_POINT('',(132.5,-135.,0.));
#3997 = VECTOR('',#3998,1.);
#3998 = DIRECTION('',(0.,0.,1.));
#3999 = ORIENTED_EDGE('',*,*,#3425,.F.);
#4000 = PLANE('',#4001);
#4001 = AXIS2_PLACEMENT_3D('',#4002,#4003,#4004);
#4002 = CARTESIAN_POINT('',(179.,-135.,0.));
#4003 = DIRECTION('',(0.,-1.,0.));
#4004 = DIRECTION('',(-1.,0.,0.));
#4005 = ADVANCED_FACE('',(#4006),#4012,.T.);
#4006 = FACE_BOUND('',#4007,.T.);
#4007 = EDGE_LOOP('',(#4008,#4009,#4010,#4011));
#4008 = ORIENTED_EDGE('',*,*,#3994,.T.);
#4009 = ORIENTED_EDGE('',*,*,#3688,.T.);
#4010 = ORIENTED_EDGE('',*,*,#3975,.F.);
#4011 = ORIENTED_EDGE('',*,*,#3416,.F.);
#4012 = CYLINDRICAL_SURFACE('',#4013,0.999999252925);
#4013 = AXIS2_PLACEMENT_3D('',#4014,#4015,#4016);
#4014 = CARTESIAN_POINT('',(132.49999925292,-134.000000747,0.));
#4015 = DIRECTION('',(0.,0.,-1.));
#4016 = DIRECTION('',(7.470757633756E-07,-1.,0.));
#4017 = ADVANCED_FACE('',(#4018),#4029,.F.);
#4018 = FACE_BOUND('',#4019,.T.);
#4019 = EDGE_LOOP('',(#4020,#4021,#4027,#4028));
#4020 = ORIENTED_EDGE('',*,*,#3443,.T.);
#4021 = ORIENTED_EDGE('',*,*,#4022,.T.);
#4022 = EDGE_CURVE('',#3444,#3716,#4023,.T.);
#4023 = LINE('',#4024,#4025);
#4024 = CARTESIAN_POINT('',(135.26,-107.248,-4.6E-02));
#4025 = VECTOR('',#4026,1.);
#4026 = DIRECTION('',(0.,0.,1.));
#4027 = ORIENTED_EDGE('',*,*,#3715,.F.);
#4028 = ORIENTED_EDGE('',*,*,#4022,.F.);
#4029 = CYLINDRICAL_SURFACE('',#4030,0.508);
#4030 = AXIS2_PLACEMENT_3D('',#4031,#4032,#4033);
#4031 = CARTESIAN_POINT('',(135.26,-106.74,-4.6E-02));
#4032 = DIRECTION('',(-0.,-0.,-1.));
#4033 = DIRECTION('',(-0.,-1.,0.));
#4034 = ADVANCED_FACE('',(#4035),#4046,.F.);
#4035 = FACE_BOUND('',#4036,.T.);
#4036 = EDGE_LOOP('',(#4037,#4038,#4044,#4045));
#4037 = ORIENTED_EDGE('',*,*,#3454,.T.);
#4038 = ORIENTED_EDGE('',*,*,#4039,.T.);
#4039 = EDGE_CURVE('',#3455,#3727,#4040,.T.);
#4040 = LINE('',#4041,#4042);
#4041 = CARTESIAN_POINT('',(137.8,-107.248,-4.6E-02));
#4042 = VECTOR('',#4043,1.);
#4043 = DIRECTION('',(0.,0.,1.));
#4044 = ORIENTED_EDGE('',*,*,#3726,.F.);
#4045 = ORIENTED_EDGE('',*,*,#4039,.F.);
#4046 = CYLINDRICAL_SURFACE('',#4047,0.508);
#4047 = AXIS2_PLACEMENT_3D('',#4048,#4049,#4050);
#4048 = CARTESIAN_POINT('',(137.8,-106.74,-4.6E-02));
#4049 = DIRECTION('',(-0.,-0.,-1.));
#4050 = DIRECTION('',(-0.,-1.,0.));
#4051 = ADVANCED_FACE('',(#4052),#4063,.F.);
#4052 = FACE_BOUND('',#4053,.T.);
#4053 = EDGE_LOOP('',(#4054,#4055,#4061,#4062));
#4054 = ORIENTED_EDGE('',*,*,#3465,.T.);
#4055 = ORIENTED_EDGE('',*,*,#4056,.T.);
#4056 = EDGE_CURVE('',#3466,#3738,#4057,.T.);
#4057 = LINE('',#4058,#4059);
#4058 = CARTESIAN_POINT('',(140.34,-107.248,-4.6E-02));
#4059 = VECTOR('',#4060,1.);
#4060 = DIRECTION('',(0.,0.,1.));
#4061 = ORIENTED_EDGE('',*,*,#3737,.F.);
#4062 = ORIENTED_EDGE('',*,*,#4056,.F.);
#4063 = CYLINDRICAL_SURFACE('',#4064,0.508);
#4064 = AXIS2_PLACEMENT_3D('',#4065,#4066,#4067);
#4065 = CARTESIAN_POINT('',(140.34,-106.74,-4.6E-02));
#4066 = DIRECTION('',(-0.,-0.,-1.));
#4067 = DIRECTION('',(-0.,-1.,0.));
#4068 = ADVANCED_FACE('',(#4069),#4080,.F.);
#4069 = FACE_BOUND('',#4070,.T.);
#4070 = EDGE_LOOP('',(#4071,#4072,#4078,#4079));
#4071 = ORIENTED_EDGE('',*,*,#3476,.T.);
#4072 = ORIENTED_EDGE('',*,*,#4073,.T.);
#4073 = EDGE_CURVE('',#3477,#3749,#4074,.T.);
#4074 = LINE('',#4075,#4076);
#4075 = CARTESIAN_POINT('',(142.88,-107.248,-4.6E-02));
#4076 = VECTOR('',#4077,1.);
#4077 = DIRECTION('',(0.,0.,1.));
#4078 = ORIENTED_EDGE('',*,*,#3748,.F.);
#4079 = ORIENTED_EDGE('',*,*,#4073,.F.);
#4080 = CYLINDRICAL_SURFACE('',#4081,0.508);
#4081 = AXIS2_PLACEMENT_3D('',#4082,#4083,#4084);
#4082 = CARTESIAN_POINT('',(142.88,-106.74,-4.6E-02));
#4083 = DIRECTION('',(-0.,-0.,-1.));
#4084 = DIRECTION('',(-0.,-1.,0.));
#4085 = ADVANCED_FACE('',(#4086),#4097,.F.);
#4086 = FACE_BOUND('',#4087,.T.);
#4087 = EDGE_LOOP('',(#4088,#4089,#4095,#4096));
#4088 = ORIENTED_EDGE('',*,*,#3487,.T.);
#4089 = ORIENTED_EDGE('',*,*,#4090,.T.);
#4090 = EDGE_CURVE('',#3488,#3760,#4091,.T.);
#4091 = LINE('',#4092,#4093);
#4092 = CARTESIAN_POINT('',(145.42,-107.248,-4.6E-02));
#4093 = VECTOR('',#4094,1.);
#4094 = DIRECTION('',(0.,0.,1.));
#4095 = ORIENTED_EDGE('',*,*,#3759,.F.);
#4096 = ORIENTED_EDGE('',*,*,#4090,.F.);
#4097 = CYLINDRICAL_SURFACE('',#4098,0.508);
#4098 = AXIS2_PLACEMENT_3D('',#4099,#4100,#4101);
#4099 = CARTESIAN_POINT('',(145.42,-106.74,-4.6E-02));
#4100 = DIRECTION('',(-0.,-0.,-1.));
#4101 = DIRECTION('',(-5.594824691025E-14,-1.,0.));
#4102 = ADVANCED_FACE('',(#4103),#4114,.F.);
#4103 = FACE_BOUND('',#4104,.T.);
#4104 = EDGE_LOOP('',(#4105,#4106,#4112,#4113));
#4105 = ORIENTED_EDGE('',*,*,#3498,.T.);
#4106 = ORIENTED_EDGE('',*,*,#4107,.T.);
#4107 = EDGE_CURVE('',#3499,#3771,#4108,.T.);
#4108 = LINE('',#4109,#4110);
#4109 = CARTESIAN_POINT('',(147.96,-107.248,-4.6E-02));
#4110 = VECTOR('',#4111,1.);
#4111 = DIRECTION('',(0.,0.,1.));
#4112 = ORIENTED_EDGE('',*,*,#3770,.F.);
#4113 = ORIENTED_EDGE('',*,*,#4107,.F.);
#4114 = CYLINDRICAL_SURFACE('',#4115,0.508);
#4115 = AXIS2_PLACEMENT_3D('',#4116,#4117,#4118);
#4116 = CARTESIAN_POINT('',(147.96,-106.74,-4.6E-02));
#4117 = DIRECTION('',(-0.,0.,-1.));
#4118 = DIRECTION('',(5.594824691024E-14,-1.,-0.));
#4119 = ADVANCED_FACE('',(#4120),#4131,.F.);
#4120 = FACE_BOUND('',#4121,.T.);
#4121 = EDGE_LOOP('',(#4122,#4123,#4129,#4130));
#4122 = ORIENTED_EDGE('',*,*,#3509,.T.);
#4123 = ORIENTED_EDGE('',*,*,#4124,.T.);
#4124 = EDGE_CURVE('',#3510,#3782,#4125,.T.);
#4125 = LINE('',#4126,#4127);
#4126 = CARTESIAN_POINT('',(151.88,-114.51,-4.6E-02));
#4127 = VECTOR('',#4128,1.);
#4128 = DIRECTION('',(0.,0.,1.));
#4129 = ORIENTED_EDGE('',*,*,#3781,.F.);
#4130 = ORIENTED_EDGE('',*,*,#4124,.F.);
#4131 = CYLINDRICAL_SURFACE('',#4132,0.51);
#4132 = AXIS2_PLACEMENT_3D('',#4133,#4134,#4135);
#4133 = CARTESIAN_POINT('',(151.88,-114.,-4.6E-02));
#4134 = DIRECTION('',(-0.,-0.,-1.));
#4135 = DIRECTION('',(-0.,-1.,0.));
#4136 = ADVANCED_FACE('',(#4137),#4148,.F.);
#4137 = FACE_BOUND('',#4138,.T.);
#4138 = EDGE_LOOP('',(#4139,#4140,#4146,#4147));
#4139 = ORIENTED_EDGE('',*,*,#3520,.T.);
#4140 = ORIENTED_EDGE('',*,*,#4141,.T.);
#4141 = EDGE_CURVE('',#3521,#3793,#4142,.T.);
#4142 = LINE('',#4143,#4144);
#4143 = CARTESIAN_POINT('',(154.42,-114.51,-4.6E-02));
#4144 = VECTOR('',#4145,1.);
#4145 = DIRECTION('',(0.,0.,1.));
#4146 = ORIENTED_EDGE('',*,*,#3792,.F.);
#4147 = ORIENTED_EDGE('',*,*,#4141,.F.);
#4148 = CYLINDRICAL_SURFACE('',#4149,0.51);
#4149 = AXIS2_PLACEMENT_3D('',#4150,#4151,#4152);
#4150 = CARTESIAN_POINT('',(154.42,-114.,-4.6E-02));
#4151 = DIRECTION('',(-0.,-0.,-1.));
#4152 = DIRECTION('',(-5.57288420204E-14,-1.,0.));
#4153 = ADVANCED_FACE('',(#4154),#4165,.F.);
#4154 = FACE_BOUND('',#4155,.T.);
#4155 = EDGE_LOOP('',(#4156,#4157,#4163,#4164));
#4156 = ORIENTED_EDGE('',*,*,#3531,.T.);
#4157 = ORIENTED_EDGE('',*,*,#4158,.T.);
#4158 = EDGE_CURVE('',#3532,#3804,#4159,.T.);
#4159 = LINE('',#4160,#4161);
#4160 = CARTESIAN_POINT('',(156.96,-114.51,-4.6E-02));
#4161 = VECTOR('',#4162,1.);
#4162 = DIRECTION('',(0.,0.,1.));
#4163 = ORIENTED_EDGE('',*,*,#3803,.F.);
#4164 = ORIENTED_EDGE('',*,*,#4158,.F.);
#4165 = CYLINDRICAL_SURFACE('',#4166,0.51);
#4166 = AXIS2_PLACEMENT_3D('',#4167,#4168,#4169);
#4167 = CARTESIAN_POINT('',(156.96,-114.,-4.6E-02));
#4168 = DIRECTION('',(-0.,0.,-1.));
#4169 = DIRECTION('',(5.57288420204E-14,-1.,-0.));
#4170 = ADVANCED_FACE('',(#4171),#4182,.F.);
#4171 = FACE_BOUND('',#4172,.T.);
#4172 = EDGE_LOOP('',(#4173,#4174,#4180,#4181));
#4173 = ORIENTED_EDGE('',*,*,#3542,.T.);
#4174 = ORIENTED_EDGE('',*,*,#4175,.T.);
#4175 = EDGE_CURVE('',#3543,#3815,#4176,.T.);
#4176 = LINE('',#4177,#4178);
#4177 = CARTESIAN_POINT('',(159.5,-114.51,-4.6E-02));
#4178 = VECTOR('',#4179,1.);
#4179 = DIRECTION('',(0.,0.,1.));
#4180 = ORIENTED_EDGE('',*,*,#3814,.F.);
#4181 = ORIENTED_EDGE('',*,*,#4175,.F.);
#4182 = CYLINDRICAL_SURFACE('',#4183,0.51);
#4183 = AXIS2_PLACEMENT_3D('',#4184,#4185,#4186);
#4184 = CARTESIAN_POINT('',(159.5,-114.,-4.6E-02));
#4185 = DIRECTION('',(-0.,-0.,-1.));
#4186 = DIRECTION('',(-0.,-1.,0.));
#4187 = ADVANCED_FACE('',(#4188),#4199,.F.);
#4188 = FACE_BOUND('',#4189,.T.);
#4189 = EDGE_LOOP('',(#4190,#4191,#4197,#4198));
#4190 = ORIENTED_EDGE('',*,*,#3553,.T.);
#4191 = ORIENTED_EDGE('',*,*,#4192,.T.);
#4192 = EDGE_CURVE('',#3554,#3826,#4193,.T.);
#4193 = LINE('',#4194,#4195);
#4194 = CARTESIAN_POINT('',(150.5,-107.248,-4.6E-02));
#4195 = VECTOR('',#4196,1.);
#4196 = DIRECTION('',(0.,0.,1.));
#4197 = ORIENTED_EDGE('',*,*,#3825,.F.);
#4198 = ORIENTED_EDGE('',*,*,#4192,.F.);
#4199 = CYLINDRICAL_SURFACE('',#4200,0.508);
#4200 = AXIS2_PLACEMENT_3D('',#4201,#4202,#4203);
#4201 = CARTESIAN_POINT('',(150.5,-106.74,-4.6E-02));
#4202 = DIRECTION('',(-0.,-0.,-1.));
#4203 = DIRECTION('',(-0.,-1.,0.));
#4204 = ADVANCED_FACE('',(#4205),#4216,.F.);
#4205 = FACE_BOUND('',#4206,.T.);
#4206 = EDGE_LOOP('',(#4207,#4208,#4214,#4215));
#4207 = ORIENTED_EDGE('',*,*,#3564,.T.);
#4208 = ORIENTED_EDGE('',*,*,#4209,.T.);
#4209 = EDGE_CURVE('',#3565,#3837,#4210,.T.);
#4210 = LINE('',#4211,#4212);
#4211 = CARTESIAN_POINT('',(135.26,-92.008,-4.6E-02));
#4212 = VECTOR('',#4213,1.);
#4213 = DIRECTION('',(0.,0.,1.));
#4214 = ORIENTED_EDGE('',*,*,#3836,.F.);
#4215 = ORIENTED_EDGE('',*,*,#4209,.F.);
#4216 = CYLINDRICAL_SURFACE('',#4217,0.508);
#4217 = AXIS2_PLACEMENT_3D('',#4218,#4219,#4220);
#4218 = CARTESIAN_POINT('',(135.26,-91.5,-4.6E-02));
#4219 = DIRECTION('',(-0.,-0.,-1.));
#4220 = DIRECTION('',(-0.,-1.,0.));
#4221 = ADVANCED_FACE('',(#4222),#4233,.F.);
#4222 = FACE_BOUND('',#4223,.T.);
#4223 = EDGE_LOOP('',(#4224,#4225,#4231,#4232));
#4224 = ORIENTED_EDGE('',*,*,#3575,.T.);
#4225 = ORIENTED_EDGE('',*,*,#4226,.T.);
#4226 = EDGE_CURVE('',#3576,#3848,#4227,.T.);
#4227 = LINE('',#4228,#4229);
#4228 = CARTESIAN_POINT('',(137.8,-92.008,-4.6E-02));
#4229 = VECTOR('',#4230,1.);
#4230 = DIRECTION('',(0.,0.,1.));
#4231 = ORIENTED_EDGE('',*,*,#3847,.F.);
#4232 = ORIENTED_EDGE('',*,*,#4226,.F.);
#4233 = CYLINDRICAL_SURFACE('',#4234,0.508);
#4234 = AXIS2_PLACEMENT_3D('',#4235,#4236,#4237);
#4235 = CARTESIAN_POINT('',(137.8,-91.5,-4.6E-02));
#4236 = DIRECTION('',(-0.,-0.,-1.));
#4237 = DIRECTION('',(-0.,-1.,0.));
#4238 = ADVANCED_FACE('',(#4239),#4250,.F.);
#4239 = FACE_BOUND('',#4240,.T.);
#4240 = EDGE_LOOP('',(#4241,#4242,#4248,#4249));
#4241 = ORIENTED_EDGE('',*,*,#3586,.T.);
#4242 = ORIENTED_EDGE('',*,*,#4243,.T.);
#4243 = EDGE_CURVE('',#3587,#3859,#4244,.T.);
#4244 = LINE('',#4245,#4246);
#4245 = CARTESIAN_POINT('',(140.34,-92.008,-4.6E-02));
#4246 = VECTOR('',#4247,1.);
#4247 = DIRECTION('',(0.,0.,1.));
#4248 = ORIENTED_EDGE('',*,*,#3858,.F.);
#4249 = ORIENTED_EDGE('',*,*,#4243,.F.);
#4250 = CYLINDRICAL_SURFACE('',#4251,0.508);
#4251 = AXIS2_PLACEMENT_3D('',#4252,#4253,#4254);
#4252 = CARTESIAN_POINT('',(140.34,-91.5,-4.6E-02));
#4253 = DIRECTION('',(-0.,-0.,-1.));
#4254 = DIRECTION('',(-0.,-1.,0.));
#4255 = ADVANCED_FACE('',(#4256),#4267,.F.);
#4256 = FACE_BOUND('',#4257,.T.);
#4257 = EDGE_LOOP('',(#4258,#4259,#4265,#4266));
#4258 = ORIENTED_EDGE('',*,*,#3597,.T.);
#4259 = ORIENTED_EDGE('',*,*,#4260,.T.);
#4260 = EDGE_CURVE('',#3598,#3870,#4261,.T.);
#4261 = LINE('',#4262,#4263);
#4262 = CARTESIAN_POINT('',(142.88,-92.008,-4.6E-02));
#4263 = VECTOR('',#4264,1.);
#4264 = DIRECTION('',(0.,0.,1.));
#4265 = ORIENTED_EDGE('',*,*,#3869,.F.);
#4266 = ORIENTED_EDGE('',*,*,#4260,.F.);
#4267 = CYLINDRICAL_SURFACE('',#4268,0.508);
#4268 = AXIS2_PLACEMENT_3D('',#4269,#4270,#4271);
#4269 = CARTESIAN_POINT('',(142.88,-91.5,-4.6E-02));
#4270 = DIRECTION('',(-0.,-0.,-1.));
#4271 = DIRECTION('',(-0.,-1.,0.));
#4272 = ADVANCED_FACE('',(#4273),#4284,.F.);
#4273 = FACE_BOUND('',#4274,.T.);
#4274 = EDGE_LOOP('',(#4275,#4276,#4282,#4283));
#4275 = ORIENTED_EDGE('',*,*,#3608,.T.);
#4276 = ORIENTED_EDGE('',*,*,#4277,.T.);
#4277 = EDGE_CURVE('',#3609,#3881,#4278,.T.);
#4278 = LINE('',#4279,#4280);
#4279 = CARTESIAN_POINT('',(145.42,-92.008,-4.6E-02));
#4280 = VECTOR('',#4281,1.);
#4281 = DIRECTION('',(0.,0.,1.));
#4282 = ORIENTED_EDGE('',*,*,#3880,.F.);
#4283 = ORIENTED_EDGE('',*,*,#4277,.F.);
#4284 = CYLINDRICAL_SURFACE('',#4285,0.508);
#4285 = AXIS2_PLACEMENT_3D('',#4286,#4287,#4288);
#4286 = CARTESIAN_POINT('',(145.42,-91.5,-4.6E-02));
#4287 = DIRECTION('',(-0.,-0.,-1.));
#4288 = DIRECTION('',(-5.594824691025E-14,-1.,0.));
#4289 = ADVANCED_FACE('',(#4290),#4301,.F.);
#4290 = FACE_BOUND('',#4291,.T.);
#4291 = EDGE_LOOP('',(#4292,#4293,#4299,#4300));
#4292 = ORIENTED_EDGE('',*,*,#3619,.T.);
#4293 = ORIENTED_EDGE('',*,*,#4294,.T.);
#4294 = EDGE_CURVE('',#3620,#3892,#4295,.T.);
#4295 = LINE('',#4296,#4297);
#4296 = CARTESIAN_POINT('',(147.96,-92.008,-4.6E-02));
#4297 = VECTOR('',#4298,1.);
#4298 = DIRECTION('',(0.,0.,1.));
#4299 = ORIENTED_EDGE('',*,*,#3891,.F.);
#4300 = ORIENTED_EDGE('',*,*,#4294,.F.);
#4301 = CYLINDRICAL_SURFACE('',#4302,0.508);
#4302 = AXIS2_PLACEMENT_3D('',#4303,#4304,#4305);
#4303 = CARTESIAN_POINT('',(147.96,-91.5,-4.6E-02));
#4304 = DIRECTION('',(-0.,0.,-1.));
#4305 = DIRECTION('',(5.594824691024E-14,-1.,-0.));
#4306 = ADVANCED_FACE('',(#4307),#4318,.F.);
#4307 = FACE_BOUND('',#4308,.T.);
#4308 = EDGE_LOOP('',(#4309,#4310,#4316,#4317));
#4309 = ORIENTED_EDGE('',*,*,#3630,.T.);
#4310 = ORIENTED_EDGE('',*,*,#4311,.T.);
#4311 = EDGE_CURVE('',#3631,#3903,#4312,.T.);
#4312 = LINE('',#4313,#4314);
#4313 = CARTESIAN_POINT('',(160.66,-102.168,-4.6E-02));
#4314 = VECTOR('',#4315,1.);
#4315 = DIRECTION('',(0.,0.,1.));
#4316 = ORIENTED_EDGE('',*,*,#3902,.F.);
#4317 = ORIENTED_EDGE('',*,*,#4311,.F.);
#4318 = CYLINDRICAL_SURFACE('',#4319,0.508);
#4319 = AXIS2_PLACEMENT_3D('',#4320,#4321,#4322);
#4320 = CARTESIAN_POINT('',(160.66,-101.66,-4.6E-02));
#4321 = DIRECTION('',(-0.,-0.,-1.));
#4322 = DIRECTION('',(-0.,-1.,0.));
#4323 = ADVANCED_FACE('',(#4324),#4335,.F.);
#4324 = FACE_BOUND('',#4325,.T.);
#4325 = EDGE_LOOP('',(#4326,#4327,#4333,#4334));
#4326 = ORIENTED_EDGE('',*,*,#3641,.T.);
#4327 = ORIENTED_EDGE('',*,*,#4328,.T.);
#4328 = EDGE_CURVE('',#3642,#3914,#4329,.T.);
#4329 = LINE('',#4330,#4331);
#4330 = CARTESIAN_POINT('',(150.5,-92.008,-4.6E-02));
#4331 = VECTOR('',#4332,1.);
#4332 = DIRECTION('',(0.,0.,1.));
#4333 = ORIENTED_EDGE('',*,*,#3913,.F.);
#4334 = ORIENTED_EDGE('',*,*,#4328,.F.);
#4335 = CYLINDRICAL_SURFACE('',#4336,0.508);
#4336 = AXIS2_PLACEMENT_3D('',#4337,#4338,#4339);
#4337 = CARTESIAN_POINT('',(150.5,-91.5,-4.6E-02));
#4338 = DIRECTION('',(-0.,-0.,-1.));
#4339 = DIRECTION('',(-0.,-1.,0.));
#4340 = ADVANCED_FACE('',(#4341),#4352,.F.);
#4341 = FACE_BOUND('',#4342,.T.);
#4342 = EDGE_LOOP('',(#4343,#4344,#4350,#4351));
#4343 = ORIENTED_EDGE('',*,*,#3652,.T.);
#4344 = ORIENTED_EDGE('',*,*,#4345,.T.);
#4345 = EDGE_CURVE('',#3653,#3925,#4346,.T.);
#4346 = LINE('',#4347,#4348);
#4347 = CARTESIAN_POINT('',(160.66,-97.088,-4.6E-02));
#4348 = VECTOR('',#4349,1.);
#4349 = DIRECTION('',(0.,0.,1.));
#4350 = ORIENTED_EDGE('',*,*,#3924,.F.);
#4351 = ORIENTED_EDGE('',*,*,#4345,.F.);
#4352 = CYLINDRICAL_SURFACE('',#4353,0.508);
#4353 = AXIS2_PLACEMENT_3D('',#4354,#4355,#4356);
#4354 = CARTESIAN_POINT('',(160.66,-96.58,-4.6E-02));
#4355 = DIRECTION('',(-0.,-0.,-1.));
#4356 = DIRECTION('',(-0.,-1.,0.));
#4357 = ( GEOMETRIC_REPRESENTATION_CONTEXT(3) 
GLOBAL_UNCERTAINTY_ASSIGNED_CONTEXT((#4361)) 
GLOBAL_UNIT_ASSIGNED_CONTEXT((#4358,#4359,#4360)) REPRESENTATION_CONTEXT
('Context #1','3D Context with UNIT and UNCERTAINTY') );
#4358 = ( LENGTH_UNIT() NAMED_UNIT(*) SI_UNIT(.MILLI.,.METRE.) );
#4359 = ( NAMED_UNIT(*) PLANE_ANGLE_UNIT() SI_UNIT($,.RADIAN.) );
#4360 = ( NAMED_UNIT(*) SI_UNIT($,.STERADIAN.) SOLID_ANGLE_UNIT() );
#4361 = UNCERTAINTY_MEASURE_WITH_UNIT(LENGTH_MEASURE(1.E-07),#4358,
  'distance_accuracy_value','confusion accuracy');
#4362 = CONTEXT_DEPENDENT_SHAPE_REPRESENTATION(#4363,#4365);
#4363 = ( REPRESENTATION_RELATIONSHIP('','',#3286,#10) 
REPRESENTATION_RELATIONSHIP_WITH_TRANSFORMATION(#4364) 
SHAPE_REPRESENTATION_RELATIONSHIP() );
#4364 = ITEM_DEFINED_TRANSFORMATION('','',#11,#35);
#4365 = PRODUCT_DEFINITION_SHAPE('Placement','Placement of an item',
  #4366);
#4366 = NEXT_ASSEMBLY_USAGE_OCCURRENCE('6','=>[0:1:1:5]','',#5,#3281,$);
#4367 = PRODUCT_RELATED_PRODUCT_CATEGORY('part',$,(#3283));
#4368 = MECHANICAL_DESIGN_GEOMETRIC_PRESENTATION_REPRESENTATION('',(
    #4369,#4377,#4384,#4391,#4398,#4405,#4412,#4419,#4427,#4434,#4441,
    #4448,#4455,#4462,#4469,#4476,#4483,#4490,#4497,#4504,#4511,#4518,
    #4525,#4532,#4539,#4546,#4553,#4560,#4567,#4574,#4581,#4588,#4595,
    #4602,#4609,#4616,#4624,#4631,#4638,#4645,#4652,#4659,#4666,#4673,
    #4680,#4687,#4694,#4701,#4708,#4715),#2390);
#4369 = STYLED_ITEM('color',(#4370),#869);
#4370 = PRESENTATION_STYLE_ASSIGNMENT((#4371));
#4371 = SURFACE_STYLE_USAGE(.BOTH.,#4372);
#4372 = SURFACE_SIDE_STYLE('',(#4373));
#4373 = SURFACE_STYLE_FILL_AREA(#4374);
#4374 = FILL_AREA_STYLE('',(#4375));
#4375 = FILL_AREA_STYLE_COLOUR('',#4376);
#4376 = COLOUR_RGB('',0.894999966383,0.890999961016,0.813000030345);
#4377 = STYLED_ITEM('color',(#4378),#909);
#4378 = PRESENTATION_STYLE_ASSIGNMENT((#4379));
#4379 = SURFACE_STYLE_USAGE(.BOTH.,#4380);
#4380 = SURFACE_SIDE_STYLE('',(#4381));
#4381 = SURFACE_STYLE_FILL_AREA(#4382);
#4382 = FILL_AREA_STYLE('',(#4383));
#4383 = FILL_AREA_STYLE_COLOUR('',#4376);
#4384 = STYLED_ITEM('color',(#4385),#956);
#4385 = PRESENTATION_STYLE_ASSIGNMENT((#4386));
#4386 = SURFACE_STYLE_USAGE(.BOTH.,#4387);
#4387 = SURFACE_SIDE_STYLE('',(#4388));
#4388 = SURFACE_STYLE_FILL_AREA(#4389);
#4389 = FILL_AREA_STYLE('',(#4390));
#4390 = FILL_AREA_STYLE_COLOUR('',#4376);
#4391 = STYLED_ITEM('color',(#4392),#1035);
#4392 = PRESENTATION_STYLE_ASSIGNMENT((#4393));
#4393 = SURFACE_STYLE_USAGE(.BOTH.,#4394);
#4394 = SURFACE_SIDE_STYLE('',(#4395));
#4395 = SURFACE_STYLE_FILL_AREA(#4396);
#4396 = FILL_AREA_STYLE('',(#4397));
#4397 = FILL_AREA_STYLE_COLOUR('',#4376);
#4398 = STYLED_ITEM('color',(#4399),#1059);
#4399 = PRESENTATION_STYLE_ASSIGNMENT((#4400));
#4400 = SURFACE_STYLE_USAGE(.BOTH.,#4401);
#4401 = SURFACE_SIDE_STYLE('',(#4402));
#4402 = SURFACE_STYLE_FILL_AREA(#4403);
#4403 = FILL_AREA_STYLE('',(#4404));
#4404 = FILL_AREA_STYLE_COLOUR('',#4376);
#4405 = STYLED_ITEM('color',(#4406),#1099);
#4406 = PRESENTATION_STYLE_ASSIGNMENT((#4407));
#4407 = SURFACE_STYLE_USAGE(.BOTH.,#4408);
#4408 = SURFACE_SIDE_STYLE('',(#4409));
#4409 = SURFACE_STYLE_FILL_AREA(#4410);
#4410 = FILL_AREA_STYLE('',(#4411));
#4411 = FILL_AREA_STYLE_COLOUR('',#4376);
#4412 = STYLED_ITEM('color',(#4413),#1130);
#4413 = PRESENTATION_STYLE_ASSIGNMENT((#4414));
#4414 = SURFACE_STYLE_USAGE(.BOTH.,#4415);
#4415 = SURFACE_SIDE_STYLE('',(#4416));
#4416 = SURFACE_STYLE_FILL_AREA(#4417);
#4417 = FILL_AREA_STYLE('',(#4418));
#4418 = FILL_AREA_STYLE_COLOUR('',#4376);
#4419 = STYLED_ITEM('color',(#4420),#1147);
#4420 = PRESENTATION_STYLE_ASSIGNMENT((#4421));
#4421 = SURFACE_STYLE_USAGE(.BOTH.,#4422);
#4422 = SURFACE_SIDE_STYLE('',(#4423));
#4423 = SURFACE_STYLE_FILL_AREA(#4424);
#4424 = FILL_AREA_STYLE('',(#4425));
#4425 = FILL_AREA_STYLE_COLOUR('',#4426);
#4426 = COLOUR_RGB('',0.859000020776,0.737999965183,0.495999988746);
#4427 = STYLED_ITEM('color',(#4428),#1180);
#4428 = PRESENTATION_STYLE_ASSIGNMENT((#4429));
#4429 = SURFACE_STYLE_USAGE(.BOTH.,#4430);
#4430 = SURFACE_SIDE_STYLE('',(#4431));
#4431 = SURFACE_STYLE_FILL_AREA(#4432);
#4432 = FILL_AREA_STYLE('',(#4433));
#4433 = FILL_AREA_STYLE_COLOUR('',#4376);
#4434 = STYLED_ITEM('color',(#4435),#1204);
#4435 = PRESENTATION_STYLE_ASSIGNMENT((#4436));
#4436 = SURFACE_STYLE_USAGE(.BOTH.,#4437);
#4437 = SURFACE_SIDE_STYLE('',(#4438));
#4438 = SURFACE_STYLE_FILL_AREA(#4439);
#4439 = FILL_AREA_STYLE('',(#4440));
#4440 = FILL_AREA_STYLE_COLOUR('',#4426);
#4441 = STYLED_ITEM('color',(#4442),#1271);
#4442 = PRESENTATION_STYLE_ASSIGNMENT((#4443));
#4443 = SURFACE_STYLE_USAGE(.BOTH.,#4444);
#4444 = SURFACE_SIDE_STYLE('',(#4445));
#4445 = SURFACE_STYLE_FILL_AREA(#4446);
#4446 = FILL_AREA_STYLE('',(#4447));
#4447 = FILL_AREA_STYLE_COLOUR('',#4376);
#4448 = STYLED_ITEM('color',(#4449),#1392);
#4449 = PRESENTATION_STYLE_ASSIGNMENT((#4450));
#4450 = SURFACE_STYLE_USAGE(.BOTH.,#4451);
#4451 = SURFACE_SIDE_STYLE('',(#4452));
#4452 = SURFACE_STYLE_FILL_AREA(#4453);
#4453 = FILL_AREA_STYLE('',(#4454));
#4454 = FILL_AREA_STYLE_COLOUR('',#4426);
#4455 = STYLED_ITEM('color',(#4456),#1459);
#4456 = PRESENTATION_STYLE_ASSIGNMENT((#4457));
#4457 = SURFACE_STYLE_USAGE(.BOTH.,#4458);
#4458 = SURFACE_SIDE_STYLE('',(#4459));
#4459 = SURFACE_STYLE_FILL_AREA(#4460);
#4460 = FILL_AREA_STYLE('',(#4461));
#4461 = FILL_AREA_STYLE_COLOUR('',#4376);
#4462 = STYLED_ITEM('color',(#4463),#1483);
#4463 = PRESENTATION_STYLE_ASSIGNMENT((#4464));
#4464 = SURFACE_STYLE_USAGE(.BOTH.,#4465);
#4465 = SURFACE_SIDE_STYLE('',(#4466));
#4466 = SURFACE_STYLE_FILL_AREA(#4467);
#4467 = FILL_AREA_STYLE('',(#4468));
#4468 = FILL_AREA_STYLE_COLOUR('',#4376);
#4469 = STYLED_ITEM('color',(#4470),#1514);
#4470 = PRESENTATION_STYLE_ASSIGNMENT((#4471));
#4471 = SURFACE_STYLE_USAGE(.BOTH.,#4472);
#4472 = SURFACE_SIDE_STYLE('',(#4473));
#4473 = SURFACE_STYLE_FILL_AREA(#4474);
#4474 = FILL_AREA_STYLE('',(#4475));
#4475 = FILL_AREA_STYLE_COLOUR('',#4426);
#4476 = STYLED_ITEM('color',(#4477),#1547);
#4477 = PRESENTATION_STYLE_ASSIGNMENT((#4478));
#4478 = SURFACE_STYLE_USAGE(.BOTH.,#4479);
#4479 = SURFACE_SIDE_STYLE('',(#4480));
#4480 = SURFACE_STYLE_FILL_AREA(#4481);
#4481 = FILL_AREA_STYLE('',(#4482));
#4482 = FILL_AREA_STYLE_COLOUR('',#4376);
#4483 = STYLED_ITEM('color',(#4484),#1603);
#4484 = PRESENTATION_STYLE_ASSIGNMENT((#4485));
#4485 = SURFACE_STYLE_USAGE(.BOTH.,#4486);
#4486 = SURFACE_SIDE_STYLE('',(#4487));
#4487 = SURFACE_STYLE_FILL_AREA(#4488);
#4488 = FILL_AREA_STYLE('',(#4489));
#4489 = FILL_AREA_STYLE_COLOUR('',#4426);
#4490 = STYLED_ITEM('color',(#4491),#1627);
#4491 = PRESENTATION_STYLE_ASSIGNMENT((#4492));
#4492 = SURFACE_STYLE_USAGE(.BOTH.,#4493);
#4493 = SURFACE_SIDE_STYLE('',(#4494));
#4494 = SURFACE_STYLE_FILL_AREA(#4495);
#4495 = FILL_AREA_STYLE('',(#4496));
#4496 = FILL_AREA_STYLE_COLOUR('',#4426);
#4497 = STYLED_ITEM('color',(#4498),#1651);
#4498 = PRESENTATION_STYLE_ASSIGNMENT((#4499));
#4499 = SURFACE_STYLE_USAGE(.BOTH.,#4500);
#4500 = SURFACE_SIDE_STYLE('',(#4501));
#4501 = SURFACE_STYLE_FILL_AREA(#4502);
#4502 = FILL_AREA_STYLE('',(#4503));
#4503 = FILL_AREA_STYLE_COLOUR('',#4426);
#4504 = STYLED_ITEM('color',(#4505),#1675);
#4505 = PRESENTATION_STYLE_ASSIGNMENT((#4506));
#4506 = SURFACE_STYLE_USAGE(.BOTH.,#4507);
#4507 = SURFACE_SIDE_STYLE('',(#4508));
#4508 = SURFACE_STYLE_FILL_AREA(#4509);
#4509 = FILL_AREA_STYLE('',(#4510));
#4510 = FILL_AREA_STYLE_COLOUR('',#4426);
#4511 = STYLED_ITEM('color',(#4512),#1708);
#4512 = PRESENTATION_STYLE_ASSIGNMENT((#4513));
#4513 = SURFACE_STYLE_USAGE(.BOTH.,#4514);
#4514 = SURFACE_SIDE_STYLE('',(#4515));
#4515 = SURFACE_STYLE_FILL_AREA(#4516);
#4516 = FILL_AREA_STYLE('',(#4517));
#4517 = FILL_AREA_STYLE_COLOUR('',#4426);
#4518 = STYLED_ITEM('color',(#4519),#1720);
#4519 = PRESENTATION_STYLE_ASSIGNMENT((#4520));
#4520 = SURFACE_STYLE_USAGE(.BOTH.,#4521);
#4521 = SURFACE_SIDE_STYLE('',(#4522));
#4522 = SURFACE_STYLE_FILL_AREA(#4523);
#4523 = FILL_AREA_STYLE('',(#4524));
#4524 = FILL_AREA_STYLE_COLOUR('',#4426);
#4525 = STYLED_ITEM('color',(#4526),#1783);
#4526 = PRESENTATION_STYLE_ASSIGNMENT((#4527));
#4527 = SURFACE_STYLE_USAGE(.BOTH.,#4528);
#4528 = SURFACE_SIDE_STYLE('',(#4529));
#4529 = SURFACE_STYLE_FILL_AREA(#4530);
#4530 = FILL_AREA_STYLE('',(#4531));
#4531 = FILL_AREA_STYLE_COLOUR('',#4426);
#4532 = STYLED_ITEM('color',(#4533),#1808);
#4533 = PRESENTATION_STYLE_ASSIGNMENT((#4534));
#4534 = SURFACE_STYLE_USAGE(.BOTH.,#4535);
#4535 = SURFACE_SIDE_STYLE('',(#4536));
#4536 = SURFACE_STYLE_FILL_AREA(#4537);
#4537 = FILL_AREA_STYLE('',(#4538));
#4538 = FILL_AREA_STYLE_COLOUR('',#4426);
#4539 = STYLED_ITEM('color',(#4540),#1825);
#4540 = PRESENTATION_STYLE_ASSIGNMENT((#4541));
#4541 = SURFACE_STYLE_USAGE(.BOTH.,#4542);
#4542 = SURFACE_SIDE_STYLE('',(#4543));
#4543 = SURFACE_STYLE_FILL_AREA(#4544);
#4544 = FILL_AREA_STYLE('',(#4545));
#4545 = FILL_AREA_STYLE_COLOUR('',#4426);
#4546 = STYLED_ITEM('color',(#4547),#1849);
#4547 = PRESENTATION_STYLE_ASSIGNMENT((#4548));
#4548 = SURFACE_STYLE_USAGE(.BOTH.,#4549);
#4549 = SURFACE_SIDE_STYLE('',(#4550));
#4550 = SURFACE_STYLE_FILL_AREA(#4551);
#4551 = FILL_AREA_STYLE('',(#4552));
#4552 = FILL_AREA_STYLE_COLOUR('',#4426);
#4553 = STYLED_ITEM('color',(#4554),#1867);
#4554 = PRESENTATION_STYLE_ASSIGNMENT((#4555));
#4555 = SURFACE_STYLE_USAGE(.BOTH.,#4556);
#4556 = SURFACE_SIDE_STYLE('',(#4557));
#4557 = SURFACE_STYLE_FILL_AREA(#4558);
#4558 = FILL_AREA_STYLE('',(#4559));
#4559 = FILL_AREA_STYLE_COLOUR('',#4426);
#4560 = STYLED_ITEM('color',(#4561),#1885);
#4561 = PRESENTATION_STYLE_ASSIGNMENT((#4562));
#4562 = SURFACE_STYLE_USAGE(.BOTH.,#4563);
#4563 = SURFACE_SIDE_STYLE('',(#4564));
#4564 = SURFACE_STYLE_FILL_AREA(#4565);
#4565 = FILL_AREA_STYLE('',(#4566));
#4566 = FILL_AREA_STYLE_COLOUR('',#4426);
#4567 = STYLED_ITEM('color',(#4568),#1903);
#4568 = PRESENTATION_STYLE_ASSIGNMENT((#4569));
#4569 = SURFACE_STYLE_USAGE(.BOTH.,#4570);
#4570 = SURFACE_SIDE_STYLE('',(#4571));
#4571 = SURFACE_STYLE_FILL_AREA(#4572);
#4572 = FILL_AREA_STYLE('',(#4573));
#4573 = FILL_AREA_STYLE_COLOUR('',#4426);
#4574 = STYLED_ITEM('color',(#4575),#1920);
#4575 = PRESENTATION_STYLE_ASSIGNMENT((#4576));
#4576 = SURFACE_STYLE_USAGE(.BOTH.,#4577);
#4577 = SURFACE_SIDE_STYLE('',(#4578));
#4578 = SURFACE_STYLE_FILL_AREA(#4579);
#4579 = FILL_AREA_STYLE('',(#4580));
#4580 = FILL_AREA_STYLE_COLOUR('',#4426);
#4581 = STYLED_ITEM('color',(#4582),#1937);
#4582 = PRESENTATION_STYLE_ASSIGNMENT((#4583));
#4583 = SURFACE_STYLE_USAGE(.BOTH.,#4584);
#4584 = SURFACE_SIDE_STYLE('',(#4585));
#4585 = SURFACE_STYLE_FILL_AREA(#4586);
#4586 = FILL_AREA_STYLE('',(#4587));
#4587 = FILL_AREA_STYLE_COLOUR('',#4426);
#4588 = STYLED_ITEM('color',(#4589),#1968);
#4589 = PRESENTATION_STYLE_ASSIGNMENT((#4590));
#4590 = SURFACE_STYLE_USAGE(.BOTH.,#4591);
#4591 = SURFACE_SIDE_STYLE('',(#4592));
#4592 = SURFACE_STYLE_FILL_AREA(#4593);
#4593 = FILL_AREA_STYLE('',(#4594));
#4594 = FILL_AREA_STYLE_COLOUR('',#4426);
#4595 = STYLED_ITEM('color',(#4596),#1993);
#4596 = PRESENTATION_STYLE_ASSIGNMENT((#4597));
#4597 = SURFACE_STYLE_USAGE(.BOTH.,#4598);
#4598 = SURFACE_SIDE_STYLE('',(#4599));
#4599 = SURFACE_STYLE_FILL_AREA(#4600);
#4600 = FILL_AREA_STYLE('',(#4601));
#4601 = FILL_AREA_STYLE_COLOUR('',#4426);
#4602 = STYLED_ITEM('color',(#4603),#2018);
#4603 = PRESENTATION_STYLE_ASSIGNMENT((#4604));
#4604 = SURFACE_STYLE_USAGE(.BOTH.,#4605);
#4605 = SURFACE_SIDE_STYLE('',(#4606));
#4606 = SURFACE_STYLE_FILL_AREA(#4607);
#4607 = FILL_AREA_STYLE('',(#4608));
#4608 = FILL_AREA_STYLE_COLOUR('',#4426);
#4609 = STYLED_ITEM('color',(#4610),#2042);
#4610 = PRESENTATION_STYLE_ASSIGNMENT((#4611));
#4611 = SURFACE_STYLE_USAGE(.BOTH.,#4612);
#4612 = SURFACE_SIDE_STYLE('',(#4613));
#4613 = SURFACE_STYLE_FILL_AREA(#4614);
#4614 = FILL_AREA_STYLE('',(#4615));
#4615 = FILL_AREA_STYLE_COLOUR('',#4426);
#4616 = STYLED_ITEM('color',(#4617),#2059);
#4617 = PRESENTATION_STYLE_ASSIGNMENT((#4618));
#4618 = SURFACE_STYLE_USAGE(.BOTH.,#4619);
#4619 = SURFACE_SIDE_STYLE('',(#4620));
#4620 = SURFACE_STYLE_FILL_AREA(#4621);
#4621 = FILL_AREA_STYLE('',(#4622));
#4622 = FILL_AREA_STYLE_COLOUR('',#4623);
#4623 = COLOUR_RGB('',0.340000006699,0.68000001254,0.444999988852);
#4624 = STYLED_ITEM('color',(#4625),#2090);
#4625 = PRESENTATION_STYLE_ASSIGNMENT((#4626));
#4626 = SURFACE_STYLE_USAGE(.BOTH.,#4627);
#4627 = SURFACE_SIDE_STYLE('',(#4628));
#4628 = SURFACE_STYLE_FILL_AREA(#4629);
#4629 = FILL_AREA_STYLE('',(#4630));
#4630 = FILL_AREA_STYLE_COLOUR('',#4623);
#4631 = STYLED_ITEM('color',(#4632),#2114);
#4632 = PRESENTATION_STYLE_ASSIGNMENT((#4633));
#4633 = SURFACE_STYLE_USAGE(.BOTH.,#4634);
#4634 = SURFACE_SIDE_STYLE('',(#4635));
#4635 = SURFACE_STYLE_FILL_AREA(#4636);
#4636 = FILL_AREA_STYLE('',(#4637));
#4637 = FILL_AREA_STYLE_COLOUR('',#4623);
#4638 = STYLED_ITEM('color',(#4639),#2131);
#4639 = PRESENTATION_STYLE_ASSIGNMENT((#4640));
#4640 = SURFACE_STYLE_USAGE(.BOTH.,#4641);
#4641 = SURFACE_SIDE_STYLE('',(#4642));
#4642 = SURFACE_STYLE_FILL_AREA(#4643);
#4643 = FILL_AREA_STYLE('',(#4644));
#4644 = FILL_AREA_STYLE_COLOUR('',#4426);
#4645 = STYLED_ITEM('color',(#4646),#2159);
#4646 = PRESENTATION_STYLE_ASSIGNMENT((#4647));
#4647 = SURFACE_STYLE_USAGE(.BOTH.,#4648);
#4648 = SURFACE_SIDE_STYLE('',(#4649));
#4649 = SURFACE_STYLE_FILL_AREA(#4650);
#4650 = FILL_AREA_STYLE('',(#4651));
#4651 = FILL_AREA_STYLE_COLOUR('',#4426);
#4652 = STYLED_ITEM('color',(#4653),#2184);
#4653 = PRESENTATION_STYLE_ASSIGNMENT((#4654));
#4654 = SURFACE_STYLE_USAGE(.BOTH.,#4655);
#4655 = SURFACE_SIDE_STYLE('',(#4656));
#4656 = SURFACE_STYLE_FILL_AREA(#4657);
#4657 = FILL_AREA_STYLE('',(#4658));
#4658 = FILL_AREA_STYLE_COLOUR('',#4426);
#4659 = STYLED_ITEM('color',(#4660),#2208);
#4660 = PRESENTATION_STYLE_ASSIGNMENT((#4661));
#4661 = SURFACE_STYLE_USAGE(.BOTH.,#4662);
#4662 = SURFACE_SIDE_STYLE('',(#4663));
#4663 = SURFACE_STYLE_FILL_AREA(#4664);
#4664 = FILL_AREA_STYLE('',(#4665));
#4665 = FILL_AREA_STYLE_COLOUR('',#4426);
#4666 = STYLED_ITEM('color',(#4667),#2233);
#4667 = PRESENTATION_STYLE_ASSIGNMENT((#4668));
#4668 = SURFACE_STYLE_USAGE(.BOTH.,#4669);
#4669 = SURFACE_SIDE_STYLE('',(#4670));
#4670 = SURFACE_STYLE_FILL_AREA(#4671);
#4671 = FILL_AREA_STYLE('',(#4672));
#4672 = FILL_AREA_STYLE_COLOUR('',#4426);
#4673 = STYLED_ITEM('color',(#4674),#2280);
#4674 = PRESENTATION_STYLE_ASSIGNMENT((#4675));
#4675 = SURFACE_STYLE_USAGE(.BOTH.,#4676);
#4676 = SURFACE_SIDE_STYLE('',(#4677));
#4677 = SURFACE_STYLE_FILL_AREA(#4678);
#4678 = FILL_AREA_STYLE('',(#4679));
#4679 = FILL_AREA_STYLE_COLOUR('',#4426);
#4680 = STYLED_ITEM('color',(#4681),#2297);
#4681 = PRESENTATION_STYLE_ASSIGNMENT((#4682));
#4682 = SURFACE_STYLE_USAGE(.BOTH.,#4683);
#4683 = SURFACE_SIDE_STYLE('',(#4684));
#4684 = SURFACE_STYLE_FILL_AREA(#4685);
#4685 = FILL_AREA_STYLE('',(#4686));
#4686 = FILL_AREA_STYLE_COLOUR('',#4426);
#4687 = STYLED_ITEM('color',(#4688),#2309);
#4688 = PRESENTATION_STYLE_ASSIGNMENT((#4689));
#4689 = SURFACE_STYLE_USAGE(.BOTH.,#4690);
#4690 = SURFACE_SIDE_STYLE('',(#4691));
#4691 = SURFACE_STYLE_FILL_AREA(#4692);
#4692 = FILL_AREA_STYLE('',(#4693));
#4693 = FILL_AREA_STYLE_COLOUR('',#4426);
#4694 = STYLED_ITEM('color',(#4695),#2331);
#4695 = PRESENTATION_STYLE_ASSIGNMENT((#4696));
#4696 = SURFACE_STYLE_USAGE(.BOTH.,#4697);
#4697 = SURFACE_SIDE_STYLE('',(#4698));
#4698 = SURFACE_STYLE_FILL_AREA(#4699);
#4699 = FILL_AREA_STYLE('',(#4700));
#4700 = FILL_AREA_STYLE_COLOUR('',#4426);
#4701 = STYLED_ITEM('color',(#4702),#2343);
#4702 = PRESENTATION_STYLE_ASSIGNMENT((#4703));
#4703 = SURFACE_STYLE_USAGE(.BOTH.,#4704);
#4704 = SURFACE_SIDE_STYLE('',(#4705));
#4705 = SURFACE_STYLE_FILL_AREA(#4706);
#4706 = FILL_AREA_STYLE('',(#4707));
#4707 = FILL_AREA_STYLE_COLOUR('',#4426);
#4708 = STYLED_ITEM('color',(#4709),#2361);
#4709 = PRESENTATION_STYLE_ASSIGNMENT((#4710));
#4710 = SURFACE_STYLE_USAGE(.BOTH.,#4711);
#4711 = SURFACE_SIDE_STYLE('',(#4712));
#4712 = SURFACE_STYLE_FILL_AREA(#4713);
#4713 = FILL_AREA_STYLE('',(#4714));
#4714 = FILL_AREA_STYLE_COLOUR('',#4426);
#4715 = STYLED_ITEM('color',(#4716),#2379);
#4716 = PRESENTATION_STYLE_ASSIGNMENT((#4717));
#4717 = SURFACE_STYLE_USAGE(.BOTH.,#4718);
#4718 = SURFACE_SIDE_STYLE('',(#4719));
#4719 = SURFACE_STYLE_FILL_AREA(#4720);
#4720 = FILL_AREA_STYLE('',(#4721));
#4721 = FILL_AREA_STYLE_COLOUR('',#4623);
#4722 = MECHANICAL_DESIGN_GEOMETRIC_PRESENTATION_REPRESENTATION('',(
    #4723),#4357);
#4723 = STYLED_ITEM('color',(#4724),#3287);
#4724 = PRESENTATION_STYLE_ASSIGNMENT((#4725));
#4725 = SURFACE_STYLE_USAGE(.BOTH.,#4726);
#4726 = SURFACE_SIDE_STYLE('',(#4727));
#4727 = SURFACE_STYLE_FILL_AREA(#4728);
#4728 = FILL_AREA_STYLE('',(#4729));
#4729 = FILL_AREA_STYLE_COLOUR('',#4730);
#4730 = COLOUR_RGB('',0.313304153717,0.484529207832,0.410020903123);
#4731 = MECHANICAL_DESIGN_GEOMETRIC_PRESENTATION_REPRESENTATION('',(
    #4732,#4740,#4747,#4754,#4761,#4768,#4775,#4782,#4789,#4796,#4803,
    #4810,#4817,#4824,#4832,#4839,#4846,#4853,#4860,#4867,#4874,#4881,
    #4888,#4895,#4902,#4909),#843);
#4732 = STYLED_ITEM('color',(#4733),#55);
#4733 = PRESENTATION_STYLE_ASSIGNMENT((#4734));
#4734 = SURFACE_STYLE_USAGE(.BOTH.,#4735);
#4735 = SURFACE_SIDE_STYLE('',(#4736));
#4736 = SURFACE_STYLE_FILL_AREA(#4737);
#4737 = FILL_AREA_STYLE('',(#4738));
#4738 = FILL_AREA_STYLE_COLOUR('',#4739);
#4739 = COLOUR_RGB('',0.823999987314,0.819999987296,0.781000009244);
#4740 = STYLED_ITEM('color',(#4741),#95);
#4741 = PRESENTATION_STYLE_ASSIGNMENT((#4742));
#4742 = SURFACE_STYLE_USAGE(.BOTH.,#4743);
#4743 = SURFACE_SIDE_STYLE('',(#4744));
#4744 = SURFACE_STYLE_FILL_AREA(#4745);
#4745 = FILL_AREA_STYLE('',(#4746));
#4746 = FILL_AREA_STYLE_COLOUR('',#4739);
#4747 = STYLED_ITEM('color',(#4748),#178);
#4748 = PRESENTATION_STYLE_ASSIGNMENT((#4749));
#4749 = SURFACE_STYLE_USAGE(.BOTH.,#4750);
#4750 = SURFACE_SIDE_STYLE('',(#4751));
#4751 = SURFACE_STYLE_FILL_AREA(#4752);
#4752 = FILL_AREA_STYLE('',(#4753));
#4753 = FILL_AREA_STYLE_COLOUR('',#4739);
#4754 = STYLED_ITEM('color',(#4755),#203);
#4755 = PRESENTATION_STYLE_ASSIGNMENT((#4756));
#4756 = SURFACE_STYLE_USAGE(.BOTH.,#4757);
#4757 = SURFACE_SIDE_STYLE('',(#4758));
#4758 = SURFACE_STYLE_FILL_AREA(#4759);
#4759 = FILL_AREA_STYLE('',(#4760));
#4760 = FILL_AREA_STYLE_COLOUR('',#4739);
#4761 = STYLED_ITEM('color',(#4762),#228);
#4762 = PRESENTATION_STYLE_ASSIGNMENT((#4763));
#4763 = SURFACE_STYLE_USAGE(.BOTH.,#4764);
#4764 = SURFACE_SIDE_STYLE('',(#4765));
#4765 = SURFACE_STYLE_FILL_AREA(#4766);
#4766 = FILL_AREA_STYLE('',(#4767));
#4767 = FILL_AREA_STYLE_COLOUR('',#4739);
#4768 = STYLED_ITEM('color',(#4769),#295);
#4769 = PRESENTATION_STYLE_ASSIGNMENT((#4770));
#4770 = SURFACE_STYLE_USAGE(.BOTH.,#4771);
#4771 = SURFACE_SIDE_STYLE('',(#4772));
#4772 = SURFACE_STYLE_FILL_AREA(#4773);
#4773 = FILL_AREA_STYLE('',(#4774));
#4774 = FILL_AREA_STYLE_COLOUR('',#4739);
#4775 = STYLED_ITEM('color',(#4776),#312);
#4776 = PRESENTATION_STYLE_ASSIGNMENT((#4777));
#4777 = SURFACE_STYLE_USAGE(.BOTH.,#4778);
#4778 = SURFACE_SIDE_STYLE('',(#4779));
#4779 = SURFACE_STYLE_FILL_AREA(#4780);
#4780 = FILL_AREA_STYLE('',(#4781));
#4781 = FILL_AREA_STYLE_COLOUR('',#4739);
#4782 = STYLED_ITEM('color',(#4783),#329);
#4783 = PRESENTATION_STYLE_ASSIGNMENT((#4784));
#4784 = SURFACE_STYLE_USAGE(.BOTH.,#4785);
#4785 = SURFACE_SIDE_STYLE('',(#4786));
#4786 = SURFACE_STYLE_FILL_AREA(#4787);
#4787 = FILL_AREA_STYLE('',(#4788));
#4788 = FILL_AREA_STYLE_COLOUR('',#4376);
#4789 = STYLED_ITEM('color',(#4790),#378);
#4790 = PRESENTATION_STYLE_ASSIGNMENT((#4791));
#4791 = SURFACE_STYLE_USAGE(.BOTH.,#4792);
#4792 = SURFACE_SIDE_STYLE('',(#4793));
#4793 = SURFACE_STYLE_FILL_AREA(#4794);
#4794 = FILL_AREA_STYLE('',(#4795));
#4795 = FILL_AREA_STYLE_COLOUR('',#4739);
#4796 = STYLED_ITEM('color',(#4797),#395);
#4797 = PRESENTATION_STYLE_ASSIGNMENT((#4798));
#4798 = SURFACE_STYLE_USAGE(.BOTH.,#4799);
#4799 = SURFACE_SIDE_STYLE('',(#4800));
#4800 = SURFACE_STYLE_FILL_AREA(#4801);
#4801 = FILL_AREA_STYLE('',(#4802));
#4802 = FILL_AREA_STYLE_COLOUR('',#4739);
#4803 = STYLED_ITEM('color',(#4804),#412);
#4804 = PRESENTATION_STYLE_ASSIGNMENT((#4805));
#4805 = SURFACE_STYLE_USAGE(.BOTH.,#4806);
#4806 = SURFACE_SIDE_STYLE('',(#4807));
#4807 = SURFACE_STYLE_FILL_AREA(#4808);
#4808 = FILL_AREA_STYLE('',(#4809));
#4809 = FILL_AREA_STYLE_COLOUR('',#4376);
#4810 = STYLED_ITEM('color',(#4811),#461);
#4811 = PRESENTATION_STYLE_ASSIGNMENT((#4812));
#4812 = SURFACE_STYLE_USAGE(.BOTH.,#4813);
#4813 = SURFACE_SIDE_STYLE('',(#4814));
#4814 = SURFACE_STYLE_FILL_AREA(#4815);
#4815 = FILL_AREA_STYLE('',(#4816));
#4816 = FILL_AREA_STYLE_COLOUR('',#4376);
#4817 = STYLED_ITEM('color',(#4818),#478);
#4818 = PRESENTATION_STYLE_ASSIGNMENT((#4819));
#4819 = SURFACE_STYLE_USAGE(.BOTH.,#4820);
#4820 = SURFACE_SIDE_STYLE('',(#4821));
#4821 = SURFACE_STYLE_FILL_AREA(#4822);
#4822 = FILL_AREA_STYLE('',(#4823));
#4823 = FILL_AREA_STYLE_COLOUR('',#4739);
#4824 = STYLED_ITEM('color',(#4825),#547);
#4825 = PRESENTATION_STYLE_ASSIGNMENT((#4826));
#4826 = SURFACE_STYLE_USAGE(.BOTH.,#4827);
#4827 = SURFACE_SIDE_STYLE('',(#4828));
#4828 = SURFACE_STYLE_FILL_AREA(#4829);
#4829 = FILL_AREA_STYLE('',(#4830));
#4830 = FILL_AREA_STYLE_COLOUR('',#4831);
#4831 = COLOUR_RGB('',8.200000279077E-02,8.600000121357E-02,
  9.399999706163E-02);
#4832 = STYLED_ITEM('color',(#4833),#578);
#4833 = PRESENTATION_STYLE_ASSIGNMENT((#4834));
#4834 = SURFACE_STYLE_USAGE(.BOTH.,#4835);
#4835 = SURFACE_SIDE_STYLE('',(#4836));
#4836 = SURFACE_STYLE_FILL_AREA(#4837);
#4837 = FILL_AREA_STYLE('',(#4838));
#4838 = FILL_AREA_STYLE_COLOUR('',#4831);
#4839 = STYLED_ITEM('color',(#4840),#602);
#4840 = PRESENTATION_STYLE_ASSIGNMENT((#4841));
#4841 = SURFACE_STYLE_USAGE(.BOTH.,#4842);
#4842 = SURFACE_SIDE_STYLE('',(#4843));
#4843 = SURFACE_STYLE_FILL_AREA(#4844);
#4844 = FILL_AREA_STYLE('',(#4845));
#4845 = FILL_AREA_STYLE_COLOUR('',#4739);
#4846 = STYLED_ITEM('color',(#4847),#671);
#4847 = PRESENTATION_STYLE_ASSIGNMENT((#4848));
#4848 = SURFACE_STYLE_USAGE(.BOTH.,#4849);
#4849 = SURFACE_SIDE_STYLE('',(#4850));
#4850 = SURFACE_STYLE_FILL_AREA(#4851);
#4851 = FILL_AREA_STYLE('',(#4852));
#4852 = FILL_AREA_STYLE_COLOUR('',#4831);
#4853 = STYLED_ITEM('color',(#4854),#695);
#4854 = PRESENTATION_STYLE_ASSIGNMENT((#4855));
#4855 = SURFACE_STYLE_USAGE(.BOTH.,#4856);
#4856 = SURFACE_SIDE_STYLE('',(#4857));
#4857 = SURFACE_STYLE_FILL_AREA(#4858);
#4858 = FILL_AREA_STYLE('',(#4859));
#4859 = FILL_AREA_STYLE_COLOUR('',#4739);
#4860 = STYLED_ITEM('color',(#4861),#712);
#4861 = PRESENTATION_STYLE_ASSIGNMENT((#4862));
#4862 = SURFACE_STYLE_USAGE(.BOTH.,#4863);
#4863 = SURFACE_SIDE_STYLE('',(#4864));
#4864 = SURFACE_STYLE_FILL_AREA(#4865);
#4865 = FILL_AREA_STYLE('',(#4866));
#4866 = FILL_AREA_STYLE_COLOUR('',#4739);
#4867 = STYLED_ITEM('color',(#4868),#729);
#4868 = PRESENTATION_STYLE_ASSIGNMENT((#4869));
#4869 = SURFACE_STYLE_USAGE(.BOTH.,#4870);
#4870 = SURFACE_SIDE_STYLE('',(#4871));
#4871 = SURFACE_STYLE_FILL_AREA(#4872);
#4872 = FILL_AREA_STYLE('',(#4873));
#4873 = FILL_AREA_STYLE_COLOUR('',#4739);
#4874 = STYLED_ITEM('color',(#4875),#746);
#4875 = PRESENTATION_STYLE_ASSIGNMENT((#4876));
#4876 = SURFACE_STYLE_USAGE(.BOTH.,#4877);
#4877 = SURFACE_SIDE_STYLE('',(#4878));
#4878 = SURFACE_STYLE_FILL_AREA(#4879);
#4879 = FILL_AREA_STYLE('',(#4880));
#4880 = FILL_AREA_STYLE_COLOUR('',#4739);
#4881 = STYLED_ITEM('color',(#4882),#763);
#4882 = PRESENTATION_STYLE_ASSIGNMENT((#4883));
#4883 = SURFACE_STYLE_USAGE(.BOTH.,#4884);
#4884 = SURFACE_SIDE_STYLE('',(#4885));
#4885 = SURFACE_STYLE_FILL_AREA(#4886);
#4886 = FILL_AREA_STYLE('',(#4887));
#4887 = FILL_AREA_STYLE_COLOUR('',#4739);
#4888 = STYLED_ITEM('color',(#4889),#780);
#4889 = PRESENTATION_STYLE_ASSIGNMENT((#4890));
#4890 = SURFACE_STYLE_USAGE(.BOTH.,#4891);
#4891 = SURFACE_SIDE_STYLE('',(#4892));
#4892 = SURFACE_STYLE_FILL_AREA(#4893);
#4893 = FILL_AREA_STYLE('',(#4894));
#4894 = FILL_AREA_STYLE_COLOUR('',#4739);
#4895 = STYLED_ITEM('color',(#4896),#797);
#4896 = PRESENTATION_STYLE_ASSIGNMENT((#4897));
#4897 = SURFACE_STYLE_USAGE(.BOTH.,#4898);
#4898 = SURFACE_SIDE_STYLE('',(#4899));
#4899 = SURFACE_STYLE_FILL_AREA(#4900);
#4900 = FILL_AREA_STYLE('',(#4901));
#4901 = FILL_AREA_STYLE_COLOUR('',#4739);
#4902 = STYLED_ITEM('color',(#4903),#814);
#4903 = PRESENTATION_STYLE_ASSIGNMENT((#4904));
#4904 = SURFACE_STYLE_USAGE(.BOTH.,#4905);
#4905 = SURFACE_SIDE_STYLE('',(#4906));
#4906 = SURFACE_STYLE_FILL_AREA(#4907);
#4907 = FILL_AREA_STYLE('',(#4908));
#4908 = FILL_AREA_STYLE_COLOUR('',#4831);
#4909 = STYLED_ITEM('color',(#4910),#831);
#4910 = PRESENTATION_STYLE_ASSIGNMENT((#4911));
#4911 = SURFACE_STYLE_USAGE(.BOTH.,#4912);
#4912 = SURFACE_SIDE_STYLE('',(#4913));
#4913 = SURFACE_STYLE_FILL_AREA(#4914);
#4914 = FILL_AREA_STYLE('',(#4915));
#4915 = FILL_AREA_STYLE_COLOUR('',#4831);
#4916 = MECHANICAL_DESIGN_GEOMETRIC_PRESENTATION_REPRESENTATION('',(
    #4917,#4924,#4931,#4938,#4945,#4952,#4959,#4966,#4973,#4980,#4987,
    #4995,#5002,#5009,#5016,#5023,#5030,#5037,#5044,#5051,#5058,#5065,
    #5072,#5079,#5086,#5093,#5100,#5107),#3268);
#4917 = STYLED_ITEM('color',(#4918),#2416);
#4918 = PRESENTATION_STYLE_ASSIGNMENT((#4919));
#4919 = SURFACE_STYLE_USAGE(.BOTH.,#4920);
#4920 = SURFACE_SIDE_STYLE('',(#4921));
#4921 = SURFACE_STYLE_FILL_AREA(#4922);
#4922 = FILL_AREA_STYLE('',(#4923));
#4923 = FILL_AREA_STYLE_COLOUR('',#4739);
#4924 = STYLED_ITEM('color',(#4925),#2492);
#4925 = PRESENTATION_STYLE_ASSIGNMENT((#4926));
#4926 = SURFACE_STYLE_USAGE(.BOTH.,#4927);
#4927 = SURFACE_SIDE_STYLE('',(#4928));
#4928 = SURFACE_STYLE_FILL_AREA(#4929);
#4929 = FILL_AREA_STYLE('',(#4930));
#4930 = FILL_AREA_STYLE_COLOUR('',#4739);
#4931 = STYLED_ITEM('color',(#4932),#2523);
#4932 = PRESENTATION_STYLE_ASSIGNMENT((#4933));
#4933 = SURFACE_STYLE_USAGE(.BOTH.,#4934);
#4934 = SURFACE_SIDE_STYLE('',(#4935));
#4935 = SURFACE_STYLE_FILL_AREA(#4936);
#4936 = FILL_AREA_STYLE('',(#4937));
#4937 = FILL_AREA_STYLE_COLOUR('',#4739);
#4938 = STYLED_ITEM('color',(#4939),#2548);
#4939 = PRESENTATION_STYLE_ASSIGNMENT((#4940));
#4940 = SURFACE_STYLE_USAGE(.BOTH.,#4941);
#4941 = SURFACE_SIDE_STYLE('',(#4942));
#4942 = SURFACE_STYLE_FILL_AREA(#4943);
#4943 = FILL_AREA_STYLE('',(#4944));
#4944 = FILL_AREA_STYLE_COLOUR('',#4739);
#4945 = STYLED_ITEM('color',(#4946),#2573);
#4946 = PRESENTATION_STYLE_ASSIGNMENT((#4947));
#4947 = SURFACE_STYLE_USAGE(.BOTH.,#4948);
#4948 = SURFACE_SIDE_STYLE('',(#4949));
#4949 = SURFACE_STYLE_FILL_AREA(#4950);
#4950 = FILL_AREA_STYLE('',(#4951));
#4951 = FILL_AREA_STYLE_COLOUR('',#4739);
#4952 = STYLED_ITEM('color',(#4953),#2597);
#4953 = PRESENTATION_STYLE_ASSIGNMENT((#4954));
#4954 = SURFACE_STYLE_USAGE(.BOTH.,#4955);
#4955 = SURFACE_SIDE_STYLE('',(#4956));
#4956 = SURFACE_STYLE_FILL_AREA(#4957);
#4957 = FILL_AREA_STYLE('',(#4958));
#4958 = FILL_AREA_STYLE_COLOUR('',#4739);
#4959 = STYLED_ITEM('color',(#4960),#2621);
#4960 = PRESENTATION_STYLE_ASSIGNMENT((#4961));
#4961 = SURFACE_STYLE_USAGE(.BOTH.,#4962);
#4962 = SURFACE_SIDE_STYLE('',(#4963));
#4963 = SURFACE_STYLE_FILL_AREA(#4964);
#4964 = FILL_AREA_STYLE('',(#4965));
#4965 = FILL_AREA_STYLE_COLOUR('',#4739);
#4966 = STYLED_ITEM('color',(#4967),#2646);
#4967 = PRESENTATION_STYLE_ASSIGNMENT((#4968));
#4968 = SURFACE_STYLE_USAGE(.BOTH.,#4969);
#4969 = SURFACE_SIDE_STYLE('',(#4970));
#4970 = SURFACE_STYLE_FILL_AREA(#4971);
#4971 = FILL_AREA_STYLE('',(#4972));
#4972 = FILL_AREA_STYLE_COLOUR('',#4739);
#4973 = STYLED_ITEM('color',(#4974),#2671);
#4974 = PRESENTATION_STYLE_ASSIGNMENT((#4975));
#4975 = SURFACE_STYLE_USAGE(.BOTH.,#4976);
#4976 = SURFACE_SIDE_STYLE('',(#4977));
#4977 = SURFACE_STYLE_FILL_AREA(#4978);
#4978 = FILL_AREA_STYLE('',(#4979));
#4979 = FILL_AREA_STYLE_COLOUR('',#4739);
#4980 = STYLED_ITEM('color',(#4981),#2688);
#4981 = PRESENTATION_STYLE_ASSIGNMENT((#4982));
#4982 = SURFACE_STYLE_USAGE(.BOTH.,#4983);
#4983 = SURFACE_SIDE_STYLE('',(#4984));
#4984 = SURFACE_STYLE_FILL_AREA(#4985);
#4985 = FILL_AREA_STYLE('',(#4986));
#4986 = FILL_AREA_STYLE_COLOUR('',#4739);
#4987 = STYLED_ITEM('color',(#4988),#2774);
#4988 = PRESENTATION_STYLE_ASSIGNMENT((#4989));
#4989 = SURFACE_STYLE_USAGE(.BOTH.,#4990);
#4990 = SURFACE_SIDE_STYLE('',(#4991));
#4991 = SURFACE_STYLE_FILL_AREA(#4992);
#4992 = FILL_AREA_STYLE('',(#4993));
#4993 = FILL_AREA_STYLE_COLOUR('',#4994);
#4994 = COLOUR_RGB('',0.379000005575,0.270000008848,0.214999999939);
#4995 = STYLED_ITEM('color',(#4996),#2806);
#4996 = PRESENTATION_STYLE_ASSIGNMENT((#4997));
#4997 = SURFACE_STYLE_USAGE(.BOTH.,#4998);
#4998 = SURFACE_SIDE_STYLE('',(#4999));
#4999 = SURFACE_STYLE_FILL_AREA(#5000);
#5000 = FILL_AREA_STYLE('',(#5001));
#5001 = FILL_AREA_STYLE_COLOUR('',#4994);
#5002 = STYLED_ITEM('color',(#5003),#2830);
#5003 = PRESENTATION_STYLE_ASSIGNMENT((#5004));
#5004 = SURFACE_STYLE_USAGE(.BOTH.,#5005);
#5005 = SURFACE_SIDE_STYLE('',(#5006));
#5006 = SURFACE_STYLE_FILL_AREA(#5007);
#5007 = FILL_AREA_STYLE('',(#5008));
#5008 = FILL_AREA_STYLE_COLOUR('',#4994);
#5009 = STYLED_ITEM('color',(#5010),#2855);
#5010 = PRESENTATION_STYLE_ASSIGNMENT((#5011));
#5011 = SURFACE_STYLE_USAGE(.BOTH.,#5012);
#5012 = SURFACE_SIDE_STYLE('',(#5013));
#5013 = SURFACE_STYLE_FILL_AREA(#5014);
#5014 = FILL_AREA_STYLE('',(#5015));
#5015 = FILL_AREA_STYLE_COLOUR('',#4994);
#5016 = STYLED_ITEM('color',(#5017),#2879);
#5017 = PRESENTATION_STYLE_ASSIGNMENT((#5018));
#5018 = SURFACE_STYLE_USAGE(.BOTH.,#5019);
#5019 = SURFACE_SIDE_STYLE('',(#5020));
#5020 = SURFACE_STYLE_FILL_AREA(#5021);
#5021 = FILL_AREA_STYLE('',(#5022));
#5022 = FILL_AREA_STYLE_COLOUR('',#4994);
#5023 = STYLED_ITEM('color',(#5024),#2904);
#5024 = PRESENTATION_STYLE_ASSIGNMENT((#5025));
#5025 = SURFACE_STYLE_USAGE(.BOTH.,#5026);
#5026 = SURFACE_SIDE_STYLE('',(#5027));
#5027 = SURFACE_STYLE_FILL_AREA(#5028);
#5028 = FILL_AREA_STYLE('',(#5029));
#5029 = FILL_AREA_STYLE_COLOUR('',#4994);
#5030 = STYLED_ITEM('color',(#5031),#2928);
#5031 = PRESENTATION_STYLE_ASSIGNMENT((#5032));
#5032 = SURFACE_STYLE_USAGE(.BOTH.,#5033);
#5033 = SURFACE_SIDE_STYLE('',(#5034));
#5034 = SURFACE_STYLE_FILL_AREA(#5035);
#5035 = FILL_AREA_STYLE('',(#5036));
#5036 = FILL_AREA_STYLE_COLOUR('',#4994);
#5037 = STYLED_ITEM('color',(#5038),#2953);
#5038 = PRESENTATION_STYLE_ASSIGNMENT((#5039));
#5039 = SURFACE_STYLE_USAGE(.BOTH.,#5040);
#5040 = SURFACE_SIDE_STYLE('',(#5041));
#5041 = SURFACE_STYLE_FILL_AREA(#5042);
#5042 = FILL_AREA_STYLE('',(#5043));
#5043 = FILL_AREA_STYLE_COLOUR('',#4994);
#5044 = STYLED_ITEM('color',(#5045),#2970);
#5045 = PRESENTATION_STYLE_ASSIGNMENT((#5046));
#5046 = SURFACE_STYLE_USAGE(.BOTH.,#5047);
#5047 = SURFACE_SIDE_STYLE('',(#5048));
#5048 = SURFACE_STYLE_FILL_AREA(#5049);
#5049 = FILL_AREA_STYLE('',(#5050));
#5050 = FILL_AREA_STYLE_COLOUR('',#4739);
#5051 = STYLED_ITEM('color',(#5052),#3056);
#5052 = PRESENTATION_STYLE_ASSIGNMENT((#5053));
#5053 = SURFACE_STYLE_USAGE(.BOTH.,#5054);
#5054 = SURFACE_SIDE_STYLE('',(#5055));
#5055 = SURFACE_STYLE_FILL_AREA(#5056);
#5056 = FILL_AREA_STYLE('',(#5057));
#5057 = FILL_AREA_STYLE_COLOUR('',#4739);
#5058 = STYLED_ITEM('color',(#5059),#3087);
#5059 = PRESENTATION_STYLE_ASSIGNMENT((#5060));
#5060 = SURFACE_STYLE_USAGE(.BOTH.,#5061);
#5061 = SURFACE_SIDE_STYLE('',(#5062));
#5062 = SURFACE_STYLE_FILL_AREA(#5063);
#5063 = FILL_AREA_STYLE('',(#5064));
#5064 = FILL_AREA_STYLE_COLOUR('',#4739);
#5065 = STYLED_ITEM('color',(#5066),#3112);
#5066 = PRESENTATION_STYLE_ASSIGNMENT((#5067));
#5067 = SURFACE_STYLE_USAGE(.BOTH.,#5068);
#5068 = SURFACE_SIDE_STYLE('',(#5069));
#5069 = SURFACE_STYLE_FILL_AREA(#5070);
#5070 = FILL_AREA_STYLE('',(#5071));
#5071 = FILL_AREA_STYLE_COLOUR('',#4739);
#5072 = STYLED_ITEM('color',(#5073),#3137);
#5073 = PRESENTATION_STYLE_ASSIGNMENT((#5074));
#5074 = SURFACE_STYLE_USAGE(.BOTH.,#5075);
#5075 = SURFACE_SIDE_STYLE('',(#5076));
#5076 = SURFACE_STYLE_FILL_AREA(#5077);
#5077 = FILL_AREA_STYLE('',(#5078));
#5078 = FILL_AREA_STYLE_COLOUR('',#4739);
#5079 = STYLED_ITEM('color',(#5080),#3161);
#5080 = PRESENTATION_STYLE_ASSIGNMENT((#5081));
#5081 = SURFACE_STYLE_USAGE(.BOTH.,#5082);
#5082 = SURFACE_SIDE_STYLE('',(#5083));
#5083 = SURFACE_STYLE_FILL_AREA(#5084);
#5084 = FILL_AREA_STYLE('',(#5085));
#5085 = FILL_AREA_STYLE_COLOUR('',#4739);
#5086 = STYLED_ITEM('color',(#5087),#3185);
#5087 = PRESENTATION_STYLE_ASSIGNMENT((#5088));
#5088 = SURFACE_STYLE_USAGE(.BOTH.,#5089);
#5089 = SURFACE_SIDE_STYLE('',(#5090));
#5090 = SURFACE_STYLE_FILL_AREA(#5091);
#5091 = FILL_AREA_STYLE('',(#5092));
#5092 = FILL_AREA_STYLE_COLOUR('',#4739);
#5093 = STYLED_ITEM('color',(#5094),#3210);
#5094 = PRESENTATION_STYLE_ASSIGNMENT((#5095));
#5095 = SURFACE_STYLE_USAGE(.BOTH.,#5096);
#5096 = SURFACE_SIDE_STYLE('',(#5097));
#5097 = SURFACE_STYLE_FILL_AREA(#5098);
#5098 = FILL_AREA_STYLE('',(#5099));
#5099 = FILL_AREA_STYLE_COLOUR('',#4739);
#5100 = STYLED_ITEM('color',(#5101),#3235);
#5101 = PRESENTATION_STYLE_ASSIGNMENT((#5102));
#5102 = SURFACE_STYLE_USAGE(.BOTH.,#5103);
#5103 = SURFACE_SIDE_STYLE('',(#5104));
#5104 = SURFACE_STYLE_FILL_AREA(#5105);
#5105 = FILL_AREA_STYLE('',(#5106));
#5106 = FILL_AREA_STYLE_COLOUR('',#4739);
#5107 = STYLED_ITEM('color',(#5108),#3252);
#5108 = PRESENTATION_STYLE_ASSIGNMENT((#5109));
#5109 = SURFACE_STYLE_USAGE(.BOTH.,#5110);
#5110 = SURFACE_SIDE_STYLE('',(#5111));
#5111 = SURFACE_STYLE_FILL_AREA(#5112);
#5112 = FILL_AREA_STYLE('',(#5113));
#5113 = FILL_AREA_STYLE_COLOUR('',#4739);
ENDSEC;
END-ISO-10303-21;
