ISO-10303-21;
HEADER;
/* Generated by software containing ST-Developer
 * from STEP Tools, Inc. (www.steptools.com) 
 */

FILE_DESCRIPTION(
/* description */ ('KiCad electronic assembly'),
/* implementation_level */ '2;1');

FILE_NAME(
/* name */ 'sensor device.step',
/* time_stamp */ '2026-02-11T18:58:45-08:00',
/* author */ (''),
/* organization */ (''),
/* preprocessor_version */ 'ST-DEVELOPER v20.1',
/* originating_system */ 'Autodesk Translation Framework v14.24.0.0',
/* authorisation */ '');

FILE_SCHEMA (('AUTOMOTIVE_DESIGN { 1 0 10303 214 3 1 1 }'));
ENDSEC;

DATA;
#10=MECHANICAL_DESIGN_GEOMETRIC_PRESENTATION_REPRESENTATION('',(#3851,#3852,
#3853,#3854,#3855,#3856,#3857,#3858,#3859,#3860,#3861,#3862,#3863,#3864,
#3865,#3866,#3867,#3868,#3869,#3870,#3871,#3872,#3873,#3874,#3875,#3876,
#3877,#3878,#3879,#3880,#3881,#3882,#3883,#3884,#3885,#3886,#3887,#3888,
#3889,#3890,#3891,#3892,#3893,#3894,#3895,#3896,#3897,#3898,#3899,#3900,
#3901,#3902,#3903,#3904,#3905,#3906,#3907,#3908,#3909,#3910,#3911,#3912,
#3913,#3914,#3915,#3916,#3917,#3918,#3919,#3920,#3921,#3922,#3923,#3924,
#3925,#3926,#3927,#3928,#3929,#3930,#3931),#7321);
#11=ITEM_DEFINED_TRANSFORMATION($,$,#4267,#4591);
#12=ITEM_DEFINED_TRANSFORMATION($,$,#4200,#4592);
#13=ITEM_DEFINED_TRANSFORMATION($,$,#4267,#4593);
#14=ITEM_DEFINED_TRANSFORMATION($,$,#4267,#4594);
#15=ITEM_DEFINED_TRANSFORMATION($,$,#4310,#4595);
#16=(
REPRESENTATION_RELATIONSHIP($,$,#7341,#7339)
REPRESENTATION_RELATIONSHIP_WITH_TRANSFORMATION(#11)
SHAPE_REPRESENTATION_RELATIONSHIP()
);
#17=(
REPRESENTATION_RELATIONSHIP($,$,#7340,#7339)
REPRESENTATION_RELATIONSHIP_WITH_TRANSFORMATION(#12)
SHAPE_REPRESENTATION_RELATIONSHIP()
);
#18=(
REPRESENTATION_RELATIONSHIP($,$,#7341,#7339)
REPRESENTATION_RELATIONSHIP_WITH_TRANSFORMATION(#13)
SHAPE_REPRESENTATION_RELATIONSHIP()
);
#19=(
REPRESENTATION_RELATIONSHIP($,$,#7341,#7339)
REPRESENTATION_RELATIONSHIP_WITH_TRANSFORMATION(#14)
SHAPE_REPRESENTATION_RELATIONSHIP()
);
#20=(
REPRESENTATION_RELATIONSHIP($,$,#7342,#7339)
REPRESENTATION_RELATIONSHIP_WITH_TRANSFORMATION(#15)
SHAPE_REPRESENTATION_RELATIONSHIP()
);
#21=CONTEXT_DEPENDENT_SHAPE_REPRESENTATION(#16,#7334);
#22=CONTEXT_DEPENDENT_SHAPE_REPRESENTATION(#17,#7335);
#23=CONTEXT_DEPENDENT_SHAPE_REPRESENTATION(#18,#7336);
#24=CONTEXT_DEPENDENT_SHAPE_REPRESENTATION(#19,#7337);
#25=CONTEXT_DEPENDENT_SHAPE_REPRESENTATION(#20,#7338);
#26=NEXT_ASSEMBLY_USAGE_OCCURRENCE('R_0805_2012Metric:1',
'R_0805_2012Metric:1','R_0805_2012Metric:1',#7344,#7346,
'R_0805_2012Metric:1');
#27=NEXT_ASSEMBLY_USAGE_OCCURRENCE('LED_0805_2012Metric:1',
'LED_0805_2012Metric:1','LED_0805_2012Metric:1',#7344,#7345,
'LED_0805_2012Metric:1');
#28=NEXT_ASSEMBLY_USAGE_OCCURRENCE('R_0805_2012Metric:2',
'R_0805_2012Metric:2','R_0805_2012Metric:2',#7344,#7346,
'R_0805_2012Metric:2');
#29=NEXT_ASSEMBLY_USAGE_OCCURRENCE('R_0805_2012Metric:3',
'R_0805_2012Metric:3','R_0805_2012Metric:3',#7344,#7346,
'R_0805_2012Metric:3');
#30=NEXT_ASSEMBLY_USAGE_OCCURRENCE('sensor device_PCB:1',
'sensor device_PCB:1','sensor device_PCB:1',#7344,#7347,
'sensor device_PCB:1');
#31=B_SPLINE_CURVE_WITH_KNOTS('',3,(#6921,#6922,#6923,#6924,#6925,#6926,
#6927),.UNSPECIFIED.,.F.,.F.,(4,1,1,1,4),(0.,0.285714285714286,0.571428571428571,
0.785714285714286,1.),.UNSPECIFIED.);
#32=B_SPLINE_CURVE_WITH_KNOTS('',3,(#6929,#6930,#6931,#6932,#6933),
 .UNSPECIFIED.,.F.,.F.,(4,1,4),(-2.51267199990847E-15,2.39999154752452,
5.59998027755722),.UNSPECIFIED.);
#33=B_SPLINE_CURVE_WITH_KNOTS('',3,(#6935,#6936,#6937,#6938,#6939,#6940,
#6941),.UNSPECIFIED.,.F.,.F.,(4,1,1,1,4),(-1.,-0.785714285714286,-0.571428571428571,
-0.285714285714286,0.),.UNSPECIFIED.);
#34=B_SPLINE_CURVE_WITH_KNOTS('',3,(#6942,#6943,#6944,#6945,#6946),
 .UNSPECIFIED.,.F.,.F.,(4,1,4),(-5.59998027755722,-2.39999154752452,2.51267199990847E-15),
 .UNSPECIFIED.);
#35=B_SPLINE_CURVE_WITH_KNOTS('',3,(#6984,#6985,#6986,#6987,#6988,#6989,
#6990),.UNSPECIFIED.,.F.,.F.,(4,1,1,1,4),(-1.,-0.785714285714286,-0.571428571428571,
-0.285714285714286,0.),.UNSPECIFIED.);
#36=B_SPLINE_CURVE_WITH_KNOTS('',3,(#6991,#6992,#6993,#6994,#6995),
 .UNSPECIFIED.,.F.,.F.,(4,1,4),(-5.75698709133761,-5.66726891202998,-5.59998027754926),
 .UNSPECIFIED.);
#37=B_SPLINE_CURVE_WITH_KNOTS('',3,(#6996,#6997,#6998,#6999,#7000),
 .UNSPECIFIED.,.F.,.F.,(4,1,4),(5.59998027754926,5.66726891202998,5.75698709133761),
 .UNSPECIFIED.);
#38=B_SPLINE_CURVE_WITH_KNOTS('',3,(#7031,#7032,#7033,#7034,#7035,#7036,
#7037),.UNSPECIFIED.,.F.,.F.,(4,1,1,1,4),(-1.,-0.785714285714286,-0.571428571428571,
-0.285714285714286,0.),.UNSPECIFIED.);
#39=B_SPLINE_CURVE_WITH_KNOTS('',3,(#7038,#7039,#7040,#7041),
 .UNSPECIFIED.,.F.,.F.,(4,4),(-15.3569479281523,-5.75698709133722),
 .UNSPECIFIED.);
#40=B_SPLINE_CURVE_WITH_KNOTS('',3,(#7042,#7043,#7044,#7045),
 .UNSPECIFIED.,.F.,.F.,(4,4),(5.75698709133722,15.3569479281523),
 .UNSPECIFIED.);
#41=B_SPLINE_CURVE_WITH_KNOTS('',3,(#7083,#7084,#7085,#7086,#7087,#7088,
#7089),.UNSPECIFIED.,.F.,.F.,(4,1,1,1,4),(-1.,-0.785714285714286,-0.571428571428571,
-0.285714285714286,0.),.UNSPECIFIED.);
#42=B_SPLINE_CURVE_WITH_KNOTS('',3,(#7090,#7091,#7092,#7093,#7094),
 .UNSPECIFIED.,.F.,.F.,(4,1,4),(-15.5139547404376,-15.4242365619887,-15.3569479281521),
 .UNSPECIFIED.);
#43=B_SPLINE_CURVE_WITH_KNOTS('',3,(#7095,#7096,#7097,#7098,#7099),
 .UNSPECIFIED.,.F.,.F.,(4,1,4),(15.3569479281521,15.4242365619887,15.5139547404376),
 .UNSPECIFIED.);
#44=B_SPLINE_CURVE_WITH_KNOTS('',3,(#7130,#7131,#7132,#7133,#7134,#7135,
#7136),.UNSPECIFIED.,.F.,.F.,(4,1,1,1,4),(-1.,-0.785714285714286,-0.571428571428571,
-0.285714285714286,0.),.UNSPECIFIED.);
#45=B_SPLINE_CURVE_WITH_KNOTS('',3,(#7137,#7138,#7139,#7140),
 .UNSPECIFIED.,.F.,.F.,(4,4),(-21.1139152985378,-15.5139547404367),
 .UNSPECIFIED.);
#46=B_SPLINE_CURVE_WITH_KNOTS('',3,(#7141,#7142,#7143,#7144),
 .UNSPECIFIED.,.F.,.F.,(4,4),(15.5139547404367,21.1139152985378),
 .UNSPECIFIED.);
#47=B_SPLINE_CURVE_WITH_KNOTS('',3,(#7182,#7183,#7184,#7185,#7186,#7187,
#7188),.UNSPECIFIED.,.F.,.F.,(4,1,1,1,4),(-1.,-0.785714285714286,-0.571428571428571,
-0.285714285714286,0.),.UNSPECIFIED.);
#48=B_SPLINE_CURVE_WITH_KNOTS('',3,(#7189,#7190,#7191,#7192,#7193),
 .UNSPECIFIED.,.F.,.F.,(4,1,4),(-21.2709221108188,-21.2036334769839,-21.1139152985374),
 .UNSPECIFIED.);
#49=B_SPLINE_CURVE_WITH_KNOTS('',3,(#7194,#7195,#7196,#7197,#7198),
 .UNSPECIFIED.,.F.,.F.,(4,1,4),(21.1139152985374,21.2036334769839,21.2709221108188),
 .UNSPECIFIED.);
#50=B_SPLINE_CURVE_WITH_KNOTS('',3,(#7229,#7230,#7231,#7232,#7233,#7234,
#7235),.UNSPECIFIED.,.F.,.F.,(4,1,1,1,4),(-1.,-0.785714285714286,-0.571428571428571,
-0.285714285714286,0.),.UNSPECIFIED.);
#51=B_SPLINE_CURVE_WITH_KNOTS('',3,(#7236,#7237,#7238,#7239),
 .UNSPECIFIED.,.F.,.F.,(4,4),(-30.8708829531109,-21.2709221108184),
 .UNSPECIFIED.);
#52=B_SPLINE_CURVE_WITH_KNOTS('',3,(#7240,#7241,#7242,#7243),
 .UNSPECIFIED.,.F.,.F.,(4,4),(21.2709221108184,30.8708829531109),
 .UNSPECIFIED.);
#53=B_SPLINE_CURVE_WITH_KNOTS('',3,(#7279,#7280,#7281,#7282,#7283),
 .UNSPECIFIED.,.F.,.F.,(4,1,4),(-31.0278700389718,-30.9381631327628,-30.870882953106),
 .UNSPECIFIED.);
#54=B_SPLINE_CURVE_WITH_KNOTS('',3,(#7284,#7285,#7286,#7287,#7288),
 .UNSPECIFIED.,.F.,.F.,(4,1,4),(30.870882953106,30.9381631327628,31.0278700389718),
 .UNSPECIFIED.);
#55=B_SPLINE_SURFACE_WITH_KNOTS('',3,3,((#6884,#6885,#6886,#6887,#6888),
(#6889,#6890,#6891,#6892,#6893),(#6894,#6895,#6896,#6897,#6898),(#6899,
#6900,#6901,#6902,#6903),(#6904,#6905,#6906,#6907,#6908),(#6909,#6910,#6911,
#6912,#6913),(#6914,#6915,#6916,#6917,#6918)),.UNSPECIFIED.,.F.,.F.,.F.,
(4,1,1,1,4),(4,1,4),(0.,0.285714285714286,0.571428571428571,0.785714285714286,
1.),(-2.51267199990847E-15,2.39999154752452,5.59998027755722),
 .UNSPECIFIED.);
#56=B_SPLINE_SURFACE_WITH_KNOTS('',3,3,((#6947,#6948,#6949,#6950,#6951),
(#6952,#6953,#6954,#6955,#6956),(#6957,#6958,#6959,#6960,#6961),(#6962,
#6963,#6964,#6965,#6966),(#6967,#6968,#6969,#6970,#6971),(#6972,#6973,#6974,
#6975,#6976),(#6977,#6978,#6979,#6980,#6981)),.UNSPECIFIED.,.F.,.F.,.F.,
(4,1,1,1,4),(4,1,4),(0.,0.285714285714286,0.571428571428571,0.785714285714286,
1.),(5.59998027754926,5.66726891202998,5.75698709133761),.UNSPECIFIED.);
#57=B_SPLINE_SURFACE_WITH_KNOTS('',3,3,((#7001,#7002,#7003,#7004),(#7005,
#7006,#7007,#7008),(#7009,#7010,#7011,#7012),(#7013,#7014,#7015,#7016),
(#7017,#7018,#7019,#7020),(#7021,#7022,#7023,#7024),(#7025,#7026,#7027,
#7028)),.UNSPECIFIED.,.F.,.F.,.F.,(4,1,1,1,4),(4,4),(0.,0.285714285714286,
0.571428571428571,0.785714285714286,1.),(5.75698709133722,15.3569479281523),
 .UNSPECIFIED.);
#58=B_SPLINE_SURFACE_WITH_KNOTS('',3,3,((#7046,#7047,#7048,#7049,#7050),
(#7051,#7052,#7053,#7054,#7055),(#7056,#7057,#7058,#7059,#7060),(#7061,
#7062,#7063,#7064,#7065),(#7066,#7067,#7068,#7069,#7070),(#7071,#7072,#7073,
#7074,#7075),(#7076,#7077,#7078,#7079,#7080)),.UNSPECIFIED.,.F.,.F.,.F.,
(4,1,1,1,4),(4,1,4),(0.,0.285714285714286,0.571428571428571,0.785714285714286,
1.),(15.3569479281521,15.4242365619887,15.5139547404376),.UNSPECIFIED.);
#59=B_SPLINE_SURFACE_WITH_KNOTS('',3,3,((#7100,#7101,#7102,#7103),(#7104,
#7105,#7106,#7107),(#7108,#7109,#7110,#7111),(#7112,#7113,#7114,#7115),
(#7116,#7117,#7118,#7119),(#7120,#7121,#7122,#7123),(#7124,#7125,#7126,
#7127)),.UNSPECIFIED.,.F.,.F.,.F.,(4,1,1,1,4),(4,4),(0.,0.285714285714286,
0.571428571428571,0.785714285714286,1.),(15.5139547404367,21.1139152985378),
 .UNSPECIFIED.);
#60=B_SPLINE_SURFACE_WITH_KNOTS('',3,3,((#7145,#7146,#7147,#7148,#7149),
(#7150,#7151,#7152,#7153,#7154),(#7155,#7156,#7157,#7158,#7159),(#7160,
#7161,#7162,#7163,#7164),(#7165,#7166,#7167,#7168,#7169),(#7170,#7171,#7172,
#7173,#7174),(#7175,#7176,#7177,#7178,#7179)),.UNSPECIFIED.,.F.,.F.,.F.,
(4,1,1,1,4),(4,1,4),(0.,0.285714285714286,0.571428571428571,0.785714285714286,
1.),(21.1139152985374,21.2036334769839,21.2709221108188),.UNSPECIFIED.);
#61=B_SPLINE_SURFACE_WITH_KNOTS('',3,3,((#7199,#7200,#7201,#7202),(#7203,
#7204,#7205,#7206),(#7207,#7208,#7209,#7210),(#7211,#7212,#7213,#7214),
(#7215,#7216,#7217,#7218),(#7219,#7220,#7221,#7222),(#7223,#7224,#7225,
#7226)),.UNSPECIFIED.,.F.,.F.,.F.,(4,1,1,1,4),(4,4),(0.,0.285714285714286,
0.571428571428571,0.785714285714286,1.),(21.2709221108184,30.8708829531109),
 .UNSPECIFIED.);
#62=B_SPLINE_SURFACE_WITH_KNOTS('',3,3,((#7244,#7245,#7246,#7247,#7248),
(#7249,#7250,#7251,#7252,#7253),(#7254,#7255,#7256,#7257,#7258),(#7259,
#7260,#7261,#7262,#7263),(#7264,#7265,#7266,#7267,#7268),(#7269,#7270,#7271,
#7272,#7273),(#7274,#7275,#7276,#7277,#7278)),.UNSPECIFIED.,.F.,.F.,.F.,
(4,1,1,1,4),(4,1,4),(0.,0.285714285714286,0.571428571428571,0.785714285714286,
1.),(30.870882953106,30.9381631327628,31.0278700389718),.UNSPECIFIED.);
#63=(
BOUNDED_SURFACE()
B_SPLINE_SURFACE(2,2,((#6386,#6387,#6388),(#6389,#6390,#6391),(#6392,#6393,
#6394)),.UNSPECIFIED.,.F.,.F.,.F.)
B_SPLINE_SURFACE_WITH_KNOTS((3,3),(3,3),(-1.57079632679491,0.),(-3.14159265358979,
-1.5707963267949),.UNSPECIFIED.)
GEOMETRIC_REPRESENTATION_ITEM()
RATIONAL_B_SPLINE_SURFACE(((1.,0.707106781186548,1.),(0.707106781186563,
0.500000000000011,0.707106781186563),(1.,0.707106781186548,1.)))
REPRESENTATION_ITEM('')
SURFACE()
);
#64=(
BOUNDED_SURFACE()
B_SPLINE_SURFACE(2,2,((#6409,#6410,#6411),(#6412,#6413,#6414),(#6415,#6416,
#6417)),.UNSPECIFIED.,.F.,.F.,.F.)
B_SPLINE_SURFACE_WITH_KNOTS((3,3),(3,3),(-1.57079632679491,0.),(-1.5707963267949,
0.),.UNSPECIFIED.)
GEOMETRIC_REPRESENTATION_ITEM()
RATIONAL_B_SPLINE_SURFACE(((1.,0.707106781186548,1.),(0.707106781186511,
0.499999999999974,0.707106781186511),(1.,0.707106781186548,1.)))
REPRESENTATION_ITEM('')
SURFACE()
);
#65=(
BOUNDED_SURFACE()
B_SPLINE_SURFACE(2,2,((#6429,#6430,#6431),(#6432,#6433,#6434),(#6435,#6436,
#6437)),.UNSPECIFIED.,.F.,.F.,.F.)
B_SPLINE_SURFACE_WITH_KNOTS((3,3),(3,3),(-1.57079632679491,0.),(-8.88178419700144E-15,
1.5707963267949),.UNSPECIFIED.)
GEOMETRIC_REPRESENTATION_ITEM()
RATIONAL_B_SPLINE_SURFACE(((1.,0.707106781186544,1.),(0.707106781186512,
0.499999999999973,0.707106781186512),(1.,0.707106781186544,1.)))
REPRESENTATION_ITEM('')
SURFACE()
);
#66=(
BOUNDED_SURFACE()
B_SPLINE_SURFACE(2,2,((#6449,#6450,#6451),(#6452,#6453,#6454),(#6455,#6456,
#6457)),.UNSPECIFIED.,.F.,.F.,.F.)
B_SPLINE_SURFACE_WITH_KNOTS((3,3),(3,3),(-1.5707963267949,0.),(1.5707963267949,
3.14159265358981),.UNSPECIFIED.)
GEOMETRIC_REPRESENTATION_ITEM()
RATIONAL_B_SPLINE_SURFACE(((1.,0.707106781186543,1.),(0.707106781186549,
0.499999999999998,0.707106781186549),(1.,0.707106781186543,1.)))
REPRESENTATION_ITEM('')
SURFACE()
);
#67=SHAPE_REPRESENTATION_RELATIONSHIP('SRR','None',#7340,#71);
#68=SHAPE_REPRESENTATION_RELATIONSHIP('SRR','None',#7341,#72);
#69=SHAPE_REPRESENTATION_RELATIONSHIP('SRR','None',#7342,#73);
#70=SHAPE_REPRESENTATION_RELATIONSHIP('SRR','None',#7339,#74);
#71=ADVANCED_BREP_SHAPE_REPRESENTATION('',(#75),#7318);
#72=ADVANCED_BREP_SHAPE_REPRESENTATION('',(#76),#7319);
#73=ADVANCED_BREP_SHAPE_REPRESENTATION('',(#77),#7320);
#74=ADVANCED_BREP_SHAPE_REPRESENTATION('',(#78,#79),#7317);
#75=MANIFOLD_SOLID_BREP('\X2\5B9E4F53\X0\1',#4160);
#76=MANIFOLD_SOLID_BREP('\X2\5B9E4F53\X0\1',#4161);
#77=MANIFOLD_SOLID_BREP('\X2\5B9E4F53\X0\1',#4162);
#78=MANIFOLD_SOLID_BREP('Botton',#4163);
#79=MANIFOLD_SOLID_BREP('lid',#4164);
#80=FACE_BOUND('',#646,.T.);
#81=FACE_BOUND('',#716,.T.);
#82=FACE_BOUND('',#717,.T.);
#83=FACE_BOUND('',#718,.T.);
#84=FACE_BOUND('',#719,.T.);
#85=FACE_BOUND('',#720,.T.);
#86=FACE_BOUND('',#721,.T.);
#87=FACE_BOUND('',#722,.T.);
#88=FACE_BOUND('',#723,.T.);
#89=FACE_BOUND('',#724,.T.);
#90=FACE_BOUND('',#725,.T.);
#91=FACE_BOUND('',#726,.T.);
#92=FACE_BOUND('',#727,.T.);
#93=FACE_BOUND('',#728,.T.);
#94=FACE_BOUND('',#729,.T.);
#95=FACE_BOUND('',#730,.T.);
#96=FACE_BOUND('',#731,.T.);
#97=FACE_BOUND('',#732,.T.);
#98=FACE_BOUND('',#733,.T.);
#99=FACE_BOUND('',#734,.T.);
#100=FACE_BOUND('',#735,.T.);
#101=FACE_BOUND('',#737,.T.);
#102=FACE_BOUND('',#738,.T.);
#103=FACE_BOUND('',#739,.T.);
#104=FACE_BOUND('',#740,.T.);
#105=FACE_BOUND('',#741,.T.);
#106=FACE_BOUND('',#742,.T.);
#107=FACE_BOUND('',#743,.T.);
#108=FACE_BOUND('',#744,.T.);
#109=FACE_BOUND('',#745,.T.);
#110=FACE_BOUND('',#746,.T.);
#111=FACE_BOUND('',#747,.T.);
#112=FACE_BOUND('',#748,.T.);
#113=FACE_BOUND('',#749,.T.);
#114=FACE_BOUND('',#750,.T.);
#115=FACE_BOUND('',#751,.T.);
#116=FACE_BOUND('',#752,.T.);
#117=FACE_BOUND('',#753,.T.);
#118=FACE_BOUND('',#754,.T.);
#119=FACE_BOUND('',#755,.T.);
#120=FACE_BOUND('',#756,.T.);
#121=FACE_BOUND('',#799,.T.);
#122=FACE_BOUND('',#800,.T.);
#123=FACE_BOUND('',#808,.T.);
#124=FACE_BOUND('',#810,.T.);
#125=FACE_BOUND('',#811,.T.);
#126=FACE_BOUND('',#812,.T.);
#127=FACE_BOUND('',#813,.T.);
#128=FACE_BOUND('',#817,.T.);
#129=FACE_BOUND('',#822,.T.);
#130=FACE_BOUND('',#827,.T.);
#131=FACE_BOUND('',#838,.T.);
#132=FACE_BOUND('',#842,.T.);
#133=FACE_BOUND('',#843,.T.);
#134=FACE_BOUND('',#852,.T.);
#135=FACE_BOUND('',#853,.T.);
#136=FACE_BOUND('',#866,.T.);
#137=FACE_BOUND('',#867,.T.);
#138=FACE_BOUND('',#869,.T.);
#139=FACE_BOUND('',#873,.T.);
#140=FACE_BOUND('',#875,.T.);
#141=FACE_BOUND('',#876,.T.);
#142=FACE_BOUND('',#877,.T.);
#143=FACE_BOUND('',#878,.T.);
#144=FACE_BOUND('',#882,.T.);
#145=FACE_BOUND('',#887,.T.);
#146=FACE_BOUND('',#892,.T.);
#147=FACE_BOUND('',#911,.T.);
#148=FACE_BOUND('',#913,.T.);
#149=CIRCLE('',#4209,0.035);
#150=CIRCLE('',#4210,0.035);
#151=CIRCLE('',#4213,0.035);
#152=CIRCLE('',#4214,0.035);
#153=CIRCLE('',#4217,0.035);
#154=CIRCLE('',#4218,0.035);
#155=CIRCLE('',#4222,0.035);
#156=CIRCLE('',#4223,0.035);
#157=CIRCLE('',#4232,0.035);
#158=CIRCLE('',#4236,0.035);
#159=CIRCLE('',#4238,0.035);
#160=CIRCLE('',#4240,0.035);
#161=CIRCLE('',#4245,0.035);
#162=CIRCLE('',#4247,0.035);
#163=CIRCLE('',#4255,0.035);
#164=CIRCLE('',#4258,0.035);
#165=CIRCLE('',#4270,0.045);
#166=CIRCLE('',#4271,0.045);
#167=CIRCLE('',#4272,0.045);
#168=CIRCLE('',#4273,0.045);
#169=CIRCLE('',#4275,0.045);
#170=CIRCLE('',#4277,0.045);
#171=CIRCLE('',#4279,0.045);
#172=CIRCLE('',#4280,0.045);
#173=CIRCLE('',#4289,0.045);
#174=CIRCLE('',#4290,0.045);
#175=CIRCLE('',#4291,0.045);
#176=CIRCLE('',#4292,0.045);
#177=CIRCLE('',#4296,0.045);
#178=CIRCLE('',#4297,0.045);
#179=CIRCLE('',#4298,0.045);
#180=CIRCLE('',#4299,0.045);
#181=CIRCLE('',#4312,0.999999252925);
#182=CIRCLE('',#4313,0.999999252925);
#183=CIRCLE('',#4317,0.999999252925);
#184=CIRCLE('',#4318,0.999999252925);
#185=CIRCLE('',#4319,0.999999252925);
#186=CIRCLE('',#4320,0.508);
#187=CIRCLE('',#4321,0.508);
#188=CIRCLE('',#4322,0.508);
#189=CIRCLE('',#4323,0.508);
#190=CIRCLE('',#4324,0.508);
#191=CIRCLE('',#4325,0.508);
#192=CIRCLE('',#4326,0.51);
#193=CIRCLE('',#4327,0.51);
#194=CIRCLE('',#4328,0.51);
#195=CIRCLE('',#4329,0.51);
#196=CIRCLE('',#4330,0.508);
#197=CIRCLE('',#4331,0.508);
#198=CIRCLE('',#4332,0.508);
#199=CIRCLE('',#4333,0.508);
#200=CIRCLE('',#4334,0.508);
#201=CIRCLE('',#4335,0.508);
#202=CIRCLE('',#4336,0.508);
#203=CIRCLE('',#4337,0.508);
#204=CIRCLE('',#4338,0.508);
#205=CIRCLE('',#4339,0.508);
#206=CIRCLE('',#4341,0.999999252925);
#207=CIRCLE('',#4342,0.999999252925);
#208=CIRCLE('',#4343,0.999999252925);
#209=CIRCLE('',#4344,0.508);
#210=CIRCLE('',#4345,0.508);
#211=CIRCLE('',#4346,0.508);
#212=CIRCLE('',#4347,0.508);
#213=CIRCLE('',#4348,0.508);
#214=CIRCLE('',#4349,0.508);
#215=CIRCLE('',#4350,0.51);
#216=CIRCLE('',#4351,0.51);
#217=CIRCLE('',#4352,0.51);
#218=CIRCLE('',#4353,0.51);
#219=CIRCLE('',#4354,0.508);
#220=CIRCLE('',#4355,0.508);
#221=CIRCLE('',#4356,0.508);
#222=CIRCLE('',#4357,0.508);
#223=CIRCLE('',#4358,0.508);
#224=CIRCLE('',#4359,0.508);
#225=CIRCLE('',#4360,0.508);
#226=CIRCLE('',#4361,0.508);
#227=CIRCLE('',#4362,0.508);
#228=CIRCLE('',#4363,0.508);
#229=CIRCLE('',#4397,1.00000000000001);
#230=CIRCLE('',#4398,0.999999999999993);
#231=CIRCLE('',#4399,1.);
#232=CIRCLE('',#4400,1.99999999999999);
#233=CIRCLE('',#4402,1.);
#234=CIRCLE('',#4403,1.);
#235=CIRCLE('',#4404,1.99999999999999);
#236=CIRCLE('',#4405,0.999999999999993);
#237=CIRCLE('',#4407,1.);
#238=CIRCLE('',#4408,1.);
#239=CIRCLE('',#4409,1.99999999999999);
#240=CIRCLE('',#4410,0.999999999999993);
#241=CIRCLE('',#4412,1.);
#242=CIRCLE('',#4413,1.);
#243=CIRCLE('',#4414,1.99999999999998);
#244=CIRCLE('',#4415,0.999999999999984);
#245=CIRCLE('',#4419,1.99999999999998);
#246=CIRCLE('',#4422,1.99999999999999);
#247=CIRCLE('',#4425,1.49999999999999);
#248=CIRCLE('',#4426,1.49999999999999);
#249=CIRCLE('',#4428,3.50000000000001);
#250=CIRCLE('',#4429,3.50000000000001);
#251=CIRCLE('',#4432,1.99999999999999);
#252=CIRCLE('',#4433,1.99999999999999);
#253=CIRCLE('',#4434,1.99999999999998);
#254=CIRCLE('',#4435,1.99999999999996);
#255=CIRCLE('',#4436,3.5);
#256=CIRCLE('',#4437,3.5);
#257=CIRCLE('',#4438,3.50000000000001);
#258=CIRCLE('',#4440,1.5);
#259=CIRCLE('',#4441,1.5);
#260=CIRCLE('',#4443,3.5);
#261=CIRCLE('',#4447,1.49999999999999);
#262=CIRCLE('',#4448,1.49999999999999);
#263=CIRCLE('',#4450,3.50000000000001);
#264=CIRCLE('',#4454,1.5);
#265=CIRCLE('',#4455,1.5);
#266=CIRCLE('',#4457,3.5);
#267=CIRCLE('',#4462,1.99999999999999);
#268=CIRCLE('',#4463,1.99999999999999);
#269=CIRCLE('',#4466,1.99999999999999);
#270=CIRCLE('',#4467,1.99999999999999);
#271=CIRCLE('',#4470,1.99999999999999);
#272=CIRCLE('',#4471,1.99999999999999);
#273=CIRCLE('',#4474,2.00000000000004);
#274=CIRCLE('',#4475,2.00000000000004);
#275=CIRCLE('',#4477,1.99999999999998);
#276=CIRCLE('',#4478,1.99999999999999);
#277=CIRCLE('',#4479,1.99999999999999);
#278=CIRCLE('',#4480,1.99999999999996);
#279=CIRCLE('',#4484,7.5);
#280=CIRCLE('',#4485,7.5);
#281=CIRCLE('',#4488,7.5);
#282=CIRCLE('',#4490,7.5);
#283=CIRCLE('',#4505,1.99999999999999);
#284=CIRCLE('',#4508,1.99999999999999);
#285=CIRCLE('',#4512,1.5);
#286=CIRCLE('',#4513,1.5);
#287=CIRCLE('',#4515,2.5);
#288=CIRCLE('',#4516,2.5);
#289=CIRCLE('',#4519,1.00000000000004);
#290=CIRCLE('',#4520,0.999999999999993);
#291=CIRCLE('',#4521,0.999999999999993);
#292=CIRCLE('',#4522,0.999999999999993);
#293=CIRCLE('',#4523,2.5);
#294=CIRCLE('',#4524,2.5);
#295=CIRCLE('',#4525,2.5);
#296=CIRCLE('',#4527,1.5);
#297=CIRCLE('',#4528,1.5);
#298=CIRCLE('',#4530,2.5);
#299=CIRCLE('',#4534,1.5);
#300=CIRCLE('',#4535,1.5);
#301=CIRCLE('',#4537,2.5);
#302=CIRCLE('',#4541,1.5);
#303=CIRCLE('',#4542,1.5);
#304=CIRCLE('',#4544,2.5);
#305=CIRCLE('',#4549,0.999999999999993);
#306=CIRCLE('',#4552,1.00000000000004);
#307=CIRCLE('',#4555,1.99999999999999);
#308=CIRCLE('',#4556,1.99999999999999);
#309=CIRCLE('',#4559,2.00000000000004);
#310=CIRCLE('',#4560,2.00000000000004);
#311=CIRCLE('',#4563,0.999999999999993);
#312=CIRCLE('',#4566,0.999999999999993);
#313=CIRCLE('',#4568,1.99999999999999);
#314=CIRCLE('',#4569,1.99999999999999);
#315=CIRCLE('',#4572,1.99999999999999);
#316=CIRCLE('',#4573,1.99999999999999);
#317=CIRCLE('',#4577,1.99999999999999);
#318=CIRCLE('',#4578,1.99999999999999);
#319=CIRCLE('',#4579,1.99999999999998);
#320=CIRCLE('',#4580,1.99999999999999);
#321=CYLINDRICAL_SURFACE('',#4208,0.035);
#322=CYLINDRICAL_SURFACE('',#4221,0.035);
#323=CYLINDRICAL_SURFACE('',#4231,0.035);
#324=CYLINDRICAL_SURFACE('',#4235,0.035);
#325=CYLINDRICAL_SURFACE('',#4239,0.035);
#326=CYLINDRICAL_SURFACE('',#4246,0.035);
#327=CYLINDRICAL_SURFACE('',#4254,0.035);
#328=CYLINDRICAL_SURFACE('',#4257,0.035);
#329=CYLINDRICAL_SURFACE('',#4274,0.045);
#330=CYLINDRICAL_SURFACE('',#4276,0.045);
#331=CYLINDRICAL_SURFACE('',#4282,0.045);
#332=CYLINDRICAL_SURFACE('',#4285,0.045);
#333=CYLINDRICAL_SURFACE('',#4301,0.045);
#334=CYLINDRICAL_SURFACE('',#4303,0.045);
#335=CYLINDRICAL_SURFACE('',#4305,0.045);
#336=CYLINDRICAL_SURFACE('',#4307,0.045);
#337=CYLINDRICAL_SURFACE('',#4311,0.999999252925);
#338=CYLINDRICAL_SURFACE('',#4364,0.999999252925);
#339=CYLINDRICAL_SURFACE('',#4365,0.999999252925);
#340=CYLINDRICAL_SURFACE('',#4368,0.999999252925);
#341=CYLINDRICAL_SURFACE('',#4369,0.508);
#342=CYLINDRICAL_SURFACE('',#4370,0.508);
#343=CYLINDRICAL_SURFACE('',#4371,0.508);
#344=CYLINDRICAL_SURFACE('',#4372,0.508);
#345=CYLINDRICAL_SURFACE('',#4373,0.508);
#346=CYLINDRICAL_SURFACE('',#4374,0.508);
#347=CYLINDRICAL_SURFACE('',#4375,0.51);
#348=CYLINDRICAL_SURFACE('',#4376,0.51);
#349=CYLINDRICAL_SURFACE('',#4377,0.51);
#350=CYLINDRICAL_SURFACE('',#4378,0.51);
#351=CYLINDRICAL_SURFACE('',#4379,0.508);
#352=CYLINDRICAL_SURFACE('',#4380,0.508);
#353=CYLINDRICAL_SURFACE('',#4381,0.508);
#354=CYLINDRICAL_SURFACE('',#4382,0.508);
#355=CYLINDRICAL_SURFACE('',#4383,0.508);
#356=CYLINDRICAL_SURFACE('',#4384,0.508);
#357=CYLINDRICAL_SURFACE('',#4385,0.508);
#358=CYLINDRICAL_SURFACE('',#4386,0.508);
#359=CYLINDRICAL_SURFACE('',#4387,0.508);
#360=CYLINDRICAL_SURFACE('',#4388,0.508);
#361=CYLINDRICAL_SURFACE('',#4401,1.);
#362=CYLINDRICAL_SURFACE('',#4406,1.);
#363=CYLINDRICAL_SURFACE('',#4411,1.);
#364=CYLINDRICAL_SURFACE('',#4416,1.);
#365=CYLINDRICAL_SURFACE('',#4418,1.99999999999998);
#366=CYLINDRICAL_SURFACE('',#4421,1.99999999999999);
#367=CYLINDRICAL_SURFACE('',#4424,1.49999999999999);
#368=CYLINDRICAL_SURFACE('',#4427,3.50000000000001);
#369=CYLINDRICAL_SURFACE('',#4439,1.5);
#370=CYLINDRICAL_SURFACE('',#4442,3.5);
#371=CYLINDRICAL_SURFACE('',#4446,1.49999999999999);
#372=CYLINDRICAL_SURFACE('',#4449,3.50000000000001);
#373=CYLINDRICAL_SURFACE('',#4453,1.5);
#374=CYLINDRICAL_SURFACE('',#4456,3.5);
#375=CYLINDRICAL_SURFACE('',#4461,1.99999999999999);
#376=CYLINDRICAL_SURFACE('',#4465,1.99999999999999);
#377=CYLINDRICAL_SURFACE('',#4469,1.99999999999999);
#378=CYLINDRICAL_SURFACE('',#4473,2.00000000000004);
#379=CYLINDRICAL_SURFACE('',#4482,1.99999999999999);
#380=CYLINDRICAL_SURFACE('',#4486,1.99999999999998);
#381=CYLINDRICAL_SURFACE('',#4487,7.5);
#382=CYLINDRICAL_SURFACE('',#4489,7.5);
#383=CYLINDRICAL_SURFACE('',#4502,1.99999999999999);
#384=CYLINDRICAL_SURFACE('',#4503,1.99999999999996);
#385=CYLINDRICAL_SURFACE('',#4504,1.99999999999999);
#386=CYLINDRICAL_SURFACE('',#4507,1.99999999999999);
#387=CYLINDRICAL_SURFACE('',#4511,1.5);
#388=CYLINDRICAL_SURFACE('',#4514,2.5);
#389=CYLINDRICAL_SURFACE('',#4526,1.5);
#390=CYLINDRICAL_SURFACE('',#4529,2.5);
#391=CYLINDRICAL_SURFACE('',#4533,1.5);
#392=CYLINDRICAL_SURFACE('',#4536,2.5);
#393=CYLINDRICAL_SURFACE('',#4540,1.5);
#394=CYLINDRICAL_SURFACE('',#4543,2.5);
#395=CYLINDRICAL_SURFACE('',#4548,0.999999999999993);
#396=CYLINDRICAL_SURFACE('',#4551,1.00000000000004);
#397=CYLINDRICAL_SURFACE('',#4554,1.99999999999999);
#398=CYLINDRICAL_SURFACE('',#4558,2.00000000000004);
#399=CYLINDRICAL_SURFACE('',#4562,0.999999999999993);
#400=CYLINDRICAL_SURFACE('',#4565,0.999999999999993);
#401=CYLINDRICAL_SURFACE('',#4567,1.99999999999999);
#402=CYLINDRICAL_SURFACE('',#4571,1.99999999999999);
#403=CYLINDRICAL_SURFACE('',#4581,1.99999999999998);
#404=CYLINDRICAL_SURFACE('',#4583,1.99999999999999);
#405=CYLINDRICAL_SURFACE('',#4587,1.99999999999999);
#406=CYLINDRICAL_SURFACE('',#4589,1.99999999999999);
#407=FACE_OUTER_BOUND('',#635,.T.);
#408=FACE_OUTER_BOUND('',#636,.T.);
#409=FACE_OUTER_BOUND('',#637,.T.);
#410=FACE_OUTER_BOUND('',#638,.T.);
#411=FACE_OUTER_BOUND('',#639,.T.);
#412=FACE_OUTER_BOUND('',#640,.T.);
#413=FACE_OUTER_BOUND('',#641,.T.);
#414=FACE_OUTER_BOUND('',#642,.T.);
#415=FACE_OUTER_BOUND('',#643,.T.);
#416=FACE_OUTER_BOUND('',#644,.T.);
#417=FACE_OUTER_BOUND('',#645,.T.);
#418=FACE_OUTER_BOUND('',#647,.T.);
#419=FACE_OUTER_BOUND('',#648,.T.);
#420=FACE_OUTER_BOUND('',#649,.T.);
#421=FACE_OUTER_BOUND('',#650,.T.);
#422=FACE_OUTER_BOUND('',#651,.T.);
#423=FACE_OUTER_BOUND('',#652,.T.);
#424=FACE_OUTER_BOUND('',#653,.T.);
#425=FACE_OUTER_BOUND('',#654,.T.);
#426=FACE_OUTER_BOUND('',#655,.T.);
#427=FACE_OUTER_BOUND('',#656,.T.);
#428=FACE_OUTER_BOUND('',#657,.T.);
#429=FACE_OUTER_BOUND('',#658,.T.);
#430=FACE_OUTER_BOUND('',#659,.T.);
#431=FACE_OUTER_BOUND('',#660,.T.);
#432=FACE_OUTER_BOUND('',#661,.T.);
#433=FACE_OUTER_BOUND('',#662,.T.);
#434=FACE_OUTER_BOUND('',#663,.T.);
#435=FACE_OUTER_BOUND('',#664,.T.);
#436=FACE_OUTER_BOUND('',#665,.T.);
#437=FACE_OUTER_BOUND('',#666,.T.);
#438=FACE_OUTER_BOUND('',#667,.T.);
#439=FACE_OUTER_BOUND('',#668,.T.);
#440=FACE_OUTER_BOUND('',#669,.T.);
#441=FACE_OUTER_BOUND('',#670,.T.);
#442=FACE_OUTER_BOUND('',#671,.T.);
#443=FACE_OUTER_BOUND('',#672,.T.);
#444=FACE_OUTER_BOUND('',#673,.T.);
#445=FACE_OUTER_BOUND('',#674,.T.);
#446=FACE_OUTER_BOUND('',#675,.T.);
#447=FACE_OUTER_BOUND('',#676,.T.);
#448=FACE_OUTER_BOUND('',#677,.T.);
#449=FACE_OUTER_BOUND('',#678,.T.);
#450=FACE_OUTER_BOUND('',#679,.T.);
#451=FACE_OUTER_BOUND('',#680,.T.);
#452=FACE_OUTER_BOUND('',#681,.T.);
#453=FACE_OUTER_BOUND('',#682,.T.);
#454=FACE_OUTER_BOUND('',#683,.T.);
#455=FACE_OUTER_BOUND('',#684,.T.);
#456=FACE_OUTER_BOUND('',#685,.T.);
#457=FACE_OUTER_BOUND('',#686,.T.);
#458=FACE_OUTER_BOUND('',#687,.T.);
#459=FACE_OUTER_BOUND('',#688,.T.);
#460=FACE_OUTER_BOUND('',#689,.T.);
#461=FACE_OUTER_BOUND('',#690,.T.);
#462=FACE_OUTER_BOUND('',#691,.T.);
#463=FACE_OUTER_BOUND('',#692,.T.);
#464=FACE_OUTER_BOUND('',#693,.T.);
#465=FACE_OUTER_BOUND('',#694,.T.);
#466=FACE_OUTER_BOUND('',#695,.T.);
#467=FACE_OUTER_BOUND('',#696,.T.);
#468=FACE_OUTER_BOUND('',#697,.T.);
#469=FACE_OUTER_BOUND('',#698,.T.);
#470=FACE_OUTER_BOUND('',#699,.T.);
#471=FACE_OUTER_BOUND('',#700,.T.);
#472=FACE_OUTER_BOUND('',#701,.T.);
#473=FACE_OUTER_BOUND('',#702,.T.);
#474=FACE_OUTER_BOUND('',#703,.T.);
#475=FACE_OUTER_BOUND('',#704,.T.);
#476=FACE_OUTER_BOUND('',#705,.T.);
#477=FACE_OUTER_BOUND('',#706,.T.);
#478=FACE_OUTER_BOUND('',#707,.T.);
#479=FACE_OUTER_BOUND('',#708,.T.);
#480=FACE_OUTER_BOUND('',#709,.T.);
#481=FACE_OUTER_BOUND('',#710,.T.);
#482=FACE_OUTER_BOUND('',#711,.T.);
#483=FACE_OUTER_BOUND('',#712,.T.);
#484=FACE_OUTER_BOUND('',#713,.T.);
#485=FACE_OUTER_BOUND('',#714,.T.);
#486=FACE_OUTER_BOUND('',#715,.T.);
#487=FACE_OUTER_BOUND('',#736,.T.);
#488=FACE_OUTER_BOUND('',#757,.T.);
#489=FACE_OUTER_BOUND('',#758,.T.);
#490=FACE_OUTER_BOUND('',#759,.T.);
#491=FACE_OUTER_BOUND('',#760,.T.);
#492=FACE_OUTER_BOUND('',#761,.T.);
#493=FACE_OUTER_BOUND('',#762,.T.);
#494=FACE_OUTER_BOUND('',#763,.T.);
#495=FACE_OUTER_BOUND('',#764,.T.);
#496=FACE_OUTER_BOUND('',#765,.T.);
#497=FACE_OUTER_BOUND('',#766,.T.);
#498=FACE_OUTER_BOUND('',#767,.T.);
#499=FACE_OUTER_BOUND('',#768,.T.);
#500=FACE_OUTER_BOUND('',#769,.T.);
#501=FACE_OUTER_BOUND('',#770,.T.);
#502=FACE_OUTER_BOUND('',#771,.T.);
#503=FACE_OUTER_BOUND('',#772,.T.);
#504=FACE_OUTER_BOUND('',#773,.T.);
#505=FACE_OUTER_BOUND('',#774,.T.);
#506=FACE_OUTER_BOUND('',#775,.T.);
#507=FACE_OUTER_BOUND('',#776,.T.);
#508=FACE_OUTER_BOUND('',#777,.T.);
#509=FACE_OUTER_BOUND('',#778,.T.);
#510=FACE_OUTER_BOUND('',#779,.T.);
#511=FACE_OUTER_BOUND('',#780,.T.);
#512=FACE_OUTER_BOUND('',#781,.T.);
#513=FACE_OUTER_BOUND('',#782,.T.);
#514=FACE_OUTER_BOUND('',#783,.T.);
#515=FACE_OUTER_BOUND('',#784,.T.);
#516=FACE_OUTER_BOUND('',#785,.T.);
#517=FACE_OUTER_BOUND('',#786,.T.);
#518=FACE_OUTER_BOUND('',#787,.T.);
#519=FACE_OUTER_BOUND('',#788,.T.);
#520=FACE_OUTER_BOUND('',#789,.T.);
#521=FACE_OUTER_BOUND('',#790,.T.);
#522=FACE_OUTER_BOUND('',#791,.T.);
#523=FACE_OUTER_BOUND('',#792,.T.);
#524=FACE_OUTER_BOUND('',#793,.T.);
#525=FACE_OUTER_BOUND('',#794,.T.);
#526=FACE_OUTER_BOUND('',#795,.T.);
#527=FACE_OUTER_BOUND('',#796,.T.);
#528=FACE_OUTER_BOUND('',#797,.T.);
#529=FACE_OUTER_BOUND('',#798,.T.);
#530=FACE_OUTER_BOUND('',#801,.T.);
#531=FACE_OUTER_BOUND('',#802,.T.);
#532=FACE_OUTER_BOUND('',#803,.T.);
#533=FACE_OUTER_BOUND('',#804,.T.);
#534=FACE_OUTER_BOUND('',#805,.T.);
#535=FACE_OUTER_BOUND('',#806,.T.);
#536=FACE_OUTER_BOUND('',#807,.T.);
#537=FACE_OUTER_BOUND('',#809,.T.);
#538=FACE_OUTER_BOUND('',#814,.T.);
#539=FACE_OUTER_BOUND('',#815,.T.);
#540=FACE_OUTER_BOUND('',#816,.T.);
#541=FACE_OUTER_BOUND('',#818,.T.);
#542=FACE_OUTER_BOUND('',#819,.T.);
#543=FACE_OUTER_BOUND('',#820,.T.);
#544=FACE_OUTER_BOUND('',#821,.T.);
#545=FACE_OUTER_BOUND('',#823,.T.);
#546=FACE_OUTER_BOUND('',#824,.T.);
#547=FACE_OUTER_BOUND('',#825,.T.);
#548=FACE_OUTER_BOUND('',#826,.T.);
#549=FACE_OUTER_BOUND('',#828,.T.);
#550=FACE_OUTER_BOUND('',#829,.T.);
#551=FACE_OUTER_BOUND('',#830,.T.);
#552=FACE_OUTER_BOUND('',#831,.T.);
#553=FACE_OUTER_BOUND('',#832,.T.);
#554=FACE_OUTER_BOUND('',#833,.T.);
#555=FACE_OUTER_BOUND('',#834,.T.);
#556=FACE_OUTER_BOUND('',#835,.T.);
#557=FACE_OUTER_BOUND('',#836,.T.);
#558=FACE_OUTER_BOUND('',#837,.T.);
#559=FACE_OUTER_BOUND('',#839,.T.);
#560=FACE_OUTER_BOUND('',#840,.T.);
#561=FACE_OUTER_BOUND('',#841,.T.);
#562=FACE_OUTER_BOUND('',#844,.T.);
#563=FACE_OUTER_BOUND('',#845,.T.);
#564=FACE_OUTER_BOUND('',#846,.T.);
#565=FACE_OUTER_BOUND('',#847,.T.);
#566=FACE_OUTER_BOUND('',#848,.T.);
#567=FACE_OUTER_BOUND('',#849,.T.);
#568=FACE_OUTER_BOUND('',#850,.T.);
#569=FACE_OUTER_BOUND('',#851,.T.);
#570=FACE_OUTER_BOUND('',#854,.T.);
#571=FACE_OUTER_BOUND('',#855,.T.);
#572=FACE_OUTER_BOUND('',#856,.T.);
#573=FACE_OUTER_BOUND('',#857,.T.);
#574=FACE_OUTER_BOUND('',#858,.T.);
#575=FACE_OUTER_BOUND('',#859,.T.);
#576=FACE_OUTER_BOUND('',#860,.T.);
#577=FACE_OUTER_BOUND('',#861,.T.);
#578=FACE_OUTER_BOUND('',#862,.T.);
#579=FACE_OUTER_BOUND('',#863,.T.);
#580=FACE_OUTER_BOUND('',#864,.T.);
#581=FACE_OUTER_BOUND('',#865,.T.);
#582=FACE_OUTER_BOUND('',#868,.T.);
#583=FACE_OUTER_BOUND('',#870,.T.);
#584=FACE_OUTER_BOUND('',#871,.T.);
#585=FACE_OUTER_BOUND('',#872,.T.);
#586=FACE_OUTER_BOUND('',#874,.T.);
#587=FACE_OUTER_BOUND('',#879,.T.);
#588=FACE_OUTER_BOUND('',#880,.T.);
#589=FACE_OUTER_BOUND('',#881,.T.);
#590=FACE_OUTER_BOUND('',#883,.T.);
#591=FACE_OUTER_BOUND('',#884,.T.);
#592=FACE_OUTER_BOUND('',#885,.T.);
#593=FACE_OUTER_BOUND('',#886,.T.);
#594=FACE_OUTER_BOUND('',#888,.T.);
#595=FACE_OUTER_BOUND('',#889,.T.);
#596=FACE_OUTER_BOUND('',#890,.T.);
#597=FACE_OUTER_BOUND('',#891,.T.);
#598=FACE_OUTER_BOUND('',#893,.T.);
#599=FACE_OUTER_BOUND('',#894,.T.);
#600=FACE_OUTER_BOUND('',#895,.T.);
#601=FACE_OUTER_BOUND('',#896,.T.);
#602=FACE_OUTER_BOUND('',#897,.T.);
#603=FACE_OUTER_BOUND('',#898,.T.);
#604=FACE_OUTER_BOUND('',#899,.T.);
#605=FACE_OUTER_BOUND('',#900,.T.);
#606=FACE_OUTER_BOUND('',#901,.T.);
#607=FACE_OUTER_BOUND('',#902,.T.);
#608=FACE_OUTER_BOUND('',#903,.T.);
#609=FACE_OUTER_BOUND('',#904,.T.);
#610=FACE_OUTER_BOUND('',#905,.T.);
#611=FACE_OUTER_BOUND('',#906,.T.);
#612=FACE_OUTER_BOUND('',#907,.T.);
#613=FACE_OUTER_BOUND('',#908,.T.);
#614=FACE_OUTER_BOUND('',#909,.T.);
#615=FACE_OUTER_BOUND('',#910,.T.);
#616=FACE_OUTER_BOUND('',#912,.T.);
#617=FACE_OUTER_BOUND('',#914,.T.);
#618=FACE_OUTER_BOUND('',#915,.T.);
#619=FACE_OUTER_BOUND('',#916,.T.);
#620=FACE_OUTER_BOUND('',#917,.T.);
#621=FACE_OUTER_BOUND('',#918,.T.);
#622=FACE_OUTER_BOUND('',#919,.T.);
#623=FACE_OUTER_BOUND('',#920,.T.);
#624=FACE_OUTER_BOUND('',#921,.T.);
#625=FACE_OUTER_BOUND('',#922,.T.);
#626=FACE_OUTER_BOUND('',#923,.T.);
#627=FACE_OUTER_BOUND('',#924,.T.);
#628=FACE_OUTER_BOUND('',#925,.T.);
#629=FACE_OUTER_BOUND('',#926,.T.);
#630=FACE_OUTER_BOUND('',#927,.T.);
#631=FACE_OUTER_BOUND('',#928,.T.);
#632=FACE_OUTER_BOUND('',#929,.T.);
#633=FACE_OUTER_BOUND('',#930,.T.);
#634=FACE_OUTER_BOUND('',#931,.T.);
#635=EDGE_LOOP('',(#2595,#2596,#2597,#2598));
#636=EDGE_LOOP('',(#2599,#2600,#2601,#2602,#2603,#2604));
#637=EDGE_LOOP('',(#2605,#2606,#2607,#2608,#2609,#2610,#2611,#2612,#2613,
#2614));
#638=EDGE_LOOP('',(#2615,#2616,#2617,#2618));
#639=EDGE_LOOP('',(#2619,#2620,#2621,#2622,#2623,#2624));
#640=EDGE_LOOP('',(#2625,#2626,#2627,#2628));
#641=EDGE_LOOP('',(#2629,#2630,#2631,#2632));
#642=EDGE_LOOP('',(#2633,#2634,#2635,#2636));
#643=EDGE_LOOP('',(#2637,#2638,#2639,#2640));
#644=EDGE_LOOP('',(#2641,#2642,#2643,#2644,#2645,#2646,#2647,#2648,#2649,
#2650));
#645=EDGE_LOOP('',(#2651,#2652,#2653,#2654,#2655,#2656,#2657,#2658,#2659,
#2660,#2661,#2662));
#646=EDGE_LOOP('',(#2663,#2664,#2665));
#647=EDGE_LOOP('',(#2666,#2667,#2668,#2669,#2670,#2671,#2672,#2673,#2674,
#2675));
#648=EDGE_LOOP('',(#2676,#2677,#2678,#2679));
#649=EDGE_LOOP('',(#2680,#2681,#2682,#2683));
#650=EDGE_LOOP('',(#2684,#2685,#2686,#2687));
#651=EDGE_LOOP('',(#2688,#2689,#2690,#2691,#2692,#2693,#2694,#2695,#2696,
#2697));
#652=EDGE_LOOP('',(#2698,#2699,#2700,#2701));
#653=EDGE_LOOP('',(#2702,#2703,#2704,#2705));
#654=EDGE_LOOP('',(#2706,#2707,#2708,#2709));
#655=EDGE_LOOP('',(#2710,#2711,#2712,#2713,#2714,#2715,#2716,#2717));
#656=EDGE_LOOP('',(#2718,#2719,#2720,#2721));
#657=EDGE_LOOP('',(#2722,#2723,#2724,#2725,#2726,#2727,#2728,#2729));
#658=EDGE_LOOP('',(#2730,#2731,#2732,#2733));
#659=EDGE_LOOP('',(#2734,#2735,#2736,#2737));
#660=EDGE_LOOP('',(#2738,#2739,#2740,#2741));
#661=EDGE_LOOP('',(#2742,#2743,#2744,#2745));
#662=EDGE_LOOP('',(#2746,#2747,#2748,#2749));
#663=EDGE_LOOP('',(#2750,#2751,#2752,#2753));
#664=EDGE_LOOP('',(#2754,#2755,#2756,#2757));
#665=EDGE_LOOP('',(#2758,#2759,#2760,#2761));
#666=EDGE_LOOP('',(#2762,#2763,#2764,#2765));
#667=EDGE_LOOP('',(#2766,#2767,#2768,#2769));
#668=EDGE_LOOP('',(#2770,#2771,#2772,#2773));
#669=EDGE_LOOP('',(#2774,#2775,#2776,#2777));
#670=EDGE_LOOP('',(#2778,#2779,#2780,#2781));
#671=EDGE_LOOP('',(#2782,#2783,#2784,#2785));
#672=EDGE_LOOP('',(#2786,#2787,#2788,#2789));
#673=EDGE_LOOP('',(#2790,#2791,#2792,#2793));
#674=EDGE_LOOP('',(#2794,#2795,#2796,#2797,#2798,#2799,#2800,#2801));
#675=EDGE_LOOP('',(#2802,#2803,#2804,#2805));
#676=EDGE_LOOP('',(#2806,#2807,#2808,#2809));
#677=EDGE_LOOP('',(#2810,#2811,#2812,#2813));
#678=EDGE_LOOP('',(#2814,#2815,#2816,#2817,#2818,#2819,#2820,#2821));
#679=EDGE_LOOP('',(#2822,#2823,#2824,#2825));
#680=EDGE_LOOP('',(#2826,#2827,#2828,#2829));
#681=EDGE_LOOP('',(#2830,#2831,#2832,#2833));
#682=EDGE_LOOP('',(#2834,#2835,#2836,#2837));
#683=EDGE_LOOP('',(#2838,#2839,#2840,#2841,#2842,#2843,#2844,#2845,#2846,
#2847));
#684=EDGE_LOOP('',(#2848,#2849,#2850,#2851,#2852,#2853,#2854,#2855,#2856,
#2857));
#685=EDGE_LOOP('',(#2858,#2859,#2860));
#686=EDGE_LOOP('',(#2861,#2862,#2863,#2864));
#687=EDGE_LOOP('',(#2865,#2866,#2867,#2868,#2869,#2870,#2871,#2872,#2873,
#2874));
#688=EDGE_LOOP('',(#2875,#2876,#2877,#2878));
#689=EDGE_LOOP('',(#2879,#2880,#2881,#2882));
#690=EDGE_LOOP('',(#2883,#2884,#2885,#2886,#2887,#2888,#2889,#2890,#2891,
#2892));
#691=EDGE_LOOP('',(#2893,#2894,#2895,#2896));
#692=EDGE_LOOP('',(#2897,#2898,#2899,#2900));
#693=EDGE_LOOP('',(#2901,#2902,#2903,#2904,#2905,#2906,#2907,#2908));
#694=EDGE_LOOP('',(#2909,#2910,#2911,#2912));
#695=EDGE_LOOP('',(#2913,#2914,#2915,#2916));
#696=EDGE_LOOP('',(#2917,#2918,#2919,#2920,#2921,#2922,#2923,#2924));
#697=EDGE_LOOP('',(#2925,#2926,#2927,#2928));
#698=EDGE_LOOP('',(#2929,#2930,#2931,#2932,#2933,#2934,#2935,#2936,#2937,
#2938));
#699=EDGE_LOOP('',(#2939,#2940,#2941,#2942));
#700=EDGE_LOOP('',(#2943,#2944,#2945,#2946));
#701=EDGE_LOOP('',(#2947,#2948,#2949,#2950,#2951,#2952,#2953,#2954,#2955,
#2956));
#702=EDGE_LOOP('',(#2957,#2958,#2959,#2960));
#703=EDGE_LOOP('',(#2961,#2962,#2963,#2964));
#704=EDGE_LOOP('',(#2965,#2966,#2967,#2968));
#705=EDGE_LOOP('',(#2969,#2970,#2971,#2972));
#706=EDGE_LOOP('',(#2973,#2974,#2975,#2976));
#707=EDGE_LOOP('',(#2977,#2978,#2979,#2980));
#708=EDGE_LOOP('',(#2981,#2982,#2983,#2984));
#709=EDGE_LOOP('',(#2985,#2986,#2987,#2988));
#710=EDGE_LOOP('',(#2989,#2990,#2991,#2992));
#711=EDGE_LOOP('',(#2993,#2994,#2995,#2996));
#712=EDGE_LOOP('',(#2997,#2998,#2999,#3000));
#713=EDGE_LOOP('',(#3001,#3002,#3003,#3004));
#714=EDGE_LOOP('',(#3005,#3006,#3007,#3008));
#715=EDGE_LOOP('',(#3009,#3010,#3011,#3012,#3013,#3014,#3015,#3016));
#716=EDGE_LOOP('',(#3017));
#717=EDGE_LOOP('',(#3018));
#718=EDGE_LOOP('',(#3019));
#719=EDGE_LOOP('',(#3020));
#720=EDGE_LOOP('',(#3021));
#721=EDGE_LOOP('',(#3022));
#722=EDGE_LOOP('',(#3023));
#723=EDGE_LOOP('',(#3024));
#724=EDGE_LOOP('',(#3025));
#725=EDGE_LOOP('',(#3026));
#726=EDGE_LOOP('',(#3027));
#727=EDGE_LOOP('',(#3028));
#728=EDGE_LOOP('',(#3029));
#729=EDGE_LOOP('',(#3030));
#730=EDGE_LOOP('',(#3031));
#731=EDGE_LOOP('',(#3032));
#732=EDGE_LOOP('',(#3033));
#733=EDGE_LOOP('',(#3034));
#734=EDGE_LOOP('',(#3035));
#735=EDGE_LOOP('',(#3036));
#736=EDGE_LOOP('',(#3037,#3038,#3039,#3040,#3041,#3042,#3043,#3044));
#737=EDGE_LOOP('',(#3045));
#738=EDGE_LOOP('',(#3046));
#739=EDGE_LOOP('',(#3047));
#740=EDGE_LOOP('',(#3048));
#741=EDGE_LOOP('',(#3049));
#742=EDGE_LOOP('',(#3050));
#743=EDGE_LOOP('',(#3051));
#744=EDGE_LOOP('',(#3052));
#745=EDGE_LOOP('',(#3053));
#746=EDGE_LOOP('',(#3054));
#747=EDGE_LOOP('',(#3055));
#748=EDGE_LOOP('',(#3056));
#749=EDGE_LOOP('',(#3057));
#750=EDGE_LOOP('',(#3058));
#751=EDGE_LOOP('',(#3059));
#752=EDGE_LOOP('',(#3060));
#753=EDGE_LOOP('',(#3061));
#754=EDGE_LOOP('',(#3062));
#755=EDGE_LOOP('',(#3063));
#756=EDGE_LOOP('',(#3064));
#757=EDGE_LOOP('',(#3065,#3066,#3067,#3068));
#758=EDGE_LOOP('',(#3069,#3070,#3071,#3072));
#759=EDGE_LOOP('',(#3073,#3074,#3075,#3076));
#760=EDGE_LOOP('',(#3077,#3078,#3079,#3080));
#761=EDGE_LOOP('',(#3081,#3082,#3083,#3084));
#762=EDGE_LOOP('',(#3085,#3086,#3087,#3088));
#763=EDGE_LOOP('',(#3089,#3090,#3091,#3092));
#764=EDGE_LOOP('',(#3093,#3094,#3095,#3096));
#765=EDGE_LOOP('',(#3097,#3098,#3099,#3100));
#766=EDGE_LOOP('',(#3101,#3102,#3103,#3104));
#767=EDGE_LOOP('',(#3105,#3106,#3107,#3108));
#768=EDGE_LOOP('',(#3109,#3110,#3111,#3112));
#769=EDGE_LOOP('',(#3113,#3114,#3115,#3116));
#770=EDGE_LOOP('',(#3117,#3118,#3119,#3120));
#771=EDGE_LOOP('',(#3121,#3122,#3123,#3124));
#772=EDGE_LOOP('',(#3125,#3126,#3127,#3128));
#773=EDGE_LOOP('',(#3129,#3130,#3131,#3132));
#774=EDGE_LOOP('',(#3133,#3134,#3135,#3136));
#775=EDGE_LOOP('',(#3137,#3138,#3139,#3140));
#776=EDGE_LOOP('',(#3141,#3142,#3143,#3144));
#777=EDGE_LOOP('',(#3145,#3146,#3147,#3148));
#778=EDGE_LOOP('',(#3149,#3150,#3151,#3152));
#779=EDGE_LOOP('',(#3153,#3154,#3155,#3156));
#780=EDGE_LOOP('',(#3157,#3158,#3159,#3160));
#781=EDGE_LOOP('',(#3161,#3162,#3163,#3164));
#782=EDGE_LOOP('',(#3165,#3166,#3167,#3168));
#783=EDGE_LOOP('',(#3169,#3170,#3171,#3172));
#784=EDGE_LOOP('',(#3173,#3174,#3175,#3176));
#785=EDGE_LOOP('',(#3177,#3178,#3179,#3180));
#786=EDGE_LOOP('',(#3181,#3182,#3183,#3184));
#787=EDGE_LOOP('',(#3185,#3186,#3187,#3188));
#788=EDGE_LOOP('',(#3189,#3190,#3191,#3192));
#789=EDGE_LOOP('',(#3193,#3194,#3195,#3196));
#790=EDGE_LOOP('',(#3197,#3198,#3199,#3200));
#791=EDGE_LOOP('',(#3201,#3202,#3203,#3204));
#792=EDGE_LOOP('',(#3205,#3206,#3207,#3208));
#793=EDGE_LOOP('',(#3209,#3210,#3211,#3212));
#794=EDGE_LOOP('',(#3213,#3214,#3215,#3216));
#795=EDGE_LOOP('',(#3217,#3218,#3219,#3220));
#796=EDGE_LOOP('',(#3221,#3222,#3223,#3224));
#797=EDGE_LOOP('',(#3225,#3226,#3227,#3228));
#798=EDGE_LOOP('',(#3229,#3230,#3231,#3232));
#799=EDGE_LOOP('',(#3233,#3234,#3235,#3236));
#800=EDGE_LOOP('',(#3237,#3238,#3239,#3240));
#801=EDGE_LOOP('',(#3241,#3242,#3243,#3244));
#802=EDGE_LOOP('',(#3245,#3246,#3247,#3248));
#803=EDGE_LOOP('',(#3249,#3250,#3251,#3252));
#804=EDGE_LOOP('',(#3253,#3254,#3255,#3256,#3257,#3258,#3259,#3260));
#805=EDGE_LOOP('',(#3261,#3262,#3263,#3264));
#806=EDGE_LOOP('',(#3265,#3266,#3267,#3268));
#807=EDGE_LOOP('',(#3269));
#808=EDGE_LOOP('',(#3270));
#809=EDGE_LOOP('',(#3271,#3272,#3273,#3274,#3275,#3276,#3277,#3278,#3279,
#3280,#3281,#3282,#3283,#3284,#3285,#3286));
#810=EDGE_LOOP('',(#3287));
#811=EDGE_LOOP('',(#3288));
#812=EDGE_LOOP('',(#3289));
#813=EDGE_LOOP('',(#3290));
#814=EDGE_LOOP('',(#3291,#3292,#3293,#3294));
#815=EDGE_LOOP('',(#3295,#3296,#3297,#3298));
#816=EDGE_LOOP('',(#3299));
#817=EDGE_LOOP('',(#3300));
#818=EDGE_LOOP('',(#3301));
#819=EDGE_LOOP('',(#3302,#3303,#3304,#3305));
#820=EDGE_LOOP('',(#3306,#3307,#3308,#3309));
#821=EDGE_LOOP('',(#3310));
#822=EDGE_LOOP('',(#3311));
#823=EDGE_LOOP('',(#3312));
#824=EDGE_LOOP('',(#3313,#3314,#3315,#3316));
#825=EDGE_LOOP('',(#3317,#3318,#3319,#3320));
#826=EDGE_LOOP('',(#3321));
#827=EDGE_LOOP('',(#3322));
#828=EDGE_LOOP('',(#3323));
#829=EDGE_LOOP('',(#3324,#3325,#3326,#3327));
#830=EDGE_LOOP('',(#3328,#3329,#3330,#3331));
#831=EDGE_LOOP('',(#3332,#3333,#3334,#3335));
#832=EDGE_LOOP('',(#3336,#3337,#3338,#3339));
#833=EDGE_LOOP('',(#3340,#3341,#3342,#3343));
#834=EDGE_LOOP('',(#3344,#3345,#3346,#3347));
#835=EDGE_LOOP('',(#3348,#3349,#3350,#3351));
#836=EDGE_LOOP('',(#3352,#3353,#3354,#3355));
#837=EDGE_LOOP('',(#3356,#3357,#3358,#3359,#3360,#3361,#3362,#3363));
#838=EDGE_LOOP('',(#3364,#3365,#3366,#3367,#3368,#3369,#3370,#3371));
#839=EDGE_LOOP('',(#3372,#3373,#3374,#3375));
#840=EDGE_LOOP('',(#3376,#3377,#3378,#3379));
#841=EDGE_LOOP('',(#3380,#3381,#3382,#3383));
#842=EDGE_LOOP('',(#3384));
#843=EDGE_LOOP('',(#3385));
#844=EDGE_LOOP('',(#3386,#3387,#3388,#3389));
#845=EDGE_LOOP('',(#3390,#3391,#3392,#3393));
#846=EDGE_LOOP('',(#3394,#3395,#3396,#3397));
#847=EDGE_LOOP('',(#3398,#3399,#3400,#3401));
#848=EDGE_LOOP('',(#3402,#3403,#3404,#3405));
#849=EDGE_LOOP('',(#3406,#3407,#3408,#3409));
#850=EDGE_LOOP('',(#3410,#3411,#3412,#3413));
#851=EDGE_LOOP('',(#3414,#3415,#3416,#3417,#3418,#3419,#3420,#3421,#3422,
#3423,#3424,#3425));
#852=EDGE_LOOP('',(#3426,#3427,#3428,#3429));
#853=EDGE_LOOP('',(#3430,#3431,#3432,#3433));
#854=EDGE_LOOP('',(#3434,#3435,#3436,#3437));
#855=EDGE_LOOP('',(#3438,#3439,#3440,#3441));
#856=EDGE_LOOP('',(#3442,#3443,#3444,#3445));
#857=EDGE_LOOP('',(#3446,#3447,#3448,#3449));
#858=EDGE_LOOP('',(#3450));
#859=EDGE_LOOP('',(#3451,#3452,#3453,#3454));
#860=EDGE_LOOP('',(#3455,#3456,#3457,#3458));
#861=EDGE_LOOP('',(#3459,#3460,#3461,#3462));
#862=EDGE_LOOP('',(#3463,#3464,#3465,#3466));
#863=EDGE_LOOP('',(#3467,#3468,#3469,#3470));
#864=EDGE_LOOP('',(#3471,#3472,#3473,#3474));
#865=EDGE_LOOP('',(#3475,#3476,#3477,#3478));
#866=EDGE_LOOP('',(#3479));
#867=EDGE_LOOP('',(#3480));
#868=EDGE_LOOP('',(#3481,#3482,#3483,#3484,#3485,#3486,#3487,#3488));
#869=EDGE_LOOP('',(#3489,#3490,#3491,#3492,#3493,#3494,#3495,#3496));
#870=EDGE_LOOP('',(#3497,#3498,#3499,#3500));
#871=EDGE_LOOP('',(#3501,#3502,#3503,#3504));
#872=EDGE_LOOP('',(#3505));
#873=EDGE_LOOP('',(#3506));
#874=EDGE_LOOP('',(#3507,#3508,#3509,#3510,#3511,#3512,#3513,#3514));
#875=EDGE_LOOP('',(#3515));
#876=EDGE_LOOP('',(#3516));
#877=EDGE_LOOP('',(#3517));
#878=EDGE_LOOP('',(#3518));
#879=EDGE_LOOP('',(#3519,#3520,#3521,#3522));
#880=EDGE_LOOP('',(#3523,#3524,#3525,#3526));
#881=EDGE_LOOP('',(#3527));
#882=EDGE_LOOP('',(#3528));
#883=EDGE_LOOP('',(#3529));
#884=EDGE_LOOP('',(#3530,#3531,#3532,#3533));
#885=EDGE_LOOP('',(#3534,#3535,#3536,#3537));
#886=EDGE_LOOP('',(#3538));
#887=EDGE_LOOP('',(#3539));
#888=EDGE_LOOP('',(#3540));
#889=EDGE_LOOP('',(#3541,#3542,#3543,#3544));
#890=EDGE_LOOP('',(#3545,#3546,#3547,#3548));
#891=EDGE_LOOP('',(#3549));
#892=EDGE_LOOP('',(#3550));
#893=EDGE_LOOP('',(#3551));
#894=EDGE_LOOP('',(#3552,#3553,#3554,#3555));
#895=EDGE_LOOP('',(#3556,#3557,#3558,#3559));
#896=EDGE_LOOP('',(#3560,#3561,#3562,#3563));
#897=EDGE_LOOP('',(#3564,#3565,#3566,#3567));
#898=EDGE_LOOP('',(#3568,#3569,#3570,#3571));
#899=EDGE_LOOP('',(#3572,#3573,#3574,#3575));
#900=EDGE_LOOP('',(#3576,#3577,#3578,#3579));
#901=EDGE_LOOP('',(#3580,#3581,#3582,#3583));
#902=EDGE_LOOP('',(#3584,#3585,#3586,#3587));
#903=EDGE_LOOP('',(#3588,#3589,#3590,#3591));
#904=EDGE_LOOP('',(#3592,#3593,#3594,#3595));
#905=EDGE_LOOP('',(#3596,#3597,#3598,#3599));
#906=EDGE_LOOP('',(#3600,#3601,#3602,#3603));
#907=EDGE_LOOP('',(#3604,#3605,#3606,#3607));
#908=EDGE_LOOP('',(#3608,#3609,#3610,#3611));
#909=EDGE_LOOP('',(#3612,#3613,#3614,#3615));
#910=EDGE_LOOP('',(#3616,#3617,#3618,#3619,#3620,#3621,#3622,#3623));
#911=EDGE_LOOP('',(#3624,#3625,#3626,#3627,#3628,#3629,#3630,#3631));
#912=EDGE_LOOP('',(#3632,#3633,#3634,#3635,#3636,#3637,#3638,#3639));
#913=EDGE_LOOP('',(#3640,#3641,#3642,#3643,#3644,#3645,#3646,#3647));
#914=EDGE_LOOP('',(#3648,#3649,#3650,#3651));
#915=EDGE_LOOP('',(#3652,#3653,#3654,#3655));
#916=EDGE_LOOP('',(#3656,#3657,#3658,#3659));
#917=EDGE_LOOP('',(#3660,#3661,#3662,#3663));
#918=EDGE_LOOP('',(#3664,#3665,#3666,#3667));
#919=EDGE_LOOP('',(#3668,#3669,#3670,#3671));
#920=EDGE_LOOP('',(#3672,#3673,#3674,#3675));
#921=EDGE_LOOP('',(#3676,#3677,#3678,#3679));
#922=EDGE_LOOP('',(#3680,#3681,#3682,#3683));
#923=EDGE_LOOP('',(#3684,#3685,#3686,#3687));
#924=EDGE_LOOP('',(#3688,#3689,#3690,#3691));
#925=EDGE_LOOP('',(#3692,#3693,#3694,#3695));
#926=EDGE_LOOP('',(#3696,#3697,#3698,#3699,#3700,#3701,#3702,#3703));
#927=EDGE_LOOP('',(#3704,#3705,#3706,#3707));
#928=EDGE_LOOP('',(#3708,#3709,#3710,#3711));
#929=EDGE_LOOP('',(#3712,#3713,#3714,#3715));
#930=EDGE_LOOP('',(#3716,#3717,#3718,#3719));
#931=EDGE_LOOP('',(#3720));
#932=LINE('',#5762,#1299);
#933=LINE('',#5764,#1300);
#934=LINE('',#5766,#1301);
#935=LINE('',#5767,#1302);
#936=LINE('',#5771,#1303);
#937=LINE('',#5773,#1304);
#938=LINE('',#5774,#1305);
#939=LINE('',#5776,#1306);
#940=LINE('',#5777,#1307);
#941=LINE('',#5781,#1308);
#942=LINE('',#5783,#1309);
#943=LINE('',#5785,#1310);
#944=LINE('',#5787,#1311);
#945=LINE('',#5789,#1312);
#946=LINE('',#5790,#1313);
#947=LINE('',#5792,#1314);
#948=LINE('',#5794,#1315);
#949=LINE('',#5795,#1316);
#950=LINE('',#5798,#1317);
#951=LINE('',#5799,#1318);
#952=LINE('',#5802,#1319);
#953=LINE('',#5804,#1320);
#954=LINE('',#5806,#1321);
#955=LINE('',#5807,#1322);
#956=LINE('',#5810,#1323);
#957=LINE('',#5812,#1324);
#958=LINE('',#5813,#1325);
#959=LINE('',#5815,#1326);
#960=LINE('',#5820,#1327);
#961=LINE('',#5824,#1328);
#962=LINE('',#5825,#1329);
#963=LINE('',#5829,#1330);
#964=LINE('',#5830,#1331);
#965=LINE('',#5832,#1332);
#966=LINE('',#5834,#1333);
#967=LINE('',#5838,#1334);
#968=LINE('',#5842,#1335);
#969=LINE('',#5844,#1336);
#970=LINE('',#5846,#1337);
#971=LINE('',#5848,#1338);
#972=LINE('',#5850,#1339);
#973=LINE('',#5852,#1340);
#974=LINE('',#5854,#1341);
#975=LINE('',#5856,#1342);
#976=LINE('',#5858,#1343);
#977=LINE('',#5860,#1344);
#978=LINE('',#5861,#1345);
#979=LINE('',#5864,#1346);
#980=LINE('',#5866,#1347);
#981=LINE('',#5867,#1348);
#982=LINE('',#5871,#1349);
#983=LINE('',#5875,#1350);
#984=LINE('',#5879,#1351);
#985=LINE('',#5880,#1352);
#986=LINE('',#5881,#1353);
#987=LINE('',#5884,#1354);
#988=LINE('',#5885,#1355);
#989=LINE('',#5888,#1356);
#990=LINE('',#5890,#1357);
#991=LINE('',#5891,#1358);
#992=LINE('',#5896,#1359);
#993=LINE('',#5900,#1360);
#994=LINE('',#5902,#1361);
#995=LINE('',#5903,#1362);
#996=LINE('',#5905,#1363);
#997=LINE('',#5907,#1364);
#998=LINE('',#5908,#1365);
#999=LINE('',#5911,#1366);
#1000=LINE('',#5912,#1367);
#1001=LINE('',#5915,#1368);
#1002=LINE('',#5916,#1369);
#1003=LINE('',#5919,#1370);
#1004=LINE('',#5920,#1371);
#1005=LINE('',#5923,#1372);
#1006=LINE('',#5924,#1373);
#1007=LINE('',#5925,#1374);
#1008=LINE('',#5930,#1375);
#1009=LINE('',#5932,#1376);
#1010=LINE('',#5934,#1377);
#1011=LINE('',#5936,#1378);
#1012=LINE('',#5938,#1379);
#1013=LINE('',#5939,#1380);
#1014=LINE('',#5940,#1381);
#1015=LINE('',#5943,#1382);
#1016=LINE('',#5946,#1383);
#1017=LINE('',#5949,#1384);
#1018=LINE('',#5950,#1385);
#1019=LINE('',#5958,#1386);
#1020=LINE('',#5960,#1387);
#1021=LINE('',#5963,#1388);
#1022=LINE('',#5965,#1389);
#1023=LINE('',#5966,#1390);
#1024=LINE('',#5969,#1391);
#1025=LINE('',#5973,#1392);
#1026=LINE('',#5977,#1393);
#1027=LINE('',#5978,#1394);
#1028=LINE('',#5980,#1395);
#1029=LINE('',#5983,#1396);
#1030=LINE('',#5985,#1397);
#1031=LINE('',#5986,#1398);
#1032=LINE('',#5989,#1399);
#1033=LINE('',#5990,#1400);
#1034=LINE('',#5992,#1401);
#1035=LINE('',#5995,#1402);
#1036=LINE('',#5996,#1403);
#1037=LINE('',#6000,#1404);
#1038=LINE('',#6003,#1405);
#1039=LINE('',#6004,#1406);
#1040=LINE('',#6008,#1407);
#1041=LINE('',#6011,#1408);
#1042=LINE('',#6013,#1409);
#1043=LINE('',#6014,#1410);
#1044=LINE('',#6016,#1411);
#1045=LINE('',#6017,#1412);
#1046=LINE('',#6019,#1413);
#1047=LINE('',#6022,#1414);
#1048=LINE('',#6023,#1415);
#1049=LINE('',#6032,#1416);
#1050=LINE('',#6034,#1417);
#1051=LINE('',#6036,#1418);
#1052=LINE('',#6037,#1419);
#1053=LINE('',#6041,#1420);
#1054=LINE('',#6045,#1421);
#1055=LINE('',#6047,#1422);
#1056=LINE('',#6049,#1423);
#1057=LINE('',#6053,#1424);
#1058=LINE('',#6059,#1425);
#1059=LINE('',#6062,#1426);
#1060=LINE('',#6066,#1427);
#1061=LINE('',#6068,#1428);
#1062=LINE('',#6072,#1429);
#1063=LINE('',#6074,#1430);
#1064=LINE('',#6076,#1431);
#1065=LINE('',#6079,#1432);
#1066=LINE('',#6081,#1433);
#1067=LINE('',#6084,#1434);
#1068=LINE('',#6086,#1435);
#1069=LINE('',#6088,#1436);
#1070=LINE('',#6090,#1437);
#1071=LINE('',#6091,#1438);
#1072=LINE('',#6093,#1439);
#1073=LINE('',#6095,#1440);
#1074=LINE('',#6098,#1441);
#1075=LINE('',#6100,#1442);
#1076=LINE('',#6102,#1443);
#1077=LINE('',#6104,#1444);
#1078=LINE('',#6105,#1445);
#1079=LINE('',#6107,#1446);
#1080=LINE('',#6111,#1447);
#1081=LINE('',#6115,#1448);
#1082=LINE('',#6119,#1449);
#1083=LINE('',#6124,#1450);
#1084=LINE('',#6126,#1451);
#1085=LINE('',#6127,#1452);
#1086=LINE('',#6130,#1453);
#1087=LINE('',#6131,#1454);
#1088=LINE('',#6135,#1455);
#1089=LINE('',#6140,#1456);
#1090=LINE('',#6144,#1457);
#1091=LINE('',#6148,#1458);
#1092=LINE('',#6149,#1459);
#1093=LINE('',#6151,#1460);
#1094=LINE('',#6153,#1461);
#1095=LINE('',#6155,#1462);
#1096=LINE('',#6157,#1463);
#1097=LINE('',#6159,#1464);
#1098=LINE('',#6161,#1465);
#1099=LINE('',#6163,#1466);
#1100=LINE('',#6165,#1467);
#1101=LINE('',#6171,#1468);
#1102=LINE('',#6175,#1469);
#1103=LINE('',#6180,#1470);
#1104=LINE('',#6181,#1471);
#1105=LINE('',#6182,#1472);
#1106=LINE('',#6185,#1473);
#1107=LINE('',#6187,#1474);
#1108=LINE('',#6188,#1475);
#1109=LINE('',#6193,#1476);
#1110=LINE('',#6197,#1477);
#1111=LINE('',#6243,#1478);
#1112=LINE('',#6247,#1479);
#1113=LINE('',#6290,#1480);
#1114=LINE('',#6292,#1481);
#1115=LINE('',#6294,#1482);
#1116=LINE('',#6296,#1483);
#1117=LINE('',#6299,#1484);
#1118=LINE('',#6301,#1485);
#1119=LINE('',#6303,#1486);
#1120=LINE('',#6305,#1487);
#1121=LINE('',#6307,#1488);
#1122=LINE('',#6309,#1489);
#1123=LINE('',#6311,#1490);
#1124=LINE('',#6313,#1491);
#1125=LINE('',#6315,#1492);
#1126=LINE('',#6317,#1493);
#1127=LINE('',#6319,#1494);
#1128=LINE('',#6321,#1495);
#1129=LINE('',#6323,#1496);
#1130=LINE('',#6325,#1497);
#1131=LINE('',#6327,#1498);
#1132=LINE('',#6329,#1499);
#1133=LINE('',#6331,#1500);
#1134=LINE('',#6333,#1501);
#1135=LINE('',#6335,#1502);
#1136=LINE('',#6337,#1503);
#1137=LINE('',#6341,#1504);
#1138=LINE('',#6343,#1505);
#1139=LINE('',#6345,#1506);
#1140=LINE('',#6346,#1507);
#1141=LINE('',#6349,#1508);
#1142=LINE('',#6351,#1509);
#1143=LINE('',#6352,#1510);
#1144=LINE('',#6355,#1511);
#1145=LINE('',#6357,#1512);
#1146=LINE('',#6358,#1513);
#1147=LINE('',#6360,#1514);
#1148=LINE('',#6361,#1515);
#1149=LINE('',#6365,#1516);
#1150=LINE('',#6367,#1517);
#1151=LINE('',#6369,#1518);
#1152=LINE('',#6370,#1519);
#1153=LINE('',#6373,#1520);
#1154=LINE('',#6375,#1521);
#1155=LINE('',#6376,#1522);
#1156=LINE('',#6379,#1523);
#1157=LINE('',#6381,#1524);
#1158=LINE('',#6382,#1525);
#1159=LINE('',#6384,#1526);
#1160=LINE('',#6385,#1527);
#1161=LINE('',#6407,#1528);
#1162=LINE('',#6408,#1529);
#1163=LINE('',#6427,#1530);
#1164=LINE('',#6428,#1531);
#1165=LINE('',#6447,#1532);
#1166=LINE('',#6448,#1533);
#1167=LINE('',#6464,#1534);
#1168=LINE('',#6465,#1535);
#1169=LINE('',#6468,#1536);
#1170=LINE('',#6470,#1537);
#1171=LINE('',#6471,#1538);
#1172=LINE('',#6474,#1539);
#1173=LINE('',#6478,#1540);
#1174=LINE('',#6479,#1541);
#1175=LINE('',#6482,#1542);
#1176=LINE('',#6489,#1543);
#1177=LINE('',#6495,#1544);
#1178=LINE('',#6501,#1545);
#1179=LINE('',#6503,#1546);
#1180=LINE('',#6505,#1547);
#1181=LINE('',#6507,#1548);
#1182=LINE('',#6509,#1549);
#1183=LINE('',#6511,#1550);
#1184=LINE('',#6515,#1551);
#1185=LINE('',#6519,#1552);
#1186=LINE('',#6523,#1553);
#1187=LINE('',#6527,#1554);
#1188=LINE('',#6529,#1555);
#1189=LINE('',#6530,#1556);
#1190=LINE('',#6541,#1557);
#1191=LINE('',#6546,#1558);
#1192=LINE('',#6553,#1559);
#1193=LINE('',#6558,#1560);
#1194=LINE('',#6565,#1561);
#1195=LINE('',#6570,#1562);
#1196=LINE('',#6576,#1563);
#1197=LINE('',#6578,#1564);
#1198=LINE('',#6580,#1565);
#1199=LINE('',#6581,#1566);
#1200=LINE('',#6587,#1567);
#1201=LINE('',#6590,#1568);
#1202=LINE('',#6592,#1569);
#1203=LINE('',#6593,#1570);
#1204=LINE('',#6599,#1571);
#1205=LINE('',#6602,#1572);
#1206=LINE('',#6604,#1573);
#1207=LINE('',#6605,#1574);
#1208=LINE('',#6611,#1575);
#1209=LINE('',#6614,#1576);
#1210=LINE('',#6616,#1577);
#1211=LINE('',#6617,#1578);
#1212=LINE('',#6624,#1579);
#1213=LINE('',#6628,#1580);
#1214=LINE('',#6632,#1581);
#1215=LINE('',#6636,#1582);
#1216=LINE('',#6639,#1583);
#1217=LINE('',#6640,#1584);
#1218=LINE('',#6642,#1585);
#1219=LINE('',#6644,#1586);
#1220=LINE('',#6650,#1587);
#1221=LINE('',#6654,#1588);
#1222=LINE('',#6658,#1589);
#1223=LINE('',#6661,#1590);
#1224=LINE('',#6663,#1591);
#1225=LINE('',#6664,#1592);
#1226=LINE('',#6667,#1593);
#1227=LINE('',#6668,#1594);
#1228=LINE('',#6671,#1595);
#1229=LINE('',#6672,#1596);
#1230=LINE('',#6674,#1597);
#1231=LINE('',#6676,#1598);
#1232=LINE('',#6678,#1599);
#1233=LINE('',#6680,#1600);
#1234=LINE('',#6681,#1601);
#1235=LINE('',#6682,#1602);
#1236=LINE('',#6685,#1603);
#1237=LINE('',#6686,#1604);
#1238=LINE('',#6689,#1605);
#1239=LINE('',#6690,#1606);
#1240=LINE('',#6692,#1607);
#1241=LINE('',#6696,#1608);
#1242=LINE('',#6702,#1609);
#1243=LINE('',#6705,#1610);
#1244=LINE('',#6706,#1611);
#1245=LINE('',#6710,#1612);
#1246=LINE('',#6712,#1613);
#1247=LINE('',#6718,#1614);
#1248=LINE('',#6724,#1615);
#1249=LINE('',#6732,#1616);
#1250=LINE('',#6736,#1617);
#1251=LINE('',#6740,#1618);
#1252=LINE('',#6743,#1619);
#1253=LINE('',#6754,#1620);
#1254=LINE('',#6759,#1621);
#1255=LINE('',#6766,#1622);
#1256=LINE('',#6771,#1623);
#1257=LINE('',#6778,#1624);
#1258=LINE('',#6783,#1625);
#1259=LINE('',#6788,#1626);
#1260=LINE('',#6790,#1627);
#1261=LINE('',#6791,#1628);
#1262=LINE('',#6794,#1629);
#1263=LINE('',#6798,#1630);
#1264=LINE('',#6799,#1631);
#1265=LINE('',#6802,#1632);
#1266=LINE('',#6807,#1633);
#1267=LINE('',#6809,#1634);
#1268=LINE('',#6811,#1635);
#1269=LINE('',#6812,#1636);
#1270=LINE('',#6817,#1637);
#1271=LINE('',#6821,#1638);
#1272=LINE('',#6823,#1639);
#1273=LINE('',#6824,#1640);
#1274=LINE('',#6829,#1641);
#1275=LINE('',#6833,#1642);
#1276=LINE('',#6834,#1643);
#1277=LINE('',#6837,#1644);
#1278=LINE('',#6841,#1645);
#1279=LINE('',#6842,#1646);
#1280=LINE('',#6850,#1647);
#1281=LINE('',#6853,#1648);
#1282=LINE('',#6855,#1649);
#1283=LINE('',#6856,#1650);
#1284=LINE('',#6862,#1651);
#1285=LINE('',#6864,#1652);
#1286=LINE('',#6865,#1653);
#1287=LINE('',#6872,#1654);
#1288=LINE('',#6876,#1655);
#1289=LINE('',#6880,#1656);
#1290=LINE('',#6883,#1657);
#1291=LINE('',#7290,#1658);
#1292=LINE('',#7291,#1659);
#1293=LINE('',#7293,#1660);
#1294=LINE('',#7295,#1661);
#1295=LINE('',#7297,#1662);
#1296=LINE('',#7300,#1663);
#1297=LINE('',#7301,#1664);
#1298=LINE('',#7303,#1665);
#1299=VECTOR('',#4602,0.999999999999558);
#1300=VECTOR('',#4603,1.);
#1301=VECTOR('',#4604,0.999999999999558);
#1302=VECTOR('',#4605,1.);
#1303=VECTOR('',#4608,1.);
#1304=VECTOR('',#4609,1.);
#1305=VECTOR('',#4610,1.);
#1306=VECTOR('',#4611,1.);
#1307=VECTOR('',#4612,0.999999999999558);
#1308=VECTOR('',#4615,1.);
#1309=VECTOR('',#4616,1.);
#1310=VECTOR('',#4617,1.);
#1311=VECTOR('',#4618,1.);
#1312=VECTOR('',#4619,1.);
#1313=VECTOR('',#4620,1.);
#1314=VECTOR('',#4621,1.);
#1315=VECTOR('',#4622,1.);
#1316=VECTOR('',#4623,1.);
#1317=VECTOR('',#4626,1.);
#1318=VECTOR('',#4627,1.);
#1319=VECTOR('',#4630,1.);
#1320=VECTOR('',#4631,1.);
#1321=VECTOR('',#4632,1.);
#1322=VECTOR('',#4633,0.999999999999558);
#1323=VECTOR('',#4636,1.);
#1324=VECTOR('',#4637,1.);
#1325=VECTOR('',#4638,1.);
#1326=VECTOR('',#4641,1.);
#1327=VECTOR('',#4646,1.);
#1328=VECTOR('',#4651,1.);
#1329=VECTOR('',#4652,1.);
#1330=VECTOR('',#4655,1.);
#1331=VECTOR('',#4656,1.);
#1332=VECTOR('',#4657,1.);
#1333=VECTOR('',#4658,1.);
#1334=VECTOR('',#4661,1.);
#1335=VECTOR('',#4666,1.);
#1336=VECTOR('',#4667,1.);
#1337=VECTOR('',#4668,1.);
#1338=VECTOR('',#4669,1.);
#1339=VECTOR('',#4670,1.);
#1340=VECTOR('',#4671,1.);
#1341=VECTOR('',#4672,1.);
#1342=VECTOR('',#4673,1.);
#1343=VECTOR('',#4674,1.);
#1344=VECTOR('',#4675,1.);
#1345=VECTOR('',#4676,1.);
#1346=VECTOR('',#4677,1.);
#1347=VECTOR('',#4678,0.99999999999962);
#1348=VECTOR('',#4679,0.99999999999962);
#1349=VECTOR('',#4682,1.);
#1350=VECTOR('',#4685,1.);
#1351=VECTOR('',#4688,1.);
#1352=VECTOR('',#4689,1.);
#1353=VECTOR('',#4690,1.);
#1354=VECTOR('',#4693,1.);
#1355=VECTOR('',#4694,1.);
#1356=VECTOR('',#4697,1.);
#1357=VECTOR('',#4698,1.);
#1358=VECTOR('',#4699,1.);
#1359=VECTOR('',#4704,1.);
#1360=VECTOR('',#4709,1.);
#1361=VECTOR('',#4710,1.);
#1362=VECTOR('',#4711,1.);
#1363=VECTOR('',#4712,1.);
#1364=VECTOR('',#4713,1.);
#1365=VECTOR('',#4714,1.);
#1366=VECTOR('',#4717,1.);
#1367=VECTOR('',#4718,1.);
#1368=VECTOR('',#4721,1.);
#1369=VECTOR('',#4722,1.);
#1370=VECTOR('',#4725,1.);
#1371=VECTOR('',#4726,1.);
#1372=VECTOR('',#4729,1.);
#1373=VECTOR('',#4730,1.);
#1374=VECTOR('',#4731,1.);
#1375=VECTOR('',#4736,1.);
#1376=VECTOR('',#4737,1.);
#1377=VECTOR('',#4738,1.);
#1378=VECTOR('',#4739,1.);
#1379=VECTOR('',#4740,1.);
#1380=VECTOR('',#4741,1.);
#1381=VECTOR('',#4742,1.);
#1382=VECTOR('',#4745,1.);
#1383=VECTOR('',#4750,1.);
#1384=VECTOR('',#4753,1.);
#1385=VECTOR('',#4754,1.);
#1386=VECTOR('',#4769,1.);
#1387=VECTOR('',#4772,1.);
#1388=VECTOR('',#4775,1.);
#1389=VECTOR('',#4776,1.);
#1390=VECTOR('',#4777,1.);
#1391=VECTOR('',#4780,1.);
#1392=VECTOR('',#4785,1.);
#1393=VECTOR('',#4790,1.);
#1394=VECTOR('',#4791,1.);
#1395=VECTOR('',#4794,1.);
#1396=VECTOR('',#4797,1.);
#1397=VECTOR('',#4798,1.);
#1398=VECTOR('',#4799,1.);
#1399=VECTOR('',#4802,1.);
#1400=VECTOR('',#4803,0.99999999999962);
#1401=VECTOR('',#4806,0.99999999999962);
#1402=VECTOR('',#4809,1.);
#1403=VECTOR('',#4810,1.);
#1404=VECTOR('',#4815,1.);
#1405=VECTOR('',#4818,1.);
#1406=VECTOR('',#4819,1.);
#1407=VECTOR('',#4824,1.);
#1408=VECTOR('',#4827,1.);
#1409=VECTOR('',#4828,1.);
#1410=VECTOR('',#4829,1.);
#1411=VECTOR('',#4830,1.);
#1412=VECTOR('',#4831,1.);
#1413=VECTOR('',#4834,1.);
#1414=VECTOR('',#4839,1.);
#1415=VECTOR('',#4840,1.);
#1416=VECTOR('',#4853,1.);
#1417=VECTOR('',#4854,1.);
#1418=VECTOR('',#4855,1.);
#1419=VECTOR('',#4856,1.);
#1420=VECTOR('',#4859,1.);
#1421=VECTOR('',#4862,1.);
#1422=VECTOR('',#4863,1.);
#1423=VECTOR('',#4864,1.);
#1424=VECTOR('',#4867,1.);
#1425=VECTOR('',#4876,1.);
#1426=VECTOR('',#4879,1.);
#1427=VECTOR('',#4884,1.);
#1428=VECTOR('',#4885,1.);
#1429=VECTOR('',#4888,1.);
#1430=VECTOR('',#4889,1.);
#1431=VECTOR('',#4890,1.);
#1432=VECTOR('',#4895,1.);
#1433=VECTOR('',#4898,1.);
#1434=VECTOR('',#4901,1.);
#1435=VECTOR('',#4902,1.);
#1436=VECTOR('',#4903,1.);
#1437=VECTOR('',#4904,1.);
#1438=VECTOR('',#4905,1.);
#1439=VECTOR('',#4908,1.);
#1440=VECTOR('',#4911,1.);
#1441=VECTOR('',#4914,1.);
#1442=VECTOR('',#4915,1.);
#1443=VECTOR('',#4916,1.);
#1444=VECTOR('',#4917,1.);
#1445=VECTOR('',#4918,1.);
#1446=VECTOR('',#4921,1.);
#1447=VECTOR('',#4924,1.);
#1448=VECTOR('',#4927,1.);
#1449=VECTOR('',#4930,1.);
#1450=VECTOR('',#4937,1.);
#1451=VECTOR('',#4938,1.);
#1452=VECTOR('',#4939,1.);
#1453=VECTOR('',#4942,1.);
#1454=VECTOR('',#4943,1.);
#1455=VECTOR('',#4946,1.);
#1456=VECTOR('',#4951,1.);
#1457=VECTOR('',#4954,1.);
#1458=VECTOR('',#4959,1.);
#1459=VECTOR('',#4960,1.);
#1460=VECTOR('',#4963,1.);
#1461=VECTOR('',#4966,1.);
#1462=VECTOR('',#4969,1.);
#1463=VECTOR('',#4972,1.);
#1464=VECTOR('',#4975,1.);
#1465=VECTOR('',#4978,1.);
#1466=VECTOR('',#4981,1.);
#1467=VECTOR('',#4984,1.);
#1468=VECTOR('',#4991,1.);
#1469=VECTOR('',#4994,1.);
#1470=VECTOR('',#4999,1.);
#1471=VECTOR('',#5000,1.);
#1472=VECTOR('',#5001,1.);
#1473=VECTOR('',#5004,1.);
#1474=VECTOR('',#5005,1.);
#1475=VECTOR('',#5006,1.);
#1476=VECTOR('',#5011,1.);
#1477=VECTOR('',#5014,1.);
#1478=VECTOR('',#5061,1.);
#1479=VECTOR('',#5064,1.);
#1480=VECTOR('',#5109,1.);
#1481=VECTOR('',#5112,1.);
#1482=VECTOR('',#5115,1.);
#1483=VECTOR('',#5118,1.);
#1484=VECTOR('',#5123,0.508);
#1485=VECTOR('',#5126,0.508);
#1486=VECTOR('',#5129,0.508);
#1487=VECTOR('',#5132,0.508);
#1488=VECTOR('',#5135,0.508);
#1489=VECTOR('',#5138,0.508);
#1490=VECTOR('',#5141,0.51);
#1491=VECTOR('',#5144,0.51);
#1492=VECTOR('',#5147,0.51);
#1493=VECTOR('',#5150,0.51);
#1494=VECTOR('',#5153,0.508);
#1495=VECTOR('',#5156,0.508);
#1496=VECTOR('',#5159,0.508);
#1497=VECTOR('',#5162,0.508);
#1498=VECTOR('',#5165,0.508);
#1499=VECTOR('',#5168,0.508);
#1500=VECTOR('',#5171,0.508);
#1501=VECTOR('',#5174,0.508);
#1502=VECTOR('',#5177,0.508);
#1503=VECTOR('',#5180,0.508);
#1504=VECTOR('',#5183,10.);
#1505=VECTOR('',#5184,10.);
#1506=VECTOR('',#5185,10.);
#1507=VECTOR('',#5186,10.);
#1508=VECTOR('',#5189,10.);
#1509=VECTOR('',#5190,10.);
#1510=VECTOR('',#5191,10.);
#1511=VECTOR('',#5194,10.);
#1512=VECTOR('',#5195,10.);
#1513=VECTOR('',#5196,10.);
#1514=VECTOR('',#5199,10.);
#1515=VECTOR('',#5200,10.);
#1516=VECTOR('',#5203,10.);
#1517=VECTOR('',#5204,10.);
#1518=VECTOR('',#5205,10.);
#1519=VECTOR('',#5206,10.);
#1520=VECTOR('',#5209,10.);
#1521=VECTOR('',#5210,10.);
#1522=VECTOR('',#5211,10.);
#1523=VECTOR('',#5214,10.);
#1524=VECTOR('',#5215,10.);
#1525=VECTOR('',#5216,10.);
#1526=VECTOR('',#5219,10.);
#1527=VECTOR('',#5220,10.);
#1528=VECTOR('',#5233,10.);
#1529=VECTOR('',#5234,10.);
#1530=VECTOR('',#5245,10.);
#1531=VECTOR('',#5246,10.);
#1532=VECTOR('',#5257,10.);
#1533=VECTOR('',#5258,10.);
#1534=VECTOR('',#5267,10.);
#1535=VECTOR('',#5268,10.);
#1536=VECTOR('',#5271,10.);
#1537=VECTOR('',#5272,10.);
#1538=VECTOR('',#5273,10.);
#1539=VECTOR('',#5276,10.);
#1540=VECTOR('',#5281,10.);
#1541=VECTOR('',#5282,10.);
#1542=VECTOR('',#5285,10.);
#1543=VECTOR('',#5294,1.49999999999999);
#1544=VECTOR('',#5301,3.50000000000001);
#1545=VECTOR('',#5308,10.);
#1546=VECTOR('',#5309,10.);
#1547=VECTOR('',#5310,10.);
#1548=VECTOR('',#5311,10.);
#1549=VECTOR('',#5312,10.);
#1550=VECTOR('',#5313,10.);
#1551=VECTOR('',#5316,10.);
#1552=VECTOR('',#5319,10.);
#1553=VECTOR('',#5322,10.);
#1554=VECTOR('',#5325,10.);
#1555=VECTOR('',#5326,10.);
#1556=VECTOR('',#5327,10.);
#1557=VECTOR('',#5338,1.5);
#1558=VECTOR('',#5345,3.5);
#1559=VECTOR('',#5354,1.49999999999999);
#1560=VECTOR('',#5361,3.50000000000001);
#1561=VECTOR('',#5370,1.5);
#1562=VECTOR('',#5377,3.5);
#1563=VECTOR('',#5384,10.);
#1564=VECTOR('',#5385,10.);
#1565=VECTOR('',#5386,10.);
#1566=VECTOR('',#5387,10.);
#1567=VECTOR('',#5394,10.);
#1568=VECTOR('',#5397,10.);
#1569=VECTOR('',#5398,10.);
#1570=VECTOR('',#5399,10.);
#1571=VECTOR('',#5406,10.);
#1572=VECTOR('',#5409,10.);
#1573=VECTOR('',#5410,10.);
#1574=VECTOR('',#5411,10.);
#1575=VECTOR('',#5418,10.);
#1576=VECTOR('',#5421,10.);
#1577=VECTOR('',#5422,10.);
#1578=VECTOR('',#5423,10.);
#1579=VECTOR('',#5432,10.);
#1580=VECTOR('',#5435,10.);
#1581=VECTOR('',#5438,10.);
#1582=VECTOR('',#5441,10.);
#1583=VECTOR('',#5446,10.);
#1584=VECTOR('',#5447,10.);
#1585=VECTOR('',#5450,10.);
#1586=VECTOR('',#5453,10.);
#1587=VECTOR('',#5460,10.);
#1588=VECTOR('',#5465,7.5);
#1589=VECTOR('',#5470,7.5);
#1590=VECTOR('',#5473,10.);
#1591=VECTOR('',#5474,10.);
#1592=VECTOR('',#5475,10.);
#1593=VECTOR('',#5478,10.);
#1594=VECTOR('',#5479,10.);
#1595=VECTOR('',#5482,10.);
#1596=VECTOR('',#5483,10.);
#1597=VECTOR('',#5486,10.);
#1598=VECTOR('',#5489,10.);
#1599=VECTOR('',#5490,10.);
#1600=VECTOR('',#5491,10.);
#1601=VECTOR('',#5492,10.);
#1602=VECTOR('',#5493,10.);
#1603=VECTOR('',#5496,10.);
#1604=VECTOR('',#5497,10.);
#1605=VECTOR('',#5500,10.);
#1606=VECTOR('',#5501,10.);
#1607=VECTOR('',#5504,10.);
#1608=VECTOR('',#5511,10.);
#1609=VECTOR('',#5520,10.);
#1610=VECTOR('',#5523,10.);
#1611=VECTOR('',#5524,10.);
#1612=VECTOR('',#5529,10.);
#1613=VECTOR('',#5532,10.);
#1614=VECTOR('',#5539,1.5);
#1615=VECTOR('',#5546,2.5);
#1616=VECTOR('',#5555,10.);
#1617=VECTOR('',#5558,10.);
#1618=VECTOR('',#5561,10.);
#1619=VECTOR('',#5564,10.);
#1620=VECTOR('',#5575,1.5);
#1621=VECTOR('',#5582,2.5);
#1622=VECTOR('',#5591,1.5);
#1623=VECTOR('',#5598,2.5);
#1624=VECTOR('',#5607,1.5);
#1625=VECTOR('',#5614,2.5);
#1626=VECTOR('',#5621,10.);
#1627=VECTOR('',#5622,10.);
#1628=VECTOR('',#5623,10.);
#1629=VECTOR('',#5626,10.);
#1630=VECTOR('',#5631,10.);
#1631=VECTOR('',#5632,10.);
#1632=VECTOR('',#5635,10.);
#1633=VECTOR('',#5640,10.);
#1634=VECTOR('',#5641,10.);
#1635=VECTOR('',#5642,10.);
#1636=VECTOR('',#5643,10.);
#1637=VECTOR('',#5648,10.);
#1638=VECTOR('',#5653,10.);
#1639=VECTOR('',#5654,10.);
#1640=VECTOR('',#5655,10.);
#1641=VECTOR('',#5660,10.);
#1642=VECTOR('',#5665,10.);
#1643=VECTOR('',#5666,10.);
#1644=VECTOR('',#5669,10.);
#1645=VECTOR('',#5674,10.);
#1646=VECTOR('',#5675,10.);
#1647=VECTOR('',#5686,10.);
#1648=VECTOR('',#5689,10.);
#1649=VECTOR('',#5690,10.);
#1650=VECTOR('',#5691,10.);
#1651=VECTOR('',#5698,10.);
#1652=VECTOR('',#5701,10.);
#1653=VECTOR('',#5702,10.);
#1654=VECTOR('',#5709,10.);
#1655=VECTOR('',#5712,10.);
#1656=VECTOR('',#5715,10.);
#1657=VECTOR('',#5718,10.);
#1658=VECTOR('',#5721,10.);
#1659=VECTOR('',#5722,10.);
#1660=VECTOR('',#5725,10.);
#1661=VECTOR('',#5728,10.);
#1662=VECTOR('',#5731,10.);
#1663=VECTOR('',#5736,10.);
#1664=VECTOR('',#5737,10.);
#1665=VECTOR('',#5740,10.);
#1666=VERTEX_POINT('',#5760);
#1667=VERTEX_POINT('',#5761);
#1668=VERTEX_POINT('',#5763);
#1669=VERTEX_POINT('',#5765);
#1670=VERTEX_POINT('',#5769);
#1671=VERTEX_POINT('',#5770);
#1672=VERTEX_POINT('',#5772);
#1673=VERTEX_POINT('',#5775);
#1674=VERTEX_POINT('',#5779);
#1675=VERTEX_POINT('',#5780);
#1676=VERTEX_POINT('',#5782);
#1677=VERTEX_POINT('',#5784);
#1678=VERTEX_POINT('',#5786);
#1679=VERTEX_POINT('',#5788);
#1680=VERTEX_POINT('',#5791);
#1681=VERTEX_POINT('',#5793);
#1682=VERTEX_POINT('',#5797);
#1683=VERTEX_POINT('',#5801);
#1684=VERTEX_POINT('',#5803);
#1685=VERTEX_POINT('',#5805);
#1686=VERTEX_POINT('',#5809);
#1687=VERTEX_POINT('',#5811);
#1688=VERTEX_POINT('',#5817);
#1689=VERTEX_POINT('',#5819);
#1690=VERTEX_POINT('',#5823);
#1691=VERTEX_POINT('',#5827);
#1692=VERTEX_POINT('',#5828);
#1693=VERTEX_POINT('',#5831);
#1694=VERTEX_POINT('',#5833);
#1695=VERTEX_POINT('',#5835);
#1696=VERTEX_POINT('',#5837);
#1697=VERTEX_POINT('',#5841);
#1698=VERTEX_POINT('',#5843);
#1699=VERTEX_POINT('',#5845);
#1700=VERTEX_POINT('',#5847);
#1701=VERTEX_POINT('',#5849);
#1702=VERTEX_POINT('',#5851);
#1703=VERTEX_POINT('',#5853);
#1704=VERTEX_POINT('',#5855);
#1705=VERTEX_POINT('',#5857);
#1706=VERTEX_POINT('',#5859);
#1707=VERTEX_POINT('',#5862);
#1708=VERTEX_POINT('',#5863);
#1709=VERTEX_POINT('',#5865);
#1710=VERTEX_POINT('',#5869);
#1711=VERTEX_POINT('',#5870);
#1712=VERTEX_POINT('',#5872);
#1713=VERTEX_POINT('',#5874);
#1714=VERTEX_POINT('',#5876);
#1715=VERTEX_POINT('',#5878);
#1716=VERTEX_POINT('',#5883);
#1717=VERTEX_POINT('',#5887);
#1718=VERTEX_POINT('',#5889);
#1719=VERTEX_POINT('',#5893);
#1720=VERTEX_POINT('',#5895);
#1721=VERTEX_POINT('',#5899);
#1722=VERTEX_POINT('',#5901);
#1723=VERTEX_POINT('',#5904);
#1724=VERTEX_POINT('',#5906);
#1725=VERTEX_POINT('',#5910);
#1726=VERTEX_POINT('',#5914);
#1727=VERTEX_POINT('',#5918);
#1728=VERTEX_POINT('',#5922);
#1729=VERTEX_POINT('',#5928);
#1730=VERTEX_POINT('',#5929);
#1731=VERTEX_POINT('',#5931);
#1732=VERTEX_POINT('',#5933);
#1733=VERTEX_POINT('',#5935);
#1734=VERTEX_POINT('',#5937);
#1735=VERTEX_POINT('',#5942);
#1736=VERTEX_POINT('',#5948);
#1737=VERTEX_POINT('',#5962);
#1738=VERTEX_POINT('',#5964);
#1739=VERTEX_POINT('',#5968);
#1740=VERTEX_POINT('',#5972);
#1741=VERTEX_POINT('',#5976);
#1742=VERTEX_POINT('',#5982);
#1743=VERTEX_POINT('',#5984);
#1744=VERTEX_POINT('',#5988);
#1745=VERTEX_POINT('',#5994);
#1746=VERTEX_POINT('',#5998);
#1747=VERTEX_POINT('',#6002);
#1748=VERTEX_POINT('',#6006);
#1749=VERTEX_POINT('',#6010);
#1750=VERTEX_POINT('',#6012);
#1751=VERTEX_POINT('',#6015);
#1752=VERTEX_POINT('',#6030);
#1753=VERTEX_POINT('',#6031);
#1754=VERTEX_POINT('',#6033);
#1755=VERTEX_POINT('',#6035);
#1756=VERTEX_POINT('',#6039);
#1757=VERTEX_POINT('',#6040);
#1758=VERTEX_POINT('',#6042);
#1759=VERTEX_POINT('',#6044);
#1760=VERTEX_POINT('',#6046);
#1761=VERTEX_POINT('',#6048);
#1762=VERTEX_POINT('',#6050);
#1763=VERTEX_POINT('',#6052);
#1764=VERTEX_POINT('',#6057);
#1765=VERTEX_POINT('',#6061);
#1766=VERTEX_POINT('',#6065);
#1767=VERTEX_POINT('',#6067);
#1768=VERTEX_POINT('',#6069);
#1769=VERTEX_POINT('',#6071);
#1770=VERTEX_POINT('',#6073);
#1771=VERTEX_POINT('',#6075);
#1772=VERTEX_POINT('',#6083);
#1773=VERTEX_POINT('',#6085);
#1774=VERTEX_POINT('',#6087);
#1775=VERTEX_POINT('',#6089);
#1776=VERTEX_POINT('',#6097);
#1777=VERTEX_POINT('',#6099);
#1778=VERTEX_POINT('',#6101);
#1779=VERTEX_POINT('',#6103);
#1780=VERTEX_POINT('',#6109);
#1781=VERTEX_POINT('',#6110);
#1782=VERTEX_POINT('',#6112);
#1783=VERTEX_POINT('',#6114);
#1784=VERTEX_POINT('',#6116);
#1785=VERTEX_POINT('',#6118);
#1786=VERTEX_POINT('',#6123);
#1787=VERTEX_POINT('',#6125);
#1788=VERTEX_POINT('',#6129);
#1789=VERTEX_POINT('',#6133);
#1790=VERTEX_POINT('',#6134);
#1791=VERTEX_POINT('',#6137);
#1792=VERTEX_POINT('',#6139);
#1793=VERTEX_POINT('',#6141);
#1794=VERTEX_POINT('',#6143);
#1795=VERTEX_POINT('',#6147);
#1796=VERTEX_POINT('',#6169);
#1797=VERTEX_POINT('',#6170);
#1798=VERTEX_POINT('',#6172);
#1799=VERTEX_POINT('',#6174);
#1800=VERTEX_POINT('',#6178);
#1801=VERTEX_POINT('',#6179);
#1802=VERTEX_POINT('',#6184);
#1803=VERTEX_POINT('',#6186);
#1804=VERTEX_POINT('',#6190);
#1805=VERTEX_POINT('',#6192);
#1806=VERTEX_POINT('',#6194);
#1807=VERTEX_POINT('',#6196);
#1808=VERTEX_POINT('',#6199);
#1809=VERTEX_POINT('',#6201);
#1810=VERTEX_POINT('',#6203);
#1811=VERTEX_POINT('',#6205);
#1812=VERTEX_POINT('',#6207);
#1813=VERTEX_POINT('',#6209);
#1814=VERTEX_POINT('',#6211);
#1815=VERTEX_POINT('',#6213);
#1816=VERTEX_POINT('',#6215);
#1817=VERTEX_POINT('',#6217);
#1818=VERTEX_POINT('',#6219);
#1819=VERTEX_POINT('',#6221);
#1820=VERTEX_POINT('',#6223);
#1821=VERTEX_POINT('',#6225);
#1822=VERTEX_POINT('',#6227);
#1823=VERTEX_POINT('',#6229);
#1824=VERTEX_POINT('',#6231);
#1825=VERTEX_POINT('',#6233);
#1826=VERTEX_POINT('',#6235);
#1827=VERTEX_POINT('',#6237);
#1828=VERTEX_POINT('',#6240);
#1829=VERTEX_POINT('',#6242);
#1830=VERTEX_POINT('',#6244);
#1831=VERTEX_POINT('',#6246);
#1832=VERTEX_POINT('',#6249);
#1833=VERTEX_POINT('',#6251);
#1834=VERTEX_POINT('',#6253);
#1835=VERTEX_POINT('',#6255);
#1836=VERTEX_POINT('',#6257);
#1837=VERTEX_POINT('',#6259);
#1838=VERTEX_POINT('',#6261);
#1839=VERTEX_POINT('',#6263);
#1840=VERTEX_POINT('',#6265);
#1841=VERTEX_POINT('',#6267);
#1842=VERTEX_POINT('',#6269);
#1843=VERTEX_POINT('',#6271);
#1844=VERTEX_POINT('',#6273);
#1845=VERTEX_POINT('',#6275);
#1846=VERTEX_POINT('',#6277);
#1847=VERTEX_POINT('',#6279);
#1848=VERTEX_POINT('',#6281);
#1849=VERTEX_POINT('',#6283);
#1850=VERTEX_POINT('',#6285);
#1851=VERTEX_POINT('',#6287);
#1852=VERTEX_POINT('',#6339);
#1853=VERTEX_POINT('',#6340);
#1854=VERTEX_POINT('',#6342);
#1855=VERTEX_POINT('',#6344);
#1856=VERTEX_POINT('',#6348);
#1857=VERTEX_POINT('',#6350);
#1858=VERTEX_POINT('',#6354);
#1859=VERTEX_POINT('',#6356);
#1860=VERTEX_POINT('',#6363);
#1861=VERTEX_POINT('',#6364);
#1862=VERTEX_POINT('',#6366);
#1863=VERTEX_POINT('',#6368);
#1864=VERTEX_POINT('',#6372);
#1865=VERTEX_POINT('',#6374);
#1866=VERTEX_POINT('',#6378);
#1867=VERTEX_POINT('',#6380);
#1868=VERTEX_POINT('',#6395);
#1869=VERTEX_POINT('',#6396);
#1870=VERTEX_POINT('',#6398);
#1871=VERTEX_POINT('',#6400);
#1872=VERTEX_POINT('',#6404);
#1873=VERTEX_POINT('',#6405);
#1874=VERTEX_POINT('',#6418);
#1875=VERTEX_POINT('',#6419);
#1876=VERTEX_POINT('',#6424);
#1877=VERTEX_POINT('',#6425);
#1878=VERTEX_POINT('',#6438);
#1879=VERTEX_POINT('',#6439);
#1880=VERTEX_POINT('',#6444);
#1881=VERTEX_POINT('',#6445);
#1882=VERTEX_POINT('',#6458);
#1883=VERTEX_POINT('',#6459);
#1884=VERTEX_POINT('',#6467);
#1885=VERTEX_POINT('',#6469);
#1886=VERTEX_POINT('',#6473);
#1887=VERTEX_POINT('',#6477);
#1888=VERTEX_POINT('',#6481);
#1889=VERTEX_POINT('',#6486);
#1890=VERTEX_POINT('',#6488);
#1891=VERTEX_POINT('',#6492);
#1892=VERTEX_POINT('',#6494);
#1893=VERTEX_POINT('',#6499);
#1894=VERTEX_POINT('',#6500);
#1895=VERTEX_POINT('',#6502);
#1896=VERTEX_POINT('',#6504);
#1897=VERTEX_POINT('',#6506);
#1898=VERTEX_POINT('',#6508);
#1899=VERTEX_POINT('',#6510);
#1900=VERTEX_POINT('',#6512);
#1901=VERTEX_POINT('',#6514);
#1902=VERTEX_POINT('',#6516);
#1903=VERTEX_POINT('',#6518);
#1904=VERTEX_POINT('',#6520);
#1905=VERTEX_POINT('',#6522);
#1906=VERTEX_POINT('',#6524);
#1907=VERTEX_POINT('',#6526);
#1908=VERTEX_POINT('',#6528);
#1909=VERTEX_POINT('',#6531);
#1910=VERTEX_POINT('',#6533);
#1911=VERTEX_POINT('',#6535);
#1912=VERTEX_POINT('',#6538);
#1913=VERTEX_POINT('',#6540);
#1914=VERTEX_POINT('',#6544);
#1915=VERTEX_POINT('',#6550);
#1916=VERTEX_POINT('',#6552);
#1917=VERTEX_POINT('',#6556);
#1918=VERTEX_POINT('',#6562);
#1919=VERTEX_POINT('',#6564);
#1920=VERTEX_POINT('',#6568);
#1921=VERTEX_POINT('',#6574);
#1922=VERTEX_POINT('',#6575);
#1923=VERTEX_POINT('',#6577);
#1924=VERTEX_POINT('',#6579);
#1925=VERTEX_POINT('',#6583);
#1926=VERTEX_POINT('',#6585);
#1927=VERTEX_POINT('',#6589);
#1928=VERTEX_POINT('',#6591);
#1929=VERTEX_POINT('',#6595);
#1930=VERTEX_POINT('',#6597);
#1931=VERTEX_POINT('',#6601);
#1932=VERTEX_POINT('',#6603);
#1933=VERTEX_POINT('',#6607);
#1934=VERTEX_POINT('',#6609);
#1935=VERTEX_POINT('',#6613);
#1936=VERTEX_POINT('',#6615);
#1937=VERTEX_POINT('',#6622);
#1938=VERTEX_POINT('',#6623);
#1939=VERTEX_POINT('',#6625);
#1940=VERTEX_POINT('',#6627);
#1941=VERTEX_POINT('',#6629);
#1942=VERTEX_POINT('',#6631);
#1943=VERTEX_POINT('',#6633);
#1944=VERTEX_POINT('',#6635);
#1945=VERTEX_POINT('',#6645);
#1946=VERTEX_POINT('',#6647);
#1947=VERTEX_POINT('',#6652);
#1948=VERTEX_POINT('',#6656);
#1949=VERTEX_POINT('',#6660);
#1950=VERTEX_POINT('',#6662);
#1951=VERTEX_POINT('',#6666);
#1952=VERTEX_POINT('',#6670);
#1953=VERTEX_POINT('',#6677);
#1954=VERTEX_POINT('',#6679);
#1955=VERTEX_POINT('',#6684);
#1956=VERTEX_POINT('',#6688);
#1957=VERTEX_POINT('',#6700);
#1958=VERTEX_POINT('',#6704);
#1959=VERTEX_POINT('',#6708);
#1960=VERTEX_POINT('',#6715);
#1961=VERTEX_POINT('',#6717);
#1962=VERTEX_POINT('',#6721);
#1963=VERTEX_POINT('',#6723);
#1964=VERTEX_POINT('',#6728);
#1965=VERTEX_POINT('',#6729);
#1966=VERTEX_POINT('',#6731);
#1967=VERTEX_POINT('',#6733);
#1968=VERTEX_POINT('',#6735);
#1969=VERTEX_POINT('',#6737);
#1970=VERTEX_POINT('',#6739);
#1971=VERTEX_POINT('',#6741);
#1972=VERTEX_POINT('',#6744);
#1973=VERTEX_POINT('',#6746);
#1974=VERTEX_POINT('',#6748);
#1975=VERTEX_POINT('',#6751);
#1976=VERTEX_POINT('',#6753);
#1977=VERTEX_POINT('',#6757);
#1978=VERTEX_POINT('',#6763);
#1979=VERTEX_POINT('',#6765);
#1980=VERTEX_POINT('',#6769);
#1981=VERTEX_POINT('',#6775);
#1982=VERTEX_POINT('',#6777);
#1983=VERTEX_POINT('',#6781);
#1984=VERTEX_POINT('',#6787);
#1985=VERTEX_POINT('',#6789);
#1986=VERTEX_POINT('',#6793);
#1987=VERTEX_POINT('',#6797);
#1988=VERTEX_POINT('',#6801);
#1989=VERTEX_POINT('',#6805);
#1990=VERTEX_POINT('',#6806);
#1991=VERTEX_POINT('',#6808);
#1992=VERTEX_POINT('',#6810);
#1993=VERTEX_POINT('',#6814);
#1994=VERTEX_POINT('',#6816);
#1995=VERTEX_POINT('',#6820);
#1996=VERTEX_POINT('',#6822);
#1997=VERTEX_POINT('',#6826);
#1998=VERTEX_POINT('',#6828);
#1999=VERTEX_POINT('',#6832);
#2000=VERTEX_POINT('',#6836);
#2001=VERTEX_POINT('',#6840);
#2002=VERTEX_POINT('',#6846);
#2003=VERTEX_POINT('',#6848);
#2004=VERTEX_POINT('',#6852);
#2005=VERTEX_POINT('',#6854);
#2006=VERTEX_POINT('',#6858);
#2007=VERTEX_POINT('',#6860);
#2008=VERTEX_POINT('',#6868);
#2009=VERTEX_POINT('',#6869);
#2010=VERTEX_POINT('',#6871);
#2011=VERTEX_POINT('',#6873);
#2012=VERTEX_POINT('',#6875);
#2013=VERTEX_POINT('',#6877);
#2014=VERTEX_POINT('',#6879);
#2015=VERTEX_POINT('',#6881);
#2016=VERTEX_POINT('',#6919);
#2017=VERTEX_POINT('',#6920);
#2018=VERTEX_POINT('',#6928);
#2019=VERTEX_POINT('',#6934);
#2020=VERTEX_POINT('',#6982);
#2021=VERTEX_POINT('',#6983);
#2022=VERTEX_POINT('',#7029);
#2023=VERTEX_POINT('',#7030);
#2024=VERTEX_POINT('',#7081);
#2025=VERTEX_POINT('',#7082);
#2026=VERTEX_POINT('',#7128);
#2027=VERTEX_POINT('',#7129);
#2028=VERTEX_POINT('',#7180);
#2029=VERTEX_POINT('',#7181);
#2030=VERTEX_POINT('',#7227);
#2031=VERTEX_POINT('',#7228);
#2032=EDGE_CURVE('',#1666,#1667,#932,.T.);
#2033=EDGE_CURVE('',#1668,#1666,#933,.T.);
#2034=EDGE_CURVE('',#1669,#1668,#934,.T.);
#2035=EDGE_CURVE('',#1667,#1669,#935,.T.);
#2036=EDGE_CURVE('',#1670,#1671,#936,.T.);
#2037=EDGE_CURVE('',#1672,#1671,#937,.T.);
#2038=EDGE_CURVE('',#1672,#1666,#938,.T.);
#2039=EDGE_CURVE('',#1673,#1667,#939,.T.);
#2040=EDGE_CURVE('',#1670,#1673,#940,.T.);
#2041=EDGE_CURVE('',#1674,#1675,#941,.T.);
#2042=EDGE_CURVE('',#1675,#1676,#942,.T.);
#2043=EDGE_CURVE('',#1676,#1677,#943,.T.);
#2044=EDGE_CURVE('',#1677,#1678,#944,.T.);
#2045=EDGE_CURVE('',#1679,#1678,#945,.T.);
#2046=EDGE_CURVE('',#1668,#1679,#946,.T.);
#2047=EDGE_CURVE('',#1680,#1666,#947,.T.);
#2048=EDGE_CURVE('',#1681,#1680,#948,.T.);
#2049=EDGE_CURVE('',#1674,#1681,#949,.T.);
#2050=EDGE_CURVE('',#1682,#1669,#950,.T.);
#2051=EDGE_CURVE('',#1673,#1682,#951,.T.);
#2052=EDGE_CURVE('',#1683,#1668,#952,.T.);
#2053=EDGE_CURVE('',#1684,#1683,#953,.T.);
#2054=EDGE_CURVE('',#1685,#1684,#954,.T.);
#2055=EDGE_CURVE('',#1682,#1685,#955,.T.);
#2056=EDGE_CURVE('',#1686,#1670,#956,.T.);
#2057=EDGE_CURVE('',#1687,#1686,#957,.T.);
#2058=EDGE_CURVE('',#1671,#1687,#958,.T.);
#2059=EDGE_CURVE('',#1685,#1670,#959,.T.);
#2060=EDGE_CURVE('',#1688,#1671,#149,.T.);
#2061=EDGE_CURVE('',#1689,#1688,#960,.T.);
#2062=EDGE_CURVE('',#1689,#1672,#150,.T.);
#2063=EDGE_CURVE('',#1680,#1690,#961,.T.);
#2064=EDGE_CURVE('',#1690,#1672,#962,.T.);
#2065=EDGE_CURVE('',#1691,#1692,#963,.T.);
#2066=EDGE_CURVE('',#1692,#1675,#964,.T.);
#2067=EDGE_CURVE('',#1680,#1693,#965,.T.);
#2068=EDGE_CURVE('',#1694,#1693,#966,.T.);
#2069=EDGE_CURVE('',#1695,#1694,#151,.T.);
#2070=EDGE_CURVE('',#1696,#1695,#967,.T.);
#2071=EDGE_CURVE('',#1696,#1691,#152,.T.);
#2072=EDGE_CURVE('',#1675,#1697,#968,.T.);
#2073=EDGE_CURVE('',#1697,#1698,#969,.T.);
#2074=EDGE_CURVE('',#1698,#1699,#970,.T.);
#2075=EDGE_CURVE('',#1699,#1700,#971,.T.);
#2076=EDGE_CURVE('',#1700,#1701,#972,.T.);
#2077=EDGE_CURVE('',#1701,#1702,#973,.T.);
#2078=EDGE_CURVE('',#1702,#1703,#974,.T.);
#2079=EDGE_CURVE('',#1703,#1704,#975,.T.);
#2080=EDGE_CURVE('',#1705,#1704,#976,.T.);
#2081=EDGE_CURVE('',#1705,#1706,#977,.T.);
#2082=EDGE_CURVE('',#1706,#1676,#978,.T.);
#2083=EDGE_CURVE('',#1707,#1708,#979,.T.);
#2084=EDGE_CURVE('',#1709,#1707,#980,.T.);
#2085=EDGE_CURVE('',#1708,#1709,#981,.T.);
#2086=EDGE_CURVE('',#1710,#1711,#982,.T.);
#2087=EDGE_CURVE('',#1712,#1711,#153,.T.);
#2088=EDGE_CURVE('',#1712,#1713,#983,.T.);
#2089=EDGE_CURVE('',#1713,#1714,#154,.T.);
#2090=EDGE_CURVE('',#1715,#1714,#984,.T.);
#2091=EDGE_CURVE('',#1715,#1679,#985,.T.);
#2092=EDGE_CURVE('',#1676,#1710,#986,.T.);
#2093=EDGE_CURVE('',#1683,#1716,#987,.T.);
#2094=EDGE_CURVE('',#1716,#1679,#988,.T.);
#2095=EDGE_CURVE('',#1685,#1717,#989,.T.);
#2096=EDGE_CURVE('',#1718,#1684,#990,.T.);
#2097=EDGE_CURVE('',#1717,#1718,#991,.T.);
#2098=EDGE_CURVE('',#1683,#1719,#155,.T.);
#2099=EDGE_CURVE('',#1719,#1720,#992,.T.);
#2100=EDGE_CURVE('',#1684,#1720,#156,.T.);
#2101=EDGE_CURVE('',#1721,#1701,#993,.T.);
#2102=EDGE_CURVE('',#1721,#1722,#994,.T.);
#2103=EDGE_CURVE('',#1722,#1686,#995,.T.);
#2104=EDGE_CURVE('',#1717,#1723,#996,.T.);
#2105=EDGE_CURVE('',#1724,#1723,#997,.T.);
#2106=EDGE_CURVE('',#1702,#1724,#998,.T.);
#2107=EDGE_CURVE('',#1725,#1688,#999,.T.);
#2108=EDGE_CURVE('',#1725,#1687,#1000,.T.);
#2109=EDGE_CURVE('',#1686,#1726,#1001,.T.);
#2110=EDGE_CURVE('',#1726,#1725,#1002,.T.);
#2111=EDGE_CURVE('',#1727,#1690,#1003,.T.);
#2112=EDGE_CURVE('',#1689,#1727,#1004,.T.);
#2113=EDGE_CURVE('',#1728,#1726,#1005,.T.);
#2114=EDGE_CURVE('',#1694,#1728,#1006,.T.);
#2115=EDGE_CURVE('',#1727,#1693,#1007,.T.);
#2116=EDGE_CURVE('',#1729,#1730,#1008,.T.);
#2117=EDGE_CURVE('',#1730,#1731,#1009,.T.);
#2118=EDGE_CURVE('',#1731,#1732,#1010,.T.);
#2119=EDGE_CURVE('',#1733,#1732,#1011,.T.);
#2120=EDGE_CURVE('',#1733,#1734,#1012,.T.);
#2121=EDGE_CURVE('',#1734,#1692,#1013,.T.);
#2122=EDGE_CURVE('',#1691,#1729,#1014,.T.);
#2123=EDGE_CURVE('',#1696,#1735,#1015,.T.);
#2124=EDGE_CURVE('',#1735,#1729,#157,.T.);
#2125=EDGE_CURVE('',#1697,#1734,#1016,.T.);
#2126=EDGE_CURVE('',#1695,#1736,#1017,.T.);
#2127=EDGE_CURVE('',#1735,#1736,#1018,.T.);
#2128=EDGE_CURVE('',#1736,#1728,#158,.T.);
#2129=EDGE_CURVE('',#1698,#1733,#159,.T.);
#2130=EDGE_CURVE('',#1699,#1732,#160,.T.);
#2131=EDGE_CURVE('',#1700,#1731,#1019,.T.);
#2132=EDGE_CURVE('',#1730,#1701,#1020,.T.);
#2133=EDGE_CURVE('',#1702,#1737,#1021,.T.);
#2134=EDGE_CURVE('',#1738,#1737,#1022,.T.);
#2135=EDGE_CURVE('',#1703,#1738,#1023,.T.);
#2136=EDGE_CURVE('',#1739,#1738,#1024,.T.);
#2137=EDGE_CURVE('',#1739,#1704,#161,.T.);
#2138=EDGE_CURVE('',#1740,#1739,#1025,.T.);
#2139=EDGE_CURVE('',#1740,#1705,#162,.T.);
#2140=EDGE_CURVE('',#1741,#1740,#1026,.T.);
#2141=EDGE_CURVE('',#1706,#1741,#1027,.T.);
#2142=EDGE_CURVE('',#1710,#1741,#1028,.T.);
#2143=EDGE_CURVE('',#1742,#1707,#1029,.T.);
#2144=EDGE_CURVE('',#1743,#1708,#1030,.T.);
#2145=EDGE_CURVE('',#1742,#1743,#1031,.T.);
#2146=EDGE_CURVE('',#1744,#1709,#1032,.T.);
#2147=EDGE_CURVE('',#1744,#1742,#1033,.T.);
#2148=EDGE_CURVE('',#1743,#1744,#1034,.T.);
#2149=EDGE_CURVE('',#1737,#1745,#1035,.T.);
#2150=EDGE_CURVE('',#1711,#1745,#1036,.T.);
#2151=EDGE_CURVE('',#1746,#1745,#163,.T.);
#2152=EDGE_CURVE('',#1712,#1746,#1037,.T.);
#2153=EDGE_CURVE('',#1746,#1747,#1038,.T.);
#2154=EDGE_CURVE('',#1713,#1747,#1039,.T.);
#2155=EDGE_CURVE('',#1747,#1748,#164,.T.);
#2156=EDGE_CURVE('',#1714,#1748,#1040,.T.);
#2157=EDGE_CURVE('',#1749,#1748,#1041,.T.);
#2158=EDGE_CURVE('',#1750,#1749,#1042,.T.);
#2159=EDGE_CURVE('',#1720,#1750,#1043,.T.);
#2160=EDGE_CURVE('',#1751,#1719,#1044,.T.);
#2161=EDGE_CURVE('',#1715,#1751,#1045,.T.);
#2162=EDGE_CURVE('',#1751,#1716,#1046,.T.);
#2163=EDGE_CURVE('',#1749,#1717,#1047,.T.);
#2164=EDGE_CURVE('',#1750,#1718,#1048,.T.);
#2165=EDGE_CURVE('',#1752,#1753,#1049,.T.);
#2166=EDGE_CURVE('',#1753,#1754,#1050,.T.);
#2167=EDGE_CURVE('',#1755,#1754,#1051,.T.);
#2168=EDGE_CURVE('',#1752,#1755,#1052,.T.);
#2169=EDGE_CURVE('',#1756,#1757,#1053,.T.);
#2170=EDGE_CURVE('',#1758,#1757,#165,.T.);
#2171=EDGE_CURVE('',#1759,#1758,#1054,.T.);
#2172=EDGE_CURVE('',#1759,#1760,#1055,.T.);
#2173=EDGE_CURVE('',#1760,#1761,#1056,.T.);
#2174=EDGE_CURVE('',#1761,#1762,#166,.T.);
#2175=EDGE_CURVE('',#1763,#1762,#1057,.T.);
#2176=EDGE_CURVE('',#1753,#1763,#167,.T.);
#2177=EDGE_CURVE('',#1752,#1756,#168,.T.);
#2178=EDGE_CURVE('',#1755,#1764,#169,.T.);
#2179=EDGE_CURVE('',#1756,#1764,#1058,.T.);
#2180=EDGE_CURVE('',#1763,#1765,#1059,.T.);
#2181=EDGE_CURVE('',#1754,#1765,#170,.T.);
#2182=EDGE_CURVE('',#1764,#1766,#1060,.T.);
#2183=EDGE_CURVE('',#1765,#1767,#1061,.T.);
#2184=EDGE_CURVE('',#1768,#1767,#171,.T.);
#2185=EDGE_CURVE('',#1769,#1768,#1062,.T.);
#2186=EDGE_CURVE('',#1770,#1769,#1063,.T.);
#2187=EDGE_CURVE('',#1770,#1771,#1064,.T.);
#2188=EDGE_CURVE('',#1771,#1766,#172,.T.);
#2189=EDGE_CURVE('',#1757,#1766,#1065,.T.);
#2190=EDGE_CURVE('',#1758,#1771,#1066,.T.);
#2191=EDGE_CURVE('',#1758,#1772,#1067,.T.);
#2192=EDGE_CURVE('',#1772,#1773,#1068,.T.);
#2193=EDGE_CURVE('',#1773,#1774,#1069,.T.);
#2194=EDGE_CURVE('',#1775,#1774,#1070,.T.);
#2195=EDGE_CURVE('',#1761,#1775,#1071,.T.);
#2196=EDGE_CURVE('',#1762,#1767,#1072,.T.);
#2197=EDGE_CURVE('',#1761,#1768,#1073,.T.);
#2198=EDGE_CURVE('',#1768,#1776,#1074,.T.);
#2199=EDGE_CURVE('',#1776,#1777,#1075,.T.);
#2200=EDGE_CURVE('',#1778,#1777,#1076,.T.);
#2201=EDGE_CURVE('',#1779,#1778,#1077,.T.);
#2202=EDGE_CURVE('',#1771,#1779,#1078,.T.);
#2203=EDGE_CURVE('',#1772,#1779,#1079,.T.);
#2204=EDGE_CURVE('',#1780,#1781,#1080,.T.);
#2205=EDGE_CURVE('',#1782,#1781,#173,.T.);
#2206=EDGE_CURVE('',#1782,#1783,#1081,.T.);
#2207=EDGE_CURVE('',#1783,#1784,#174,.T.);
#2208=EDGE_CURVE('',#1785,#1784,#1082,.T.);
#2209=EDGE_CURVE('',#1775,#1785,#175,.T.);
#2210=EDGE_CURVE('',#1772,#1780,#176,.T.);
#2211=EDGE_CURVE('',#1775,#1786,#1083,.T.);
#2212=EDGE_CURVE('',#1787,#1786,#1084,.T.);
#2213=EDGE_CURVE('',#1761,#1787,#1085,.T.);
#2214=EDGE_CURVE('',#1787,#1788,#1086,.T.);
#2215=EDGE_CURVE('',#1768,#1788,#1087,.T.);
#2216=EDGE_CURVE('',#1789,#1790,#1088,.T.);
#2217=EDGE_CURVE('',#1779,#1789,#177,.T.);
#2218=EDGE_CURVE('',#1776,#1791,#178,.T.);
#2219=EDGE_CURVE('',#1791,#1792,#1089,.T.);
#2220=EDGE_CURVE('',#1793,#1792,#179,.T.);
#2221=EDGE_CURVE('',#1794,#1793,#1090,.T.);
#2222=EDGE_CURVE('',#1794,#1790,#180,.T.);
#2223=EDGE_CURVE('',#1788,#1795,#1091,.T.);
#2224=EDGE_CURVE('',#1776,#1795,#1092,.T.);
#2225=EDGE_CURVE('',#1780,#1789,#1093,.T.);
#2226=EDGE_CURVE('',#1781,#1790,#1094,.T.);
#2227=EDGE_CURVE('',#1782,#1794,#1095,.T.);
#2228=EDGE_CURVE('',#1783,#1793,#1096,.T.);
#2229=EDGE_CURVE('',#1784,#1792,#1097,.T.);
#2230=EDGE_CURVE('',#1785,#1791,#1098,.T.);
#2231=EDGE_CURVE('',#1775,#1776,#1099,.T.);
#2232=EDGE_CURVE('',#1786,#1795,#1100,.T.);
#2233=EDGE_CURVE('',#1796,#1797,#1101,.T.);
#2234=EDGE_CURVE('',#1797,#1798,#181,.T.);
#2235=EDGE_CURVE('',#1799,#1798,#1102,.T.);
#2236=EDGE_CURVE('',#1796,#1799,#182,.T.);
#2237=EDGE_CURVE('',#1800,#1801,#1103,.T.);
#2238=EDGE_CURVE('',#1801,#1797,#1104,.T.);
#2239=EDGE_CURVE('',#1800,#1796,#1105,.T.);
#2240=EDGE_CURVE('',#1798,#1802,#1106,.T.);
#2241=EDGE_CURVE('',#1803,#1802,#1107,.T.);
#2242=EDGE_CURVE('',#1799,#1803,#1108,.T.);
#2243=EDGE_CURVE('',#1803,#1804,#183,.T.);
#2244=EDGE_CURVE('',#1804,#1805,#1109,.T.);
#2245=EDGE_CURVE('',#1805,#1806,#184,.T.);
#2246=EDGE_CURVE('',#1806,#1807,#1110,.T.);
#2247=EDGE_CURVE('',#1807,#1800,#185,.T.);
#2248=EDGE_CURVE('',#1808,#1808,#186,.T.);
#2249=EDGE_CURVE('',#1809,#1809,#187,.T.);
#2250=EDGE_CURVE('',#1810,#1810,#188,.T.);
#2251=EDGE_CURVE('',#1811,#1811,#189,.T.);
#2252=EDGE_CURVE('',#1812,#1812,#190,.T.);
#2253=EDGE_CURVE('',#1813,#1813,#191,.T.);
#2254=EDGE_CURVE('',#1814,#1814,#192,.T.);
#2255=EDGE_CURVE('',#1815,#1815,#193,.T.);
#2256=EDGE_CURVE('',#1816,#1816,#194,.T.);
#2257=EDGE_CURVE('',#1817,#1817,#195,.T.);
#2258=EDGE_CURVE('',#1818,#1818,#196,.T.);
#2259=EDGE_CURVE('',#1819,#1819,#197,.T.);
#2260=EDGE_CURVE('',#1820,#1820,#198,.T.);
#2261=EDGE_CURVE('',#1821,#1821,#199,.T.);
#2262=EDGE_CURVE('',#1822,#1822,#200,.T.);
#2263=EDGE_CURVE('',#1823,#1823,#201,.T.);
#2264=EDGE_CURVE('',#1824,#1824,#202,.T.);
#2265=EDGE_CURVE('',#1825,#1825,#203,.T.);
#2266=EDGE_CURVE('',#1826,#1826,#204,.T.);
#2267=EDGE_CURVE('',#1827,#1827,#205,.T.);
#2268=EDGE_CURVE('',#1828,#1801,#206,.T.);
#2269=EDGE_CURVE('',#1829,#1828,#1111,.T.);
#2270=EDGE_CURVE('',#1830,#1829,#207,.T.);
#2271=EDGE_CURVE('',#1831,#1830,#1112,.T.);
#2272=EDGE_CURVE('',#1802,#1831,#208,.T.);
#2273=EDGE_CURVE('',#1832,#1832,#209,.T.);
#2274=EDGE_CURVE('',#1833,#1833,#210,.T.);
#2275=EDGE_CURVE('',#1834,#1834,#211,.T.);
#2276=EDGE_CURVE('',#1835,#1835,#212,.T.);
#2277=EDGE_CURVE('',#1836,#1836,#213,.T.);
#2278=EDGE_CURVE('',#1837,#1837,#214,.T.);
#2279=EDGE_CURVE('',#1838,#1838,#215,.T.);
#2280=EDGE_CURVE('',#1839,#1839,#216,.T.);
#2281=EDGE_CURVE('',#1840,#1840,#217,.T.);
#2282=EDGE_CURVE('',#1841,#1841,#218,.T.);
#2283=EDGE_CURVE('',#1842,#1842,#219,.T.);
#2284=EDGE_CURVE('',#1843,#1843,#220,.T.);
#2285=EDGE_CURVE('',#1844,#1844,#221,.T.);
#2286=EDGE_CURVE('',#1845,#1845,#222,.T.);
#2287=EDGE_CURVE('',#1846,#1846,#223,.T.);
#2288=EDGE_CURVE('',#1847,#1847,#224,.T.);
#2289=EDGE_CURVE('',#1848,#1848,#225,.T.);
#2290=EDGE_CURVE('',#1849,#1849,#226,.T.);
#2291=EDGE_CURVE('',#1850,#1850,#227,.T.);
#2292=EDGE_CURVE('',#1851,#1851,#228,.T.);
#2293=EDGE_CURVE('',#1807,#1828,#1113,.T.);
#2294=EDGE_CURVE('',#1804,#1831,#1114,.T.);
#2295=EDGE_CURVE('',#1806,#1829,#1115,.T.);
#2296=EDGE_CURVE('',#1805,#1830,#1116,.T.);
#2297=EDGE_CURVE('',#1832,#1808,#1117,.T.);
#2298=EDGE_CURVE('',#1833,#1809,#1118,.T.);
#2299=EDGE_CURVE('',#1834,#1810,#1119,.T.);
#2300=EDGE_CURVE('',#1835,#1811,#1120,.T.);
#2301=EDGE_CURVE('',#1836,#1812,#1121,.T.);
#2302=EDGE_CURVE('',#1837,#1813,#1122,.T.);
#2303=EDGE_CURVE('',#1838,#1814,#1123,.T.);
#2304=EDGE_CURVE('',#1839,#1815,#1124,.T.);
#2305=EDGE_CURVE('',#1840,#1816,#1125,.T.);
#2306=EDGE_CURVE('',#1841,#1817,#1126,.T.);
#2307=EDGE_CURVE('',#1842,#1818,#1127,.T.);
#2308=EDGE_CURVE('',#1843,#1819,#1128,.T.);
#2309=EDGE_CURVE('',#1844,#1820,#1129,.T.);
#2310=EDGE_CURVE('',#1845,#1821,#1130,.T.);
#2311=EDGE_CURVE('',#1846,#1822,#1131,.T.);
#2312=EDGE_CURVE('',#1847,#1823,#1132,.T.);
#2313=EDGE_CURVE('',#1848,#1824,#1133,.T.);
#2314=EDGE_CURVE('',#1849,#1825,#1134,.T.);
#2315=EDGE_CURVE('',#1850,#1826,#1135,.T.);
#2316=EDGE_CURVE('',#1851,#1827,#1136,.T.);
#2317=EDGE_CURVE('',#1852,#1853,#1137,.T.);
#2318=EDGE_CURVE('',#1854,#1852,#1138,.T.);
#2319=EDGE_CURVE('',#1855,#1854,#1139,.T.);
#2320=EDGE_CURVE('',#1855,#1853,#1140,.T.);
#2321=EDGE_CURVE('',#1853,#1856,#1141,.T.);
#2322=EDGE_CURVE('',#1857,#1855,#1142,.T.);
#2323=EDGE_CURVE('',#1856,#1857,#1143,.T.);
#2324=EDGE_CURVE('',#1856,#1858,#1144,.T.);
#2325=EDGE_CURVE('',#1859,#1857,#1145,.T.);
#2326=EDGE_CURVE('',#1859,#1858,#1146,.T.);
#2327=EDGE_CURVE('',#1858,#1852,#1147,.T.);
#2328=EDGE_CURVE('',#1854,#1859,#1148,.T.);
#2329=EDGE_CURVE('',#1860,#1861,#1149,.T.);
#2330=EDGE_CURVE('',#1862,#1860,#1150,.T.);
#2331=EDGE_CURVE('',#1863,#1862,#1151,.T.);
#2332=EDGE_CURVE('',#1863,#1861,#1152,.T.);
#2333=EDGE_CURVE('',#1861,#1864,#1153,.T.);
#2334=EDGE_CURVE('',#1865,#1863,#1154,.T.);
#2335=EDGE_CURVE('',#1864,#1865,#1155,.T.);
#2336=EDGE_CURVE('',#1864,#1866,#1156,.T.);
#2337=EDGE_CURVE('',#1867,#1865,#1157,.T.);
#2338=EDGE_CURVE('',#1867,#1866,#1158,.T.);
#2339=EDGE_CURVE('',#1866,#1860,#1159,.T.);
#2340=EDGE_CURVE('',#1862,#1867,#1160,.T.);
#2341=EDGE_CURVE('',#1868,#1869,#229,.T.);
#2342=EDGE_CURVE('',#1869,#1870,#230,.T.);
#2343=EDGE_CURVE('',#1870,#1871,#231,.T.);
#2344=EDGE_CURVE('',#1871,#1868,#232,.T.);
#2345=EDGE_CURVE('',#1872,#1873,#233,.T.);
#2346=EDGE_CURVE('',#1873,#1871,#1161,.T.);
#2347=EDGE_CURVE('',#1870,#1872,#1162,.T.);
#2348=EDGE_CURVE('',#1874,#1875,#234,.T.);
#2349=EDGE_CURVE('',#1875,#1873,#235,.T.);
#2350=EDGE_CURVE('',#1872,#1874,#236,.T.);
#2351=EDGE_CURVE('',#1876,#1877,#237,.T.);
#2352=EDGE_CURVE('',#1877,#1875,#1163,.T.);
#2353=EDGE_CURVE('',#1874,#1876,#1164,.T.);
#2354=EDGE_CURVE('',#1878,#1879,#238,.T.);
#2355=EDGE_CURVE('',#1879,#1877,#239,.T.);
#2356=EDGE_CURVE('',#1876,#1878,#240,.T.);
#2357=EDGE_CURVE('',#1880,#1881,#241,.T.);
#2358=EDGE_CURVE('',#1881,#1879,#1165,.T.);
#2359=EDGE_CURVE('',#1878,#1880,#1166,.T.);
#2360=EDGE_CURVE('',#1882,#1883,#242,.T.);
#2361=EDGE_CURVE('',#1883,#1881,#243,.T.);
#2362=EDGE_CURVE('',#1880,#1882,#244,.T.);
#2363=EDGE_CURVE('',#1882,#1869,#1167,.T.);
#2364=EDGE_CURVE('',#1868,#1883,#1168,.T.);
#2365=EDGE_CURVE('',#1881,#1884,#1169,.T.);
#2366=EDGE_CURVE('',#1885,#1884,#1170,.T.);
#2367=EDGE_CURVE('',#1879,#1885,#1171,.T.);
#2368=EDGE_CURVE('',#1883,#1886,#1172,.T.);
#2369=EDGE_CURVE('',#1884,#1886,#245,.T.);
#2370=EDGE_CURVE('',#1868,#1887,#1173,.T.);
#2371=EDGE_CURVE('',#1886,#1887,#1174,.T.);
#2372=EDGE_CURVE('',#1871,#1888,#1175,.T.);
#2373=EDGE_CURVE('',#1887,#1888,#246,.T.);
#2374=EDGE_CURVE('',#1889,#1889,#247,.T.);
#2375=EDGE_CURVE('',#1889,#1890,#1176,.T.);
#2376=EDGE_CURVE('',#1890,#1890,#248,.T.);
#2377=EDGE_CURVE('',#1891,#1891,#249,.T.);
#2378=EDGE_CURVE('',#1891,#1892,#1177,.T.);
#2379=EDGE_CURVE('',#1892,#1892,#250,.T.);
#2380=EDGE_CURVE('',#1893,#1894,#1178,.T.);
#2381=EDGE_CURVE('',#1895,#1894,#1179,.T.);
#2382=EDGE_CURVE('',#1895,#1896,#1180,.T.);
#2383=EDGE_CURVE('',#1896,#1897,#1181,.T.);
#2384=EDGE_CURVE('',#1897,#1898,#1182,.T.);
#2385=EDGE_CURVE('',#1899,#1898,#1183,.T.);
#2386=EDGE_CURVE('',#1899,#1900,#251,.T.);
#2387=EDGE_CURVE('',#1901,#1900,#1184,.T.);
#2388=EDGE_CURVE('',#1901,#1902,#252,.T.);
#2389=EDGE_CURVE('',#1903,#1902,#1185,.T.);
#2390=EDGE_CURVE('',#1903,#1904,#253,.T.);
#2391=EDGE_CURVE('',#1905,#1904,#1186,.T.);
#2392=EDGE_CURVE('',#1905,#1906,#254,.T.);
#2393=EDGE_CURVE('',#1907,#1906,#1187,.T.);
#2394=EDGE_CURVE('',#1907,#1908,#1188,.T.);
#2395=EDGE_CURVE('',#1908,#1893,#1189,.T.);
#2396=EDGE_CURVE('',#1909,#1909,#255,.T.);
#2397=EDGE_CURVE('',#1910,#1910,#256,.T.);
#2398=EDGE_CURVE('',#1911,#1911,#257,.T.);
#2399=EDGE_CURVE('',#1912,#1912,#258,.T.);
#2400=EDGE_CURVE('',#1912,#1913,#1190,.T.);
#2401=EDGE_CURVE('',#1913,#1913,#259,.T.);
#2402=EDGE_CURVE('',#1914,#1914,#260,.T.);
#2403=EDGE_CURVE('',#1914,#1909,#1191,.T.);
#2404=EDGE_CURVE('',#1915,#1915,#261,.T.);
#2405=EDGE_CURVE('',#1915,#1916,#1192,.T.);
#2406=EDGE_CURVE('',#1916,#1916,#262,.T.);
#2407=EDGE_CURVE('',#1917,#1917,#263,.T.);
#2408=EDGE_CURVE('',#1917,#1911,#1193,.T.);
#2409=EDGE_CURVE('',#1918,#1918,#264,.T.);
#2410=EDGE_CURVE('',#1918,#1919,#1194,.T.);
#2411=EDGE_CURVE('',#1919,#1919,#265,.T.);
#2412=EDGE_CURVE('',#1920,#1920,#266,.T.);
#2413=EDGE_CURVE('',#1920,#1910,#1195,.T.);
#2414=EDGE_CURVE('',#1921,#1922,#1196,.T.);
#2415=EDGE_CURVE('',#1923,#1921,#1197,.T.);
#2416=EDGE_CURVE('',#1923,#1924,#1198,.T.);
#2417=EDGE_CURVE('',#1924,#1922,#1199,.T.);
#2418=EDGE_CURVE('',#1922,#1925,#267,.T.);
#2419=EDGE_CURVE('',#1926,#1924,#268,.T.);
#2420=EDGE_CURVE('',#1926,#1925,#1200,.T.);
#2421=EDGE_CURVE('',#1925,#1927,#1201,.T.);
#2422=EDGE_CURVE('',#1926,#1928,#1202,.T.);
#2423=EDGE_CURVE('',#1928,#1927,#1203,.T.);
#2424=EDGE_CURVE('',#1927,#1929,#269,.T.);
#2425=EDGE_CURVE('',#1930,#1928,#270,.T.);
#2426=EDGE_CURVE('',#1930,#1929,#1204,.T.);
#2427=EDGE_CURVE('',#1929,#1931,#1205,.T.);
#2428=EDGE_CURVE('',#1930,#1932,#1206,.T.);
#2429=EDGE_CURVE('',#1932,#1931,#1207,.T.);
#2430=EDGE_CURVE('',#1931,#1933,#271,.T.);
#2431=EDGE_CURVE('',#1934,#1932,#272,.T.);
#2432=EDGE_CURVE('',#1934,#1933,#1208,.T.);
#2433=EDGE_CURVE('',#1933,#1935,#1209,.T.);
#2434=EDGE_CURVE('',#1934,#1936,#1210,.T.);
#2435=EDGE_CURVE('',#1936,#1935,#1211,.T.);
#2436=EDGE_CURVE('',#1935,#1921,#273,.T.);
#2437=EDGE_CURVE('',#1923,#1936,#274,.T.);
#2438=EDGE_CURVE('',#1937,#1938,#1212,.T.);
#2439=EDGE_CURVE('',#1939,#1937,#275,.T.);
#2440=EDGE_CURVE('',#1940,#1939,#1213,.T.);
#2441=EDGE_CURVE('',#1941,#1940,#276,.T.);
#2442=EDGE_CURVE('',#1942,#1941,#1214,.T.);
#2443=EDGE_CURVE('',#1943,#1942,#277,.T.);
#2444=EDGE_CURVE('',#1944,#1943,#1215,.T.);
#2445=EDGE_CURVE('',#1938,#1944,#278,.T.);
#2446=EDGE_CURVE('',#1901,#1941,#1216,.T.);
#2447=EDGE_CURVE('',#1900,#1942,#1217,.T.);
#2448=EDGE_CURVE('',#1902,#1940,#1218,.T.);
#2449=EDGE_CURVE('',#1903,#1939,#1219,.T.);
#2450=EDGE_CURVE('',#1945,#1945,#279,.T.);
#2451=EDGE_CURVE('',#1946,#1946,#280,.T.);
#2452=EDGE_CURVE('',#1904,#1937,#1220,.T.);
#2453=EDGE_CURVE('',#1947,#1947,#281,.T.);
#2454=EDGE_CURVE('',#1947,#1946,#1221,.T.);
#2455=EDGE_CURVE('',#1948,#1948,#282,.T.);
#2456=EDGE_CURVE('',#1948,#1945,#1222,.T.);
#2457=EDGE_CURVE('',#1894,#1949,#1223,.T.);
#2458=EDGE_CURVE('',#1893,#1950,#1224,.T.);
#2459=EDGE_CURVE('',#1949,#1950,#1225,.T.);
#2460=EDGE_CURVE('',#1908,#1951,#1226,.T.);
#2461=EDGE_CURVE('',#1950,#1951,#1227,.T.);
#2462=EDGE_CURVE('',#1952,#1907,#1228,.T.);
#2463=EDGE_CURVE('',#1951,#1952,#1229,.T.);
#2464=EDGE_CURVE('',#1949,#1952,#1230,.T.);
#2465=EDGE_CURVE('',#1899,#1943,#1231,.T.);
#2466=EDGE_CURVE('',#1898,#1953,#1232,.T.);
#2467=EDGE_CURVE('',#1953,#1954,#1233,.T.);
#2468=EDGE_CURVE('',#1954,#1895,#1234,.T.);
#2469=EDGE_CURVE('',#1906,#1944,#1235,.T.);
#2470=EDGE_CURVE('',#1955,#1954,#1236,.T.);
#2471=EDGE_CURVE('',#1896,#1955,#1237,.T.);
#2472=EDGE_CURVE('',#1953,#1956,#1238,.T.);
#2473=EDGE_CURVE('',#1956,#1955,#1239,.T.);
#2474=EDGE_CURVE('',#1897,#1956,#1240,.T.);
#2475=EDGE_CURVE('',#1905,#1938,#1241,.T.);
#2476=EDGE_CURVE('',#1957,#1885,#283,.T.);
#2477=EDGE_CURVE('',#1877,#1957,#1242,.T.);
#2478=EDGE_CURVE('',#1958,#1957,#1243,.T.);
#2479=EDGE_CURVE('',#1875,#1958,#1244,.T.);
#2480=EDGE_CURVE('',#1959,#1958,#284,.T.);
#2481=EDGE_CURVE('',#1873,#1959,#1245,.T.);
#2482=EDGE_CURVE('',#1888,#1959,#1246,.T.);
#2483=EDGE_CURVE('',#1960,#1960,#285,.T.);
#2484=EDGE_CURVE('',#1960,#1961,#1247,.T.);
#2485=EDGE_CURVE('',#1961,#1961,#286,.T.);
#2486=EDGE_CURVE('',#1962,#1962,#287,.T.);
#2487=EDGE_CURVE('',#1962,#1963,#1248,.T.);
#2488=EDGE_CURVE('',#1963,#1963,#288,.T.);
#2489=EDGE_CURVE('',#1964,#1965,#289,.T.);
#2490=EDGE_CURVE('',#1965,#1966,#1249,.T.);
#2491=EDGE_CURVE('',#1966,#1967,#290,.T.);
#2492=EDGE_CURVE('',#1967,#1968,#1250,.T.);
#2493=EDGE_CURVE('',#1968,#1969,#291,.T.);
#2494=EDGE_CURVE('',#1969,#1970,#1251,.T.);
#2495=EDGE_CURVE('',#1970,#1971,#292,.T.);
#2496=EDGE_CURVE('',#1971,#1964,#1252,.T.);
#2497=EDGE_CURVE('',#1972,#1972,#293,.T.);
#2498=EDGE_CURVE('',#1973,#1973,#294,.T.);
#2499=EDGE_CURVE('',#1974,#1974,#295,.T.);
#2500=EDGE_CURVE('',#1975,#1975,#296,.T.);
#2501=EDGE_CURVE('',#1975,#1976,#1253,.T.);
#2502=EDGE_CURVE('',#1976,#1976,#297,.T.);
#2503=EDGE_CURVE('',#1977,#1977,#298,.T.);
#2504=EDGE_CURVE('',#1977,#1972,#1254,.T.);
#2505=EDGE_CURVE('',#1978,#1978,#299,.T.);
#2506=EDGE_CURVE('',#1978,#1979,#1255,.T.);
#2507=EDGE_CURVE('',#1979,#1979,#300,.T.);
#2508=EDGE_CURVE('',#1980,#1980,#301,.T.);
#2509=EDGE_CURVE('',#1980,#1974,#1256,.T.);
#2510=EDGE_CURVE('',#1981,#1981,#302,.T.);
#2511=EDGE_CURVE('',#1981,#1982,#1257,.T.);
#2512=EDGE_CURVE('',#1982,#1982,#303,.T.);
#2513=EDGE_CURVE('',#1983,#1983,#304,.T.);
#2514=EDGE_CURVE('',#1983,#1973,#1258,.T.);
#2515=EDGE_CURVE('',#1967,#1984,#1259,.T.);
#2516=EDGE_CURVE('',#1985,#1984,#1260,.T.);
#2517=EDGE_CURVE('',#1968,#1985,#1261,.T.);
#2518=EDGE_CURVE('',#1966,#1986,#1262,.T.);
#2519=EDGE_CURVE('',#1984,#1986,#305,.T.);
#2520=EDGE_CURVE('',#1965,#1987,#1263,.T.);
#2521=EDGE_CURVE('',#1986,#1987,#1264,.T.);
#2522=EDGE_CURVE('',#1964,#1988,#1265,.T.);
#2523=EDGE_CURVE('',#1987,#1988,#306,.T.);
#2524=EDGE_CURVE('',#1989,#1990,#1266,.T.);
#2525=EDGE_CURVE('',#1989,#1991,#1267,.T.);
#2526=EDGE_CURVE('',#1992,#1991,#1268,.T.);
#2527=EDGE_CURVE('',#1990,#1992,#1269,.T.);
#2528=EDGE_CURVE('',#1993,#1989,#307,.T.);
#2529=EDGE_CURVE('',#1993,#1994,#1270,.T.);
#2530=EDGE_CURVE('',#1991,#1994,#308,.T.);
#2531=EDGE_CURVE('',#1995,#1993,#1271,.T.);
#2532=EDGE_CURVE('',#1995,#1996,#1272,.T.);
#2533=EDGE_CURVE('',#1994,#1996,#1273,.T.);
#2534=EDGE_CURVE('',#1997,#1995,#309,.T.);
#2535=EDGE_CURVE('',#1997,#1998,#1274,.T.);
#2536=EDGE_CURVE('',#1996,#1998,#310,.T.);
#2537=EDGE_CURVE('',#1971,#1999,#1275,.T.);
#2538=EDGE_CURVE('',#1988,#1999,#1276,.T.);
#2539=EDGE_CURVE('',#1970,#2000,#1277,.T.);
#2540=EDGE_CURVE('',#1999,#2000,#311,.T.);
#2541=EDGE_CURVE('',#1969,#2001,#1278,.T.);
#2542=EDGE_CURVE('',#2000,#2001,#1279,.T.);
#2543=EDGE_CURVE('',#2001,#1985,#312,.T.);
#2544=EDGE_CURVE('',#1990,#2002,#313,.T.);
#2545=EDGE_CURVE('',#2003,#1992,#314,.T.);
#2546=EDGE_CURVE('',#2002,#2003,#1280,.T.);
#2547=EDGE_CURVE('',#2002,#2004,#1281,.T.);
#2548=EDGE_CURVE('',#2005,#2003,#1282,.T.);
#2549=EDGE_CURVE('',#2004,#2005,#1283,.T.);
#2550=EDGE_CURVE('',#2004,#2006,#315,.T.);
#2551=EDGE_CURVE('',#2007,#2005,#316,.T.);
#2552=EDGE_CURVE('',#2006,#2007,#1284,.T.);
#2553=EDGE_CURVE('',#2006,#1997,#1285,.T.);
#2554=EDGE_CURVE('',#1998,#2007,#1286,.T.);
#2555=EDGE_CURVE('',#2008,#2009,#317,.T.);
#2556=EDGE_CURVE('',#2008,#2010,#1287,.T.);
#2557=EDGE_CURVE('',#2011,#2010,#318,.T.);
#2558=EDGE_CURVE('',#2011,#2012,#1288,.T.);
#2559=EDGE_CURVE('',#2013,#2012,#319,.T.);
#2560=EDGE_CURVE('',#2013,#2014,#1289,.T.);
#2561=EDGE_CURVE('',#2015,#2014,#320,.T.);
#2562=EDGE_CURVE('',#2015,#2009,#1290,.T.);
#2563=EDGE_CURVE('',#2016,#2017,#31,.T.);
#2564=EDGE_CURVE('',#2017,#2018,#32,.T.);
#2565=EDGE_CURVE('',#2018,#2019,#33,.T.);
#2566=EDGE_CURVE('',#2019,#2016,#34,.T.);
#2567=EDGE_CURVE('',#2020,#2021,#35,.T.);
#2568=EDGE_CURVE('',#2021,#2019,#36,.T.);
#2569=EDGE_CURVE('',#2018,#2020,#37,.T.);
#2570=EDGE_CURVE('',#2022,#2023,#38,.T.);
#2571=EDGE_CURVE('',#2023,#2021,#39,.T.);
#2572=EDGE_CURVE('',#2020,#2022,#40,.T.);
#2573=EDGE_CURVE('',#2024,#2025,#41,.T.);
#2574=EDGE_CURVE('',#2025,#2023,#42,.T.);
#2575=EDGE_CURVE('',#2022,#2024,#43,.T.);
#2576=EDGE_CURVE('',#2026,#2027,#44,.T.);
#2577=EDGE_CURVE('',#2027,#2025,#45,.T.);
#2578=EDGE_CURVE('',#2024,#2026,#46,.T.);
#2579=EDGE_CURVE('',#2028,#2029,#47,.T.);
#2580=EDGE_CURVE('',#2029,#2027,#48,.T.);
#2581=EDGE_CURVE('',#2026,#2028,#49,.T.);
#2582=EDGE_CURVE('',#2030,#2031,#50,.T.);
#2583=EDGE_CURVE('',#2031,#2029,#51,.T.);
#2584=EDGE_CURVE('',#2028,#2030,#52,.T.);
#2585=EDGE_CURVE('',#2016,#2031,#53,.T.);
#2586=EDGE_CURVE('',#2030,#2017,#54,.T.);
#2587=EDGE_CURVE('',#2013,#2022,#1291,.T.);
#2588=EDGE_CURVE('',#2012,#2024,#1292,.T.);
#2589=EDGE_CURVE('',#2014,#2020,#1293,.T.);
#2590=EDGE_CURVE('',#2015,#2018,#1294,.T.);
#2591=EDGE_CURVE('',#2009,#2017,#1295,.T.);
#2592=EDGE_CURVE('',#2010,#2028,#1296,.T.);
#2593=EDGE_CURVE('',#2008,#2030,#1297,.T.);
#2594=EDGE_CURVE('',#2011,#2026,#1298,.T.);
#2595=ORIENTED_EDGE('',*,*,#2032,.F.);
#2596=ORIENTED_EDGE('',*,*,#2033,.F.);
#2597=ORIENTED_EDGE('',*,*,#2034,.F.);
#2598=ORIENTED_EDGE('',*,*,#2035,.F.);
#2599=ORIENTED_EDGE('',*,*,#2036,.T.);
#2600=ORIENTED_EDGE('',*,*,#2037,.F.);
#2601=ORIENTED_EDGE('',*,*,#2038,.T.);
#2602=ORIENTED_EDGE('',*,*,#2032,.T.);
#2603=ORIENTED_EDGE('',*,*,#2039,.F.);
#2604=ORIENTED_EDGE('',*,*,#2040,.F.);
#2605=ORIENTED_EDGE('',*,*,#2041,.T.);
#2606=ORIENTED_EDGE('',*,*,#2042,.T.);
#2607=ORIENTED_EDGE('',*,*,#2043,.T.);
#2608=ORIENTED_EDGE('',*,*,#2044,.T.);
#2609=ORIENTED_EDGE('',*,*,#2045,.F.);
#2610=ORIENTED_EDGE('',*,*,#2046,.F.);
#2611=ORIENTED_EDGE('',*,*,#2033,.T.);
#2612=ORIENTED_EDGE('',*,*,#2047,.F.);
#2613=ORIENTED_EDGE('',*,*,#2048,.F.);
#2614=ORIENTED_EDGE('',*,*,#2049,.F.);
#2615=ORIENTED_EDGE('',*,*,#2039,.T.);
#2616=ORIENTED_EDGE('',*,*,#2035,.T.);
#2617=ORIENTED_EDGE('',*,*,#2050,.F.);
#2618=ORIENTED_EDGE('',*,*,#2051,.F.);
#2619=ORIENTED_EDGE('',*,*,#2050,.T.);
#2620=ORIENTED_EDGE('',*,*,#2034,.T.);
#2621=ORIENTED_EDGE('',*,*,#2052,.F.);
#2622=ORIENTED_EDGE('',*,*,#2053,.F.);
#2623=ORIENTED_EDGE('',*,*,#2054,.F.);
#2624=ORIENTED_EDGE('',*,*,#2055,.F.);
#2625=ORIENTED_EDGE('',*,*,#2056,.F.);
#2626=ORIENTED_EDGE('',*,*,#2057,.F.);
#2627=ORIENTED_EDGE('',*,*,#2058,.F.);
#2628=ORIENTED_EDGE('',*,*,#2036,.F.);
#2629=ORIENTED_EDGE('',*,*,#2040,.T.);
#2630=ORIENTED_EDGE('',*,*,#2051,.T.);
#2631=ORIENTED_EDGE('',*,*,#2055,.T.);
#2632=ORIENTED_EDGE('',*,*,#2059,.T.);
#2633=ORIENTED_EDGE('',*,*,#2060,.F.);
#2634=ORIENTED_EDGE('',*,*,#2061,.F.);
#2635=ORIENTED_EDGE('',*,*,#2062,.T.);
#2636=ORIENTED_EDGE('',*,*,#2037,.T.);
#2637=ORIENTED_EDGE('',*,*,#2063,.F.);
#2638=ORIENTED_EDGE('',*,*,#2047,.T.);
#2639=ORIENTED_EDGE('',*,*,#2038,.F.);
#2640=ORIENTED_EDGE('',*,*,#2064,.F.);
#2641=ORIENTED_EDGE('',*,*,#2065,.T.);
#2642=ORIENTED_EDGE('',*,*,#2066,.T.);
#2643=ORIENTED_EDGE('',*,*,#2041,.F.);
#2644=ORIENTED_EDGE('',*,*,#2049,.T.);
#2645=ORIENTED_EDGE('',*,*,#2048,.T.);
#2646=ORIENTED_EDGE('',*,*,#2067,.T.);
#2647=ORIENTED_EDGE('',*,*,#2068,.F.);
#2648=ORIENTED_EDGE('',*,*,#2069,.F.);
#2649=ORIENTED_EDGE('',*,*,#2070,.F.);
#2650=ORIENTED_EDGE('',*,*,#2071,.T.);
#2651=ORIENTED_EDGE('',*,*,#2072,.T.);
#2652=ORIENTED_EDGE('',*,*,#2073,.T.);
#2653=ORIENTED_EDGE('',*,*,#2074,.T.);
#2654=ORIENTED_EDGE('',*,*,#2075,.T.);
#2655=ORIENTED_EDGE('',*,*,#2076,.T.);
#2656=ORIENTED_EDGE('',*,*,#2077,.T.);
#2657=ORIENTED_EDGE('',*,*,#2078,.T.);
#2658=ORIENTED_EDGE('',*,*,#2079,.T.);
#2659=ORIENTED_EDGE('',*,*,#2080,.F.);
#2660=ORIENTED_EDGE('',*,*,#2081,.T.);
#2661=ORIENTED_EDGE('',*,*,#2082,.T.);
#2662=ORIENTED_EDGE('',*,*,#2042,.F.);
#2663=ORIENTED_EDGE('',*,*,#2083,.F.);
#2664=ORIENTED_EDGE('',*,*,#2084,.F.);
#2665=ORIENTED_EDGE('',*,*,#2085,.F.);
#2666=ORIENTED_EDGE('',*,*,#2086,.T.);
#2667=ORIENTED_EDGE('',*,*,#2087,.F.);
#2668=ORIENTED_EDGE('',*,*,#2088,.T.);
#2669=ORIENTED_EDGE('',*,*,#2089,.T.);
#2670=ORIENTED_EDGE('',*,*,#2090,.F.);
#2671=ORIENTED_EDGE('',*,*,#2091,.T.);
#2672=ORIENTED_EDGE('',*,*,#2045,.T.);
#2673=ORIENTED_EDGE('',*,*,#2044,.F.);
#2674=ORIENTED_EDGE('',*,*,#2043,.F.);
#2675=ORIENTED_EDGE('',*,*,#2092,.T.);
#2676=ORIENTED_EDGE('',*,*,#2093,.F.);
#2677=ORIENTED_EDGE('',*,*,#2052,.T.);
#2678=ORIENTED_EDGE('',*,*,#2046,.T.);
#2679=ORIENTED_EDGE('',*,*,#2094,.F.);
#2680=ORIENTED_EDGE('',*,*,#2095,.F.);
#2681=ORIENTED_EDGE('',*,*,#2054,.T.);
#2682=ORIENTED_EDGE('',*,*,#2096,.F.);
#2683=ORIENTED_EDGE('',*,*,#2097,.F.);
#2684=ORIENTED_EDGE('',*,*,#2053,.T.);
#2685=ORIENTED_EDGE('',*,*,#2098,.T.);
#2686=ORIENTED_EDGE('',*,*,#2099,.T.);
#2687=ORIENTED_EDGE('',*,*,#2100,.F.);
#2688=ORIENTED_EDGE('',*,*,#2101,.F.);
#2689=ORIENTED_EDGE('',*,*,#2102,.T.);
#2690=ORIENTED_EDGE('',*,*,#2103,.T.);
#2691=ORIENTED_EDGE('',*,*,#2056,.T.);
#2692=ORIENTED_EDGE('',*,*,#2059,.F.);
#2693=ORIENTED_EDGE('',*,*,#2095,.T.);
#2694=ORIENTED_EDGE('',*,*,#2104,.T.);
#2695=ORIENTED_EDGE('',*,*,#2105,.F.);
#2696=ORIENTED_EDGE('',*,*,#2106,.F.);
#2697=ORIENTED_EDGE('',*,*,#2077,.F.);
#2698=ORIENTED_EDGE('',*,*,#2107,.T.);
#2699=ORIENTED_EDGE('',*,*,#2060,.T.);
#2700=ORIENTED_EDGE('',*,*,#2058,.T.);
#2701=ORIENTED_EDGE('',*,*,#2108,.F.);
#2702=ORIENTED_EDGE('',*,*,#2108,.T.);
#2703=ORIENTED_EDGE('',*,*,#2057,.T.);
#2704=ORIENTED_EDGE('',*,*,#2109,.T.);
#2705=ORIENTED_EDGE('',*,*,#2110,.T.);
#2706=ORIENTED_EDGE('',*,*,#2111,.T.);
#2707=ORIENTED_EDGE('',*,*,#2064,.T.);
#2708=ORIENTED_EDGE('',*,*,#2062,.F.);
#2709=ORIENTED_EDGE('',*,*,#2112,.T.);
#2710=ORIENTED_EDGE('',*,*,#2113,.F.);
#2711=ORIENTED_EDGE('',*,*,#2114,.F.);
#2712=ORIENTED_EDGE('',*,*,#2068,.T.);
#2713=ORIENTED_EDGE('',*,*,#2115,.F.);
#2714=ORIENTED_EDGE('',*,*,#2112,.F.);
#2715=ORIENTED_EDGE('',*,*,#2061,.T.);
#2716=ORIENTED_EDGE('',*,*,#2107,.F.);
#2717=ORIENTED_EDGE('',*,*,#2110,.F.);
#2718=ORIENTED_EDGE('',*,*,#2115,.T.);
#2719=ORIENTED_EDGE('',*,*,#2067,.F.);
#2720=ORIENTED_EDGE('',*,*,#2063,.T.);
#2721=ORIENTED_EDGE('',*,*,#2111,.F.);
#2722=ORIENTED_EDGE('',*,*,#2116,.T.);
#2723=ORIENTED_EDGE('',*,*,#2117,.T.);
#2724=ORIENTED_EDGE('',*,*,#2118,.T.);
#2725=ORIENTED_EDGE('',*,*,#2119,.F.);
#2726=ORIENTED_EDGE('',*,*,#2120,.T.);
#2727=ORIENTED_EDGE('',*,*,#2121,.T.);
#2728=ORIENTED_EDGE('',*,*,#2065,.F.);
#2729=ORIENTED_EDGE('',*,*,#2122,.T.);
#2730=ORIENTED_EDGE('',*,*,#2123,.T.);
#2731=ORIENTED_EDGE('',*,*,#2124,.T.);
#2732=ORIENTED_EDGE('',*,*,#2122,.F.);
#2733=ORIENTED_EDGE('',*,*,#2071,.F.);
#2734=ORIENTED_EDGE('',*,*,#2072,.F.);
#2735=ORIENTED_EDGE('',*,*,#2066,.F.);
#2736=ORIENTED_EDGE('',*,*,#2121,.F.);
#2737=ORIENTED_EDGE('',*,*,#2125,.F.);
#2738=ORIENTED_EDGE('',*,*,#2070,.T.);
#2739=ORIENTED_EDGE('',*,*,#2126,.T.);
#2740=ORIENTED_EDGE('',*,*,#2127,.F.);
#2741=ORIENTED_EDGE('',*,*,#2123,.F.);
#2742=ORIENTED_EDGE('',*,*,#2069,.T.);
#2743=ORIENTED_EDGE('',*,*,#2114,.T.);
#2744=ORIENTED_EDGE('',*,*,#2128,.F.);
#2745=ORIENTED_EDGE('',*,*,#2126,.F.);
#2746=ORIENTED_EDGE('',*,*,#2125,.T.);
#2747=ORIENTED_EDGE('',*,*,#2120,.F.);
#2748=ORIENTED_EDGE('',*,*,#2129,.F.);
#2749=ORIENTED_EDGE('',*,*,#2073,.F.);
#2750=ORIENTED_EDGE('',*,*,#2074,.F.);
#2751=ORIENTED_EDGE('',*,*,#2129,.T.);
#2752=ORIENTED_EDGE('',*,*,#2119,.T.);
#2753=ORIENTED_EDGE('',*,*,#2130,.F.);
#2754=ORIENTED_EDGE('',*,*,#2075,.F.);
#2755=ORIENTED_EDGE('',*,*,#2130,.T.);
#2756=ORIENTED_EDGE('',*,*,#2118,.F.);
#2757=ORIENTED_EDGE('',*,*,#2131,.F.);
#2758=ORIENTED_EDGE('',*,*,#2131,.T.);
#2759=ORIENTED_EDGE('',*,*,#2117,.F.);
#2760=ORIENTED_EDGE('',*,*,#2132,.T.);
#2761=ORIENTED_EDGE('',*,*,#2076,.F.);
#2762=ORIENTED_EDGE('',*,*,#2078,.F.);
#2763=ORIENTED_EDGE('',*,*,#2133,.T.);
#2764=ORIENTED_EDGE('',*,*,#2134,.F.);
#2765=ORIENTED_EDGE('',*,*,#2135,.F.);
#2766=ORIENTED_EDGE('',*,*,#2135,.T.);
#2767=ORIENTED_EDGE('',*,*,#2136,.F.);
#2768=ORIENTED_EDGE('',*,*,#2137,.T.);
#2769=ORIENTED_EDGE('',*,*,#2079,.F.);
#2770=ORIENTED_EDGE('',*,*,#2137,.F.);
#2771=ORIENTED_EDGE('',*,*,#2138,.F.);
#2772=ORIENTED_EDGE('',*,*,#2139,.T.);
#2773=ORIENTED_EDGE('',*,*,#2080,.T.);
#2774=ORIENTED_EDGE('',*,*,#2081,.F.);
#2775=ORIENTED_EDGE('',*,*,#2139,.F.);
#2776=ORIENTED_EDGE('',*,*,#2140,.F.);
#2777=ORIENTED_EDGE('',*,*,#2141,.F.);
#2778=ORIENTED_EDGE('',*,*,#2141,.T.);
#2779=ORIENTED_EDGE('',*,*,#2142,.F.);
#2780=ORIENTED_EDGE('',*,*,#2092,.F.);
#2781=ORIENTED_EDGE('',*,*,#2082,.F.);
#2782=ORIENTED_EDGE('',*,*,#2143,.T.);
#2783=ORIENTED_EDGE('',*,*,#2083,.T.);
#2784=ORIENTED_EDGE('',*,*,#2144,.F.);
#2785=ORIENTED_EDGE('',*,*,#2145,.F.);
#2786=ORIENTED_EDGE('',*,*,#2146,.T.);
#2787=ORIENTED_EDGE('',*,*,#2084,.T.);
#2788=ORIENTED_EDGE('',*,*,#2143,.F.);
#2789=ORIENTED_EDGE('',*,*,#2147,.F.);
#2790=ORIENTED_EDGE('',*,*,#2144,.T.);
#2791=ORIENTED_EDGE('',*,*,#2085,.T.);
#2792=ORIENTED_EDGE('',*,*,#2146,.F.);
#2793=ORIENTED_EDGE('',*,*,#2148,.F.);
#2794=ORIENTED_EDGE('',*,*,#2149,.T.);
#2795=ORIENTED_EDGE('',*,*,#2150,.F.);
#2796=ORIENTED_EDGE('',*,*,#2086,.F.);
#2797=ORIENTED_EDGE('',*,*,#2142,.T.);
#2798=ORIENTED_EDGE('',*,*,#2140,.T.);
#2799=ORIENTED_EDGE('',*,*,#2138,.T.);
#2800=ORIENTED_EDGE('',*,*,#2136,.T.);
#2801=ORIENTED_EDGE('',*,*,#2134,.T.);
#2802=ORIENTED_EDGE('',*,*,#2087,.T.);
#2803=ORIENTED_EDGE('',*,*,#2150,.T.);
#2804=ORIENTED_EDGE('',*,*,#2151,.F.);
#2805=ORIENTED_EDGE('',*,*,#2152,.F.);
#2806=ORIENTED_EDGE('',*,*,#2088,.F.);
#2807=ORIENTED_EDGE('',*,*,#2152,.T.);
#2808=ORIENTED_EDGE('',*,*,#2153,.T.);
#2809=ORIENTED_EDGE('',*,*,#2154,.F.);
#2810=ORIENTED_EDGE('',*,*,#2154,.T.);
#2811=ORIENTED_EDGE('',*,*,#2155,.T.);
#2812=ORIENTED_EDGE('',*,*,#2156,.F.);
#2813=ORIENTED_EDGE('',*,*,#2089,.F.);
#2814=ORIENTED_EDGE('',*,*,#2157,.F.);
#2815=ORIENTED_EDGE('',*,*,#2158,.F.);
#2816=ORIENTED_EDGE('',*,*,#2159,.F.);
#2817=ORIENTED_EDGE('',*,*,#2099,.F.);
#2818=ORIENTED_EDGE('',*,*,#2160,.F.);
#2819=ORIENTED_EDGE('',*,*,#2161,.F.);
#2820=ORIENTED_EDGE('',*,*,#2090,.T.);
#2821=ORIENTED_EDGE('',*,*,#2156,.T.);
#2822=ORIENTED_EDGE('',*,*,#2162,.T.);
#2823=ORIENTED_EDGE('',*,*,#2094,.T.);
#2824=ORIENTED_EDGE('',*,*,#2091,.F.);
#2825=ORIENTED_EDGE('',*,*,#2161,.T.);
#2826=ORIENTED_EDGE('',*,*,#2160,.T.);
#2827=ORIENTED_EDGE('',*,*,#2098,.F.);
#2828=ORIENTED_EDGE('',*,*,#2093,.T.);
#2829=ORIENTED_EDGE('',*,*,#2162,.F.);
#2830=ORIENTED_EDGE('',*,*,#2158,.T.);
#2831=ORIENTED_EDGE('',*,*,#2163,.T.);
#2832=ORIENTED_EDGE('',*,*,#2097,.T.);
#2833=ORIENTED_EDGE('',*,*,#2164,.F.);
#2834=ORIENTED_EDGE('',*,*,#2164,.T.);
#2835=ORIENTED_EDGE('',*,*,#2096,.T.);
#2836=ORIENTED_EDGE('',*,*,#2100,.T.);
#2837=ORIENTED_EDGE('',*,*,#2159,.T.);
#2838=ORIENTED_EDGE('',*,*,#2116,.F.);
#2839=ORIENTED_EDGE('',*,*,#2124,.F.);
#2840=ORIENTED_EDGE('',*,*,#2127,.T.);
#2841=ORIENTED_EDGE('',*,*,#2128,.T.);
#2842=ORIENTED_EDGE('',*,*,#2113,.T.);
#2843=ORIENTED_EDGE('',*,*,#2109,.F.);
#2844=ORIENTED_EDGE('',*,*,#2103,.F.);
#2845=ORIENTED_EDGE('',*,*,#2102,.F.);
#2846=ORIENTED_EDGE('',*,*,#2101,.T.);
#2847=ORIENTED_EDGE('',*,*,#2132,.F.);
#2848=ORIENTED_EDGE('',*,*,#2149,.F.);
#2849=ORIENTED_EDGE('',*,*,#2133,.F.);
#2850=ORIENTED_EDGE('',*,*,#2106,.T.);
#2851=ORIENTED_EDGE('',*,*,#2105,.T.);
#2852=ORIENTED_EDGE('',*,*,#2104,.F.);
#2853=ORIENTED_EDGE('',*,*,#2163,.F.);
#2854=ORIENTED_EDGE('',*,*,#2157,.T.);
#2855=ORIENTED_EDGE('',*,*,#2155,.F.);
#2856=ORIENTED_EDGE('',*,*,#2153,.F.);
#2857=ORIENTED_EDGE('',*,*,#2151,.T.);
#2858=ORIENTED_EDGE('',*,*,#2147,.T.);
#2859=ORIENTED_EDGE('',*,*,#2145,.T.);
#2860=ORIENTED_EDGE('',*,*,#2148,.T.);
#2861=ORIENTED_EDGE('',*,*,#2165,.T.);
#2862=ORIENTED_EDGE('',*,*,#2166,.T.);
#2863=ORIENTED_EDGE('',*,*,#2167,.F.);
#2864=ORIENTED_EDGE('',*,*,#2168,.F.);
#2865=ORIENTED_EDGE('',*,*,#2169,.T.);
#2866=ORIENTED_EDGE('',*,*,#2170,.F.);
#2867=ORIENTED_EDGE('',*,*,#2171,.F.);
#2868=ORIENTED_EDGE('',*,*,#2172,.T.);
#2869=ORIENTED_EDGE('',*,*,#2173,.T.);
#2870=ORIENTED_EDGE('',*,*,#2174,.T.);
#2871=ORIENTED_EDGE('',*,*,#2175,.F.);
#2872=ORIENTED_EDGE('',*,*,#2176,.F.);
#2873=ORIENTED_EDGE('',*,*,#2165,.F.);
#2874=ORIENTED_EDGE('',*,*,#2177,.T.);
#2875=ORIENTED_EDGE('',*,*,#2168,.T.);
#2876=ORIENTED_EDGE('',*,*,#2178,.T.);
#2877=ORIENTED_EDGE('',*,*,#2179,.F.);
#2878=ORIENTED_EDGE('',*,*,#2177,.F.);
#2879=ORIENTED_EDGE('',*,*,#2176,.T.);
#2880=ORIENTED_EDGE('',*,*,#2180,.T.);
#2881=ORIENTED_EDGE('',*,*,#2181,.F.);
#2882=ORIENTED_EDGE('',*,*,#2166,.F.);
#2883=ORIENTED_EDGE('',*,*,#2182,.F.);
#2884=ORIENTED_EDGE('',*,*,#2178,.F.);
#2885=ORIENTED_EDGE('',*,*,#2167,.T.);
#2886=ORIENTED_EDGE('',*,*,#2181,.T.);
#2887=ORIENTED_EDGE('',*,*,#2183,.T.);
#2888=ORIENTED_EDGE('',*,*,#2184,.F.);
#2889=ORIENTED_EDGE('',*,*,#2185,.F.);
#2890=ORIENTED_EDGE('',*,*,#2186,.F.);
#2891=ORIENTED_EDGE('',*,*,#2187,.T.);
#2892=ORIENTED_EDGE('',*,*,#2188,.T.);
#2893=ORIENTED_EDGE('',*,*,#2182,.T.);
#2894=ORIENTED_EDGE('',*,*,#2189,.F.);
#2895=ORIENTED_EDGE('',*,*,#2169,.F.);
#2896=ORIENTED_EDGE('',*,*,#2179,.T.);
#2897=ORIENTED_EDGE('',*,*,#2170,.T.);
#2898=ORIENTED_EDGE('',*,*,#2189,.T.);
#2899=ORIENTED_EDGE('',*,*,#2188,.F.);
#2900=ORIENTED_EDGE('',*,*,#2190,.F.);
#2901=ORIENTED_EDGE('',*,*,#2171,.T.);
#2902=ORIENTED_EDGE('',*,*,#2191,.T.);
#2903=ORIENTED_EDGE('',*,*,#2192,.T.);
#2904=ORIENTED_EDGE('',*,*,#2193,.T.);
#2905=ORIENTED_EDGE('',*,*,#2194,.F.);
#2906=ORIENTED_EDGE('',*,*,#2195,.F.);
#2907=ORIENTED_EDGE('',*,*,#2173,.F.);
#2908=ORIENTED_EDGE('',*,*,#2172,.F.);
#2909=ORIENTED_EDGE('',*,*,#2183,.F.);
#2910=ORIENTED_EDGE('',*,*,#2180,.F.);
#2911=ORIENTED_EDGE('',*,*,#2175,.T.);
#2912=ORIENTED_EDGE('',*,*,#2196,.T.);
#2913=ORIENTED_EDGE('',*,*,#2197,.T.);
#2914=ORIENTED_EDGE('',*,*,#2184,.T.);
#2915=ORIENTED_EDGE('',*,*,#2196,.F.);
#2916=ORIENTED_EDGE('',*,*,#2174,.F.);
#2917=ORIENTED_EDGE('',*,*,#2187,.F.);
#2918=ORIENTED_EDGE('',*,*,#2186,.T.);
#2919=ORIENTED_EDGE('',*,*,#2185,.T.);
#2920=ORIENTED_EDGE('',*,*,#2198,.T.);
#2921=ORIENTED_EDGE('',*,*,#2199,.T.);
#2922=ORIENTED_EDGE('',*,*,#2200,.F.);
#2923=ORIENTED_EDGE('',*,*,#2201,.F.);
#2924=ORIENTED_EDGE('',*,*,#2202,.F.);
#2925=ORIENTED_EDGE('',*,*,#2190,.T.);
#2926=ORIENTED_EDGE('',*,*,#2202,.T.);
#2927=ORIENTED_EDGE('',*,*,#2203,.F.);
#2928=ORIENTED_EDGE('',*,*,#2191,.F.);
#2929=ORIENTED_EDGE('',*,*,#2204,.T.);
#2930=ORIENTED_EDGE('',*,*,#2205,.F.);
#2931=ORIENTED_EDGE('',*,*,#2206,.T.);
#2932=ORIENTED_EDGE('',*,*,#2207,.T.);
#2933=ORIENTED_EDGE('',*,*,#2208,.F.);
#2934=ORIENTED_EDGE('',*,*,#2209,.F.);
#2935=ORIENTED_EDGE('',*,*,#2194,.T.);
#2936=ORIENTED_EDGE('',*,*,#2193,.F.);
#2937=ORIENTED_EDGE('',*,*,#2192,.F.);
#2938=ORIENTED_EDGE('',*,*,#2210,.T.);
#2939=ORIENTED_EDGE('',*,*,#2195,.T.);
#2940=ORIENTED_EDGE('',*,*,#2211,.T.);
#2941=ORIENTED_EDGE('',*,*,#2212,.F.);
#2942=ORIENTED_EDGE('',*,*,#2213,.F.);
#2943=ORIENTED_EDGE('',*,*,#2213,.T.);
#2944=ORIENTED_EDGE('',*,*,#2214,.T.);
#2945=ORIENTED_EDGE('',*,*,#2215,.F.);
#2946=ORIENTED_EDGE('',*,*,#2197,.F.);
#2947=ORIENTED_EDGE('',*,*,#2216,.F.);
#2948=ORIENTED_EDGE('',*,*,#2217,.F.);
#2949=ORIENTED_EDGE('',*,*,#2201,.T.);
#2950=ORIENTED_EDGE('',*,*,#2200,.T.);
#2951=ORIENTED_EDGE('',*,*,#2199,.F.);
#2952=ORIENTED_EDGE('',*,*,#2218,.T.);
#2953=ORIENTED_EDGE('',*,*,#2219,.T.);
#2954=ORIENTED_EDGE('',*,*,#2220,.F.);
#2955=ORIENTED_EDGE('',*,*,#2221,.F.);
#2956=ORIENTED_EDGE('',*,*,#2222,.T.);
#2957=ORIENTED_EDGE('',*,*,#2198,.F.);
#2958=ORIENTED_EDGE('',*,*,#2215,.T.);
#2959=ORIENTED_EDGE('',*,*,#2223,.T.);
#2960=ORIENTED_EDGE('',*,*,#2224,.F.);
#2961=ORIENTED_EDGE('',*,*,#2203,.T.);
#2962=ORIENTED_EDGE('',*,*,#2217,.T.);
#2963=ORIENTED_EDGE('',*,*,#2225,.F.);
#2964=ORIENTED_EDGE('',*,*,#2210,.F.);
#2965=ORIENTED_EDGE('',*,*,#2216,.T.);
#2966=ORIENTED_EDGE('',*,*,#2226,.F.);
#2967=ORIENTED_EDGE('',*,*,#2204,.F.);
#2968=ORIENTED_EDGE('',*,*,#2225,.T.);
#2969=ORIENTED_EDGE('',*,*,#2205,.T.);
#2970=ORIENTED_EDGE('',*,*,#2226,.T.);
#2971=ORIENTED_EDGE('',*,*,#2222,.F.);
#2972=ORIENTED_EDGE('',*,*,#2227,.F.);
#2973=ORIENTED_EDGE('',*,*,#2206,.F.);
#2974=ORIENTED_EDGE('',*,*,#2227,.T.);
#2975=ORIENTED_EDGE('',*,*,#2221,.T.);
#2976=ORIENTED_EDGE('',*,*,#2228,.F.);
#2977=ORIENTED_EDGE('',*,*,#2228,.T.);
#2978=ORIENTED_EDGE('',*,*,#2220,.T.);
#2979=ORIENTED_EDGE('',*,*,#2229,.F.);
#2980=ORIENTED_EDGE('',*,*,#2207,.F.);
#2981=ORIENTED_EDGE('',*,*,#2219,.F.);
#2982=ORIENTED_EDGE('',*,*,#2230,.F.);
#2983=ORIENTED_EDGE('',*,*,#2208,.T.);
#2984=ORIENTED_EDGE('',*,*,#2229,.T.);
#2985=ORIENTED_EDGE('',*,*,#2209,.T.);
#2986=ORIENTED_EDGE('',*,*,#2230,.T.);
#2987=ORIENTED_EDGE('',*,*,#2218,.F.);
#2988=ORIENTED_EDGE('',*,*,#2231,.F.);
#2989=ORIENTED_EDGE('',*,*,#2211,.F.);
#2990=ORIENTED_EDGE('',*,*,#2231,.T.);
#2991=ORIENTED_EDGE('',*,*,#2224,.T.);
#2992=ORIENTED_EDGE('',*,*,#2232,.F.);
#2993=ORIENTED_EDGE('',*,*,#2214,.F.);
#2994=ORIENTED_EDGE('',*,*,#2212,.T.);
#2995=ORIENTED_EDGE('',*,*,#2232,.T.);
#2996=ORIENTED_EDGE('',*,*,#2223,.F.);
#2997=ORIENTED_EDGE('',*,*,#2233,.T.);
#2998=ORIENTED_EDGE('',*,*,#2234,.T.);
#2999=ORIENTED_EDGE('',*,*,#2235,.F.);
#3000=ORIENTED_EDGE('',*,*,#2236,.F.);
#3001=ORIENTED_EDGE('',*,*,#2237,.T.);
#3002=ORIENTED_EDGE('',*,*,#2238,.T.);
#3003=ORIENTED_EDGE('',*,*,#2233,.F.);
#3004=ORIENTED_EDGE('',*,*,#2239,.F.);
#3005=ORIENTED_EDGE('',*,*,#2235,.T.);
#3006=ORIENTED_EDGE('',*,*,#2240,.T.);
#3007=ORIENTED_EDGE('',*,*,#2241,.F.);
#3008=ORIENTED_EDGE('',*,*,#2242,.F.);
#3009=ORIENTED_EDGE('',*,*,#2236,.T.);
#3010=ORIENTED_EDGE('',*,*,#2242,.T.);
#3011=ORIENTED_EDGE('',*,*,#2243,.T.);
#3012=ORIENTED_EDGE('',*,*,#2244,.T.);
#3013=ORIENTED_EDGE('',*,*,#2245,.T.);
#3014=ORIENTED_EDGE('',*,*,#2246,.T.);
#3015=ORIENTED_EDGE('',*,*,#2247,.T.);
#3016=ORIENTED_EDGE('',*,*,#2239,.T.);
#3017=ORIENTED_EDGE('',*,*,#2248,.F.);
#3018=ORIENTED_EDGE('',*,*,#2249,.F.);
#3019=ORIENTED_EDGE('',*,*,#2250,.F.);
#3020=ORIENTED_EDGE('',*,*,#2251,.F.);
#3021=ORIENTED_EDGE('',*,*,#2252,.F.);
#3022=ORIENTED_EDGE('',*,*,#2253,.F.);
#3023=ORIENTED_EDGE('',*,*,#2254,.F.);
#3024=ORIENTED_EDGE('',*,*,#2255,.F.);
#3025=ORIENTED_EDGE('',*,*,#2256,.F.);
#3026=ORIENTED_EDGE('',*,*,#2257,.F.);
#3027=ORIENTED_EDGE('',*,*,#2258,.F.);
#3028=ORIENTED_EDGE('',*,*,#2259,.F.);
#3029=ORIENTED_EDGE('',*,*,#2260,.F.);
#3030=ORIENTED_EDGE('',*,*,#2261,.F.);
#3031=ORIENTED_EDGE('',*,*,#2262,.F.);
#3032=ORIENTED_EDGE('',*,*,#2263,.F.);
#3033=ORIENTED_EDGE('',*,*,#2264,.F.);
#3034=ORIENTED_EDGE('',*,*,#2265,.F.);
#3035=ORIENTED_EDGE('',*,*,#2266,.F.);
#3036=ORIENTED_EDGE('',*,*,#2267,.F.);
#3037=ORIENTED_EDGE('',*,*,#2234,.F.);
#3038=ORIENTED_EDGE('',*,*,#2238,.F.);
#3039=ORIENTED_EDGE('',*,*,#2268,.F.);
#3040=ORIENTED_EDGE('',*,*,#2269,.F.);
#3041=ORIENTED_EDGE('',*,*,#2270,.F.);
#3042=ORIENTED_EDGE('',*,*,#2271,.F.);
#3043=ORIENTED_EDGE('',*,*,#2272,.F.);
#3044=ORIENTED_EDGE('',*,*,#2240,.F.);
#3045=ORIENTED_EDGE('',*,*,#2273,.T.);
#3046=ORIENTED_EDGE('',*,*,#2274,.T.);
#3047=ORIENTED_EDGE('',*,*,#2275,.T.);
#3048=ORIENTED_EDGE('',*,*,#2276,.T.);
#3049=ORIENTED_EDGE('',*,*,#2277,.T.);
#3050=ORIENTED_EDGE('',*,*,#2278,.T.);
#3051=ORIENTED_EDGE('',*,*,#2279,.T.);
#3052=ORIENTED_EDGE('',*,*,#2280,.T.);
#3053=ORIENTED_EDGE('',*,*,#2281,.T.);
#3054=ORIENTED_EDGE('',*,*,#2282,.T.);
#3055=ORIENTED_EDGE('',*,*,#2283,.T.);
#3056=ORIENTED_EDGE('',*,*,#2284,.T.);
#3057=ORIENTED_EDGE('',*,*,#2285,.T.);
#3058=ORIENTED_EDGE('',*,*,#2286,.T.);
#3059=ORIENTED_EDGE('',*,*,#2287,.T.);
#3060=ORIENTED_EDGE('',*,*,#2288,.T.);
#3061=ORIENTED_EDGE('',*,*,#2289,.T.);
#3062=ORIENTED_EDGE('',*,*,#2290,.T.);
#3063=ORIENTED_EDGE('',*,*,#2291,.T.);
#3064=ORIENTED_EDGE('',*,*,#2292,.T.);
#3065=ORIENTED_EDGE('',*,*,#2293,.T.);
#3066=ORIENTED_EDGE('',*,*,#2268,.T.);
#3067=ORIENTED_EDGE('',*,*,#2237,.F.);
#3068=ORIENTED_EDGE('',*,*,#2247,.F.);
#3069=ORIENTED_EDGE('',*,*,#2241,.T.);
#3070=ORIENTED_EDGE('',*,*,#2272,.T.);
#3071=ORIENTED_EDGE('',*,*,#2294,.F.);
#3072=ORIENTED_EDGE('',*,*,#2243,.F.);
#3073=ORIENTED_EDGE('',*,*,#2295,.T.);
#3074=ORIENTED_EDGE('',*,*,#2269,.T.);
#3075=ORIENTED_EDGE('',*,*,#2293,.F.);
#3076=ORIENTED_EDGE('',*,*,#2246,.F.);
#3077=ORIENTED_EDGE('',*,*,#2294,.T.);
#3078=ORIENTED_EDGE('',*,*,#2271,.T.);
#3079=ORIENTED_EDGE('',*,*,#2296,.F.);
#3080=ORIENTED_EDGE('',*,*,#2244,.F.);
#3081=ORIENTED_EDGE('',*,*,#2296,.T.);
#3082=ORIENTED_EDGE('',*,*,#2270,.T.);
#3083=ORIENTED_EDGE('',*,*,#2295,.F.);
#3084=ORIENTED_EDGE('',*,*,#2245,.F.);
#3085=ORIENTED_EDGE('',*,*,#2273,.F.);
#3086=ORIENTED_EDGE('',*,*,#2297,.T.);
#3087=ORIENTED_EDGE('',*,*,#2248,.T.);
#3088=ORIENTED_EDGE('',*,*,#2297,.F.);
#3089=ORIENTED_EDGE('',*,*,#2274,.F.);
#3090=ORIENTED_EDGE('',*,*,#2298,.T.);
#3091=ORIENTED_EDGE('',*,*,#2249,.T.);
#3092=ORIENTED_EDGE('',*,*,#2298,.F.);
#3093=ORIENTED_EDGE('',*,*,#2275,.F.);
#3094=ORIENTED_EDGE('',*,*,#2299,.T.);
#3095=ORIENTED_EDGE('',*,*,#2250,.T.);
#3096=ORIENTED_EDGE('',*,*,#2299,.F.);
#3097=ORIENTED_EDGE('',*,*,#2276,.F.);
#3098=ORIENTED_EDGE('',*,*,#2300,.T.);
#3099=ORIENTED_EDGE('',*,*,#2251,.T.);
#3100=ORIENTED_EDGE('',*,*,#2300,.F.);
#3101=ORIENTED_EDGE('',*,*,#2277,.F.);
#3102=ORIENTED_EDGE('',*,*,#2301,.T.);
#3103=ORIENTED_EDGE('',*,*,#2252,.T.);
#3104=ORIENTED_EDGE('',*,*,#2301,.F.);
#3105=ORIENTED_EDGE('',*,*,#2278,.F.);
#3106=ORIENTED_EDGE('',*,*,#2302,.T.);
#3107=ORIENTED_EDGE('',*,*,#2253,.T.);
#3108=ORIENTED_EDGE('',*,*,#2302,.F.);
#3109=ORIENTED_EDGE('',*,*,#2279,.F.);
#3110=ORIENTED_EDGE('',*,*,#2303,.T.);
#3111=ORIENTED_EDGE('',*,*,#2254,.T.);
#3112=ORIENTED_EDGE('',*,*,#2303,.F.);
#3113=ORIENTED_EDGE('',*,*,#2280,.F.);
#3114=ORIENTED_EDGE('',*,*,#2304,.T.);
#3115=ORIENTED_EDGE('',*,*,#2255,.T.);
#3116=ORIENTED_EDGE('',*,*,#2304,.F.);
#3117=ORIENTED_EDGE('',*,*,#2281,.F.);
#3118=ORIENTED_EDGE('',*,*,#2305,.T.);
#3119=ORIENTED_EDGE('',*,*,#2256,.T.);
#3120=ORIENTED_EDGE('',*,*,#2305,.F.);
#3121=ORIENTED_EDGE('',*,*,#2282,.F.);
#3122=ORIENTED_EDGE('',*,*,#2306,.T.);
#3123=ORIENTED_EDGE('',*,*,#2257,.T.);
#3124=ORIENTED_EDGE('',*,*,#2306,.F.);
#3125=ORIENTED_EDGE('',*,*,#2283,.F.);
#3126=ORIENTED_EDGE('',*,*,#2307,.T.);
#3127=ORIENTED_EDGE('',*,*,#2258,.T.);
#3128=ORIENTED_EDGE('',*,*,#2307,.F.);
#3129=ORIENTED_EDGE('',*,*,#2284,.F.);
#3130=ORIENTED_EDGE('',*,*,#2308,.T.);
#3131=ORIENTED_EDGE('',*,*,#2259,.T.);
#3132=ORIENTED_EDGE('',*,*,#2308,.F.);
#3133=ORIENTED_EDGE('',*,*,#2285,.F.);
#3134=ORIENTED_EDGE('',*,*,#2309,.T.);
#3135=ORIENTED_EDGE('',*,*,#2260,.T.);
#3136=ORIENTED_EDGE('',*,*,#2309,.F.);
#3137=ORIENTED_EDGE('',*,*,#2286,.F.);
#3138=ORIENTED_EDGE('',*,*,#2310,.T.);
#3139=ORIENTED_EDGE('',*,*,#2261,.T.);
#3140=ORIENTED_EDGE('',*,*,#2310,.F.);
#3141=ORIENTED_EDGE('',*,*,#2287,.F.);
#3142=ORIENTED_EDGE('',*,*,#2311,.T.);
#3143=ORIENTED_EDGE('',*,*,#2262,.T.);
#3144=ORIENTED_EDGE('',*,*,#2311,.F.);
#3145=ORIENTED_EDGE('',*,*,#2288,.F.);
#3146=ORIENTED_EDGE('',*,*,#2312,.T.);
#3147=ORIENTED_EDGE('',*,*,#2263,.T.);
#3148=ORIENTED_EDGE('',*,*,#2312,.F.);
#3149=ORIENTED_EDGE('',*,*,#2289,.F.);
#3150=ORIENTED_EDGE('',*,*,#2313,.T.);
#3151=ORIENTED_EDGE('',*,*,#2264,.T.);
#3152=ORIENTED_EDGE('',*,*,#2313,.F.);
#3153=ORIENTED_EDGE('',*,*,#2290,.F.);
#3154=ORIENTED_EDGE('',*,*,#2314,.T.);
#3155=ORIENTED_EDGE('',*,*,#2265,.T.);
#3156=ORIENTED_EDGE('',*,*,#2314,.F.);
#3157=ORIENTED_EDGE('',*,*,#2291,.F.);
#3158=ORIENTED_EDGE('',*,*,#2315,.T.);
#3159=ORIENTED_EDGE('',*,*,#2266,.T.);
#3160=ORIENTED_EDGE('',*,*,#2315,.F.);
#3161=ORIENTED_EDGE('',*,*,#2292,.F.);
#3162=ORIENTED_EDGE('',*,*,#2316,.T.);
#3163=ORIENTED_EDGE('',*,*,#2267,.T.);
#3164=ORIENTED_EDGE('',*,*,#2316,.F.);
#3165=ORIENTED_EDGE('',*,*,#2317,.F.);
#3166=ORIENTED_EDGE('',*,*,#2318,.F.);
#3167=ORIENTED_EDGE('',*,*,#2319,.F.);
#3168=ORIENTED_EDGE('',*,*,#2320,.T.);
#3169=ORIENTED_EDGE('',*,*,#2321,.F.);
#3170=ORIENTED_EDGE('',*,*,#2320,.F.);
#3171=ORIENTED_EDGE('',*,*,#2322,.F.);
#3172=ORIENTED_EDGE('',*,*,#2323,.F.);
#3173=ORIENTED_EDGE('',*,*,#2324,.F.);
#3174=ORIENTED_EDGE('',*,*,#2323,.T.);
#3175=ORIENTED_EDGE('',*,*,#2325,.F.);
#3176=ORIENTED_EDGE('',*,*,#2326,.T.);
#3177=ORIENTED_EDGE('',*,*,#2327,.F.);
#3178=ORIENTED_EDGE('',*,*,#2326,.F.);
#3179=ORIENTED_EDGE('',*,*,#2328,.F.);
#3180=ORIENTED_EDGE('',*,*,#2318,.T.);
#3181=ORIENTED_EDGE('',*,*,#2329,.F.);
#3182=ORIENTED_EDGE('',*,*,#2330,.F.);
#3183=ORIENTED_EDGE('',*,*,#2331,.F.);
#3184=ORIENTED_EDGE('',*,*,#2332,.T.);
#3185=ORIENTED_EDGE('',*,*,#2333,.F.);
#3186=ORIENTED_EDGE('',*,*,#2332,.F.);
#3187=ORIENTED_EDGE('',*,*,#2334,.F.);
#3188=ORIENTED_EDGE('',*,*,#2335,.F.);
#3189=ORIENTED_EDGE('',*,*,#2336,.F.);
#3190=ORIENTED_EDGE('',*,*,#2335,.T.);
#3191=ORIENTED_EDGE('',*,*,#2337,.F.);
#3192=ORIENTED_EDGE('',*,*,#2338,.T.);
#3193=ORIENTED_EDGE('',*,*,#2339,.F.);
#3194=ORIENTED_EDGE('',*,*,#2338,.F.);
#3195=ORIENTED_EDGE('',*,*,#2340,.F.);
#3196=ORIENTED_EDGE('',*,*,#2330,.T.);
#3197=ORIENTED_EDGE('',*,*,#2341,.T.);
#3198=ORIENTED_EDGE('',*,*,#2342,.T.);
#3199=ORIENTED_EDGE('',*,*,#2343,.T.);
#3200=ORIENTED_EDGE('',*,*,#2344,.T.);
#3201=ORIENTED_EDGE('',*,*,#2345,.T.);
#3202=ORIENTED_EDGE('',*,*,#2346,.T.);
#3203=ORIENTED_EDGE('',*,*,#2343,.F.);
#3204=ORIENTED_EDGE('',*,*,#2347,.T.);
#3205=ORIENTED_EDGE('',*,*,#2348,.T.);
#3206=ORIENTED_EDGE('',*,*,#2349,.T.);
#3207=ORIENTED_EDGE('',*,*,#2345,.F.);
#3208=ORIENTED_EDGE('',*,*,#2350,.T.);
#3209=ORIENTED_EDGE('',*,*,#2351,.T.);
#3210=ORIENTED_EDGE('',*,*,#2352,.T.);
#3211=ORIENTED_EDGE('',*,*,#2348,.F.);
#3212=ORIENTED_EDGE('',*,*,#2353,.T.);
#3213=ORIENTED_EDGE('',*,*,#2354,.T.);
#3214=ORIENTED_EDGE('',*,*,#2355,.T.);
#3215=ORIENTED_EDGE('',*,*,#2351,.F.);
#3216=ORIENTED_EDGE('',*,*,#2356,.T.);
#3217=ORIENTED_EDGE('',*,*,#2357,.T.);
#3218=ORIENTED_EDGE('',*,*,#2358,.T.);
#3219=ORIENTED_EDGE('',*,*,#2354,.F.);
#3220=ORIENTED_EDGE('',*,*,#2359,.T.);
#3221=ORIENTED_EDGE('',*,*,#2360,.T.);
#3222=ORIENTED_EDGE('',*,*,#2361,.T.);
#3223=ORIENTED_EDGE('',*,*,#2357,.F.);
#3224=ORIENTED_EDGE('',*,*,#2362,.T.);
#3225=ORIENTED_EDGE('',*,*,#2360,.F.);
#3226=ORIENTED_EDGE('',*,*,#2363,.T.);
#3227=ORIENTED_EDGE('',*,*,#2341,.F.);
#3228=ORIENTED_EDGE('',*,*,#2364,.T.);
#3229=ORIENTED_EDGE('',*,*,#2358,.F.);
#3230=ORIENTED_EDGE('',*,*,#2365,.T.);
#3231=ORIENTED_EDGE('',*,*,#2366,.F.);
#3232=ORIENTED_EDGE('',*,*,#2367,.F.);
#3233=ORIENTED_EDGE('',*,*,#2324,.T.);
#3234=ORIENTED_EDGE('',*,*,#2327,.T.);
#3235=ORIENTED_EDGE('',*,*,#2317,.T.);
#3236=ORIENTED_EDGE('',*,*,#2321,.T.);
#3237=ORIENTED_EDGE('',*,*,#2336,.T.);
#3238=ORIENTED_EDGE('',*,*,#2339,.T.);
#3239=ORIENTED_EDGE('',*,*,#2329,.T.);
#3240=ORIENTED_EDGE('',*,*,#2333,.T.);
#3241=ORIENTED_EDGE('',*,*,#2361,.F.);
#3242=ORIENTED_EDGE('',*,*,#2368,.T.);
#3243=ORIENTED_EDGE('',*,*,#2369,.F.);
#3244=ORIENTED_EDGE('',*,*,#2365,.F.);
#3245=ORIENTED_EDGE('',*,*,#2364,.F.);
#3246=ORIENTED_EDGE('',*,*,#2370,.T.);
#3247=ORIENTED_EDGE('',*,*,#2371,.F.);
#3248=ORIENTED_EDGE('',*,*,#2368,.F.);
#3249=ORIENTED_EDGE('',*,*,#2344,.F.);
#3250=ORIENTED_EDGE('',*,*,#2372,.T.);
#3251=ORIENTED_EDGE('',*,*,#2373,.F.);
#3252=ORIENTED_EDGE('',*,*,#2370,.F.);
#3253=ORIENTED_EDGE('',*,*,#2342,.F.);
#3254=ORIENTED_EDGE('',*,*,#2363,.F.);
#3255=ORIENTED_EDGE('',*,*,#2362,.F.);
#3256=ORIENTED_EDGE('',*,*,#2359,.F.);
#3257=ORIENTED_EDGE('',*,*,#2356,.F.);
#3258=ORIENTED_EDGE('',*,*,#2353,.F.);
#3259=ORIENTED_EDGE('',*,*,#2350,.F.);
#3260=ORIENTED_EDGE('',*,*,#2347,.F.);
#3261=ORIENTED_EDGE('',*,*,#2374,.F.);
#3262=ORIENTED_EDGE('',*,*,#2375,.T.);
#3263=ORIENTED_EDGE('',*,*,#2376,.F.);
#3264=ORIENTED_EDGE('',*,*,#2375,.F.);
#3265=ORIENTED_EDGE('',*,*,#2377,.F.);
#3266=ORIENTED_EDGE('',*,*,#2378,.T.);
#3267=ORIENTED_EDGE('',*,*,#2379,.F.);
#3268=ORIENTED_EDGE('',*,*,#2378,.F.);
#3269=ORIENTED_EDGE('',*,*,#2377,.T.);
#3270=ORIENTED_EDGE('',*,*,#2374,.T.);
#3271=ORIENTED_EDGE('',*,*,#2380,.T.);
#3272=ORIENTED_EDGE('',*,*,#2381,.F.);
#3273=ORIENTED_EDGE('',*,*,#2382,.T.);
#3274=ORIENTED_EDGE('',*,*,#2383,.T.);
#3275=ORIENTED_EDGE('',*,*,#2384,.T.);
#3276=ORIENTED_EDGE('',*,*,#2385,.F.);
#3277=ORIENTED_EDGE('',*,*,#2386,.T.);
#3278=ORIENTED_EDGE('',*,*,#2387,.F.);
#3279=ORIENTED_EDGE('',*,*,#2388,.T.);
#3280=ORIENTED_EDGE('',*,*,#2389,.F.);
#3281=ORIENTED_EDGE('',*,*,#2390,.T.);
#3282=ORIENTED_EDGE('',*,*,#2391,.F.);
#3283=ORIENTED_EDGE('',*,*,#2392,.T.);
#3284=ORIENTED_EDGE('',*,*,#2393,.F.);
#3285=ORIENTED_EDGE('',*,*,#2394,.T.);
#3286=ORIENTED_EDGE('',*,*,#2395,.T.);
#3287=ORIENTED_EDGE('',*,*,#2396,.T.);
#3288=ORIENTED_EDGE('',*,*,#2397,.T.);
#3289=ORIENTED_EDGE('',*,*,#2398,.T.);
#3290=ORIENTED_EDGE('',*,*,#2379,.T.);
#3291=ORIENTED_EDGE('',*,*,#2399,.F.);
#3292=ORIENTED_EDGE('',*,*,#2400,.T.);
#3293=ORIENTED_EDGE('',*,*,#2401,.F.);
#3294=ORIENTED_EDGE('',*,*,#2400,.F.);
#3295=ORIENTED_EDGE('',*,*,#2402,.F.);
#3296=ORIENTED_EDGE('',*,*,#2403,.T.);
#3297=ORIENTED_EDGE('',*,*,#2396,.F.);
#3298=ORIENTED_EDGE('',*,*,#2403,.F.);
#3299=ORIENTED_EDGE('',*,*,#2402,.T.);
#3300=ORIENTED_EDGE('',*,*,#2399,.T.);
#3301=ORIENTED_EDGE('',*,*,#2376,.T.);
#3302=ORIENTED_EDGE('',*,*,#2404,.F.);
#3303=ORIENTED_EDGE('',*,*,#2405,.T.);
#3304=ORIENTED_EDGE('',*,*,#2406,.F.);
#3305=ORIENTED_EDGE('',*,*,#2405,.F.);
#3306=ORIENTED_EDGE('',*,*,#2407,.F.);
#3307=ORIENTED_EDGE('',*,*,#2408,.T.);
#3308=ORIENTED_EDGE('',*,*,#2398,.F.);
#3309=ORIENTED_EDGE('',*,*,#2408,.F.);
#3310=ORIENTED_EDGE('',*,*,#2407,.T.);
#3311=ORIENTED_EDGE('',*,*,#2404,.T.);
#3312=ORIENTED_EDGE('',*,*,#2401,.T.);
#3313=ORIENTED_EDGE('',*,*,#2409,.F.);
#3314=ORIENTED_EDGE('',*,*,#2410,.T.);
#3315=ORIENTED_EDGE('',*,*,#2411,.F.);
#3316=ORIENTED_EDGE('',*,*,#2410,.F.);
#3317=ORIENTED_EDGE('',*,*,#2412,.F.);
#3318=ORIENTED_EDGE('',*,*,#2413,.T.);
#3319=ORIENTED_EDGE('',*,*,#2397,.F.);
#3320=ORIENTED_EDGE('',*,*,#2413,.F.);
#3321=ORIENTED_EDGE('',*,*,#2412,.T.);
#3322=ORIENTED_EDGE('',*,*,#2409,.T.);
#3323=ORIENTED_EDGE('',*,*,#2406,.T.);
#3324=ORIENTED_EDGE('',*,*,#2414,.F.);
#3325=ORIENTED_EDGE('',*,*,#2415,.F.);
#3326=ORIENTED_EDGE('',*,*,#2416,.T.);
#3327=ORIENTED_EDGE('',*,*,#2417,.T.);
#3328=ORIENTED_EDGE('',*,*,#2418,.F.);
#3329=ORIENTED_EDGE('',*,*,#2417,.F.);
#3330=ORIENTED_EDGE('',*,*,#2419,.F.);
#3331=ORIENTED_EDGE('',*,*,#2420,.T.);
#3332=ORIENTED_EDGE('',*,*,#2421,.F.);
#3333=ORIENTED_EDGE('',*,*,#2420,.F.);
#3334=ORIENTED_EDGE('',*,*,#2422,.T.);
#3335=ORIENTED_EDGE('',*,*,#2423,.T.);
#3336=ORIENTED_EDGE('',*,*,#2424,.F.);
#3337=ORIENTED_EDGE('',*,*,#2423,.F.);
#3338=ORIENTED_EDGE('',*,*,#2425,.F.);
#3339=ORIENTED_EDGE('',*,*,#2426,.T.);
#3340=ORIENTED_EDGE('',*,*,#2427,.F.);
#3341=ORIENTED_EDGE('',*,*,#2426,.F.);
#3342=ORIENTED_EDGE('',*,*,#2428,.T.);
#3343=ORIENTED_EDGE('',*,*,#2429,.T.);
#3344=ORIENTED_EDGE('',*,*,#2430,.F.);
#3345=ORIENTED_EDGE('',*,*,#2429,.F.);
#3346=ORIENTED_EDGE('',*,*,#2431,.F.);
#3347=ORIENTED_EDGE('',*,*,#2432,.T.);
#3348=ORIENTED_EDGE('',*,*,#2433,.F.);
#3349=ORIENTED_EDGE('',*,*,#2432,.F.);
#3350=ORIENTED_EDGE('',*,*,#2434,.T.);
#3351=ORIENTED_EDGE('',*,*,#2435,.T.);
#3352=ORIENTED_EDGE('',*,*,#2436,.F.);
#3353=ORIENTED_EDGE('',*,*,#2435,.F.);
#3354=ORIENTED_EDGE('',*,*,#2437,.F.);
#3355=ORIENTED_EDGE('',*,*,#2415,.T.);
#3356=ORIENTED_EDGE('',*,*,#2425,.T.);
#3357=ORIENTED_EDGE('',*,*,#2422,.F.);
#3358=ORIENTED_EDGE('',*,*,#2419,.T.);
#3359=ORIENTED_EDGE('',*,*,#2416,.F.);
#3360=ORIENTED_EDGE('',*,*,#2437,.T.);
#3361=ORIENTED_EDGE('',*,*,#2434,.F.);
#3362=ORIENTED_EDGE('',*,*,#2431,.T.);
#3363=ORIENTED_EDGE('',*,*,#2428,.F.);
#3364=ORIENTED_EDGE('',*,*,#2438,.F.);
#3365=ORIENTED_EDGE('',*,*,#2439,.F.);
#3366=ORIENTED_EDGE('',*,*,#2440,.F.);
#3367=ORIENTED_EDGE('',*,*,#2441,.F.);
#3368=ORIENTED_EDGE('',*,*,#2442,.F.);
#3369=ORIENTED_EDGE('',*,*,#2443,.F.);
#3370=ORIENTED_EDGE('',*,*,#2444,.F.);
#3371=ORIENTED_EDGE('',*,*,#2445,.F.);
#3372=ORIENTED_EDGE('',*,*,#2442,.T.);
#3373=ORIENTED_EDGE('',*,*,#2446,.F.);
#3374=ORIENTED_EDGE('',*,*,#2387,.T.);
#3375=ORIENTED_EDGE('',*,*,#2447,.T.);
#3376=ORIENTED_EDGE('',*,*,#2441,.T.);
#3377=ORIENTED_EDGE('',*,*,#2448,.F.);
#3378=ORIENTED_EDGE('',*,*,#2388,.F.);
#3379=ORIENTED_EDGE('',*,*,#2446,.T.);
#3380=ORIENTED_EDGE('',*,*,#2440,.T.);
#3381=ORIENTED_EDGE('',*,*,#2449,.F.);
#3382=ORIENTED_EDGE('',*,*,#2389,.T.);
#3383=ORIENTED_EDGE('',*,*,#2448,.T.);
#3384=ORIENTED_EDGE('',*,*,#2450,.T.);
#3385=ORIENTED_EDGE('',*,*,#2451,.T.);
#3386=ORIENTED_EDGE('',*,*,#2439,.T.);
#3387=ORIENTED_EDGE('',*,*,#2452,.F.);
#3388=ORIENTED_EDGE('',*,*,#2390,.F.);
#3389=ORIENTED_EDGE('',*,*,#2449,.T.);
#3390=ORIENTED_EDGE('',*,*,#2453,.F.);
#3391=ORIENTED_EDGE('',*,*,#2454,.T.);
#3392=ORIENTED_EDGE('',*,*,#2451,.F.);
#3393=ORIENTED_EDGE('',*,*,#2454,.F.);
#3394=ORIENTED_EDGE('',*,*,#2455,.F.);
#3395=ORIENTED_EDGE('',*,*,#2456,.T.);
#3396=ORIENTED_EDGE('',*,*,#2450,.F.);
#3397=ORIENTED_EDGE('',*,*,#2456,.F.);
#3398=ORIENTED_EDGE('',*,*,#2457,.F.);
#3399=ORIENTED_EDGE('',*,*,#2380,.F.);
#3400=ORIENTED_EDGE('',*,*,#2458,.T.);
#3401=ORIENTED_EDGE('',*,*,#2459,.F.);
#3402=ORIENTED_EDGE('',*,*,#2395,.F.);
#3403=ORIENTED_EDGE('',*,*,#2460,.T.);
#3404=ORIENTED_EDGE('',*,*,#2461,.F.);
#3405=ORIENTED_EDGE('',*,*,#2458,.F.);
#3406=ORIENTED_EDGE('',*,*,#2462,.F.);
#3407=ORIENTED_EDGE('',*,*,#2463,.F.);
#3408=ORIENTED_EDGE('',*,*,#2460,.F.);
#3409=ORIENTED_EDGE('',*,*,#2394,.F.);
#3410=ORIENTED_EDGE('',*,*,#2464,.F.);
#3411=ORIENTED_EDGE('',*,*,#2459,.T.);
#3412=ORIENTED_EDGE('',*,*,#2461,.T.);
#3413=ORIENTED_EDGE('',*,*,#2463,.T.);
#3414=ORIENTED_EDGE('',*,*,#2444,.T.);
#3415=ORIENTED_EDGE('',*,*,#2465,.F.);
#3416=ORIENTED_EDGE('',*,*,#2385,.T.);
#3417=ORIENTED_EDGE('',*,*,#2466,.T.);
#3418=ORIENTED_EDGE('',*,*,#2467,.T.);
#3419=ORIENTED_EDGE('',*,*,#2468,.T.);
#3420=ORIENTED_EDGE('',*,*,#2381,.T.);
#3421=ORIENTED_EDGE('',*,*,#2457,.T.);
#3422=ORIENTED_EDGE('',*,*,#2464,.T.);
#3423=ORIENTED_EDGE('',*,*,#2462,.T.);
#3424=ORIENTED_EDGE('',*,*,#2393,.T.);
#3425=ORIENTED_EDGE('',*,*,#2469,.T.);
#3426=ORIENTED_EDGE('',*,*,#2325,.T.);
#3427=ORIENTED_EDGE('',*,*,#2322,.T.);
#3428=ORIENTED_EDGE('',*,*,#2319,.T.);
#3429=ORIENTED_EDGE('',*,*,#2328,.T.);
#3430=ORIENTED_EDGE('',*,*,#2337,.T.);
#3431=ORIENTED_EDGE('',*,*,#2334,.T.);
#3432=ORIENTED_EDGE('',*,*,#2331,.T.);
#3433=ORIENTED_EDGE('',*,*,#2340,.T.);
#3434=ORIENTED_EDGE('',*,*,#2382,.F.);
#3435=ORIENTED_EDGE('',*,*,#2468,.F.);
#3436=ORIENTED_EDGE('',*,*,#2470,.F.);
#3437=ORIENTED_EDGE('',*,*,#2471,.F.);
#3438=ORIENTED_EDGE('',*,*,#2467,.F.);
#3439=ORIENTED_EDGE('',*,*,#2472,.T.);
#3440=ORIENTED_EDGE('',*,*,#2473,.T.);
#3441=ORIENTED_EDGE('',*,*,#2470,.T.);
#3442=ORIENTED_EDGE('',*,*,#2383,.F.);
#3443=ORIENTED_EDGE('',*,*,#2471,.T.);
#3444=ORIENTED_EDGE('',*,*,#2473,.F.);
#3445=ORIENTED_EDGE('',*,*,#2474,.F.);
#3446=ORIENTED_EDGE('',*,*,#2384,.F.);
#3447=ORIENTED_EDGE('',*,*,#2474,.T.);
#3448=ORIENTED_EDGE('',*,*,#2472,.F.);
#3449=ORIENTED_EDGE('',*,*,#2466,.F.);
#3450=ORIENTED_EDGE('',*,*,#2411,.T.);
#3451=ORIENTED_EDGE('',*,*,#2438,.T.);
#3452=ORIENTED_EDGE('',*,*,#2475,.F.);
#3453=ORIENTED_EDGE('',*,*,#2391,.T.);
#3454=ORIENTED_EDGE('',*,*,#2452,.T.);
#3455=ORIENTED_EDGE('',*,*,#2443,.T.);
#3456=ORIENTED_EDGE('',*,*,#2447,.F.);
#3457=ORIENTED_EDGE('',*,*,#2386,.F.);
#3458=ORIENTED_EDGE('',*,*,#2465,.T.);
#3459=ORIENTED_EDGE('',*,*,#2445,.T.);
#3460=ORIENTED_EDGE('',*,*,#2469,.F.);
#3461=ORIENTED_EDGE('',*,*,#2392,.F.);
#3462=ORIENTED_EDGE('',*,*,#2475,.T.);
#3463=ORIENTED_EDGE('',*,*,#2355,.F.);
#3464=ORIENTED_EDGE('',*,*,#2367,.T.);
#3465=ORIENTED_EDGE('',*,*,#2476,.F.);
#3466=ORIENTED_EDGE('',*,*,#2477,.F.);
#3467=ORIENTED_EDGE('',*,*,#2352,.F.);
#3468=ORIENTED_EDGE('',*,*,#2477,.T.);
#3469=ORIENTED_EDGE('',*,*,#2478,.F.);
#3470=ORIENTED_EDGE('',*,*,#2479,.F.);
#3471=ORIENTED_EDGE('',*,*,#2349,.F.);
#3472=ORIENTED_EDGE('',*,*,#2479,.T.);
#3473=ORIENTED_EDGE('',*,*,#2480,.F.);
#3474=ORIENTED_EDGE('',*,*,#2481,.F.);
#3475=ORIENTED_EDGE('',*,*,#2346,.F.);
#3476=ORIENTED_EDGE('',*,*,#2481,.T.);
#3477=ORIENTED_EDGE('',*,*,#2482,.F.);
#3478=ORIENTED_EDGE('',*,*,#2372,.F.);
#3479=ORIENTED_EDGE('',*,*,#2453,.T.);
#3480=ORIENTED_EDGE('',*,*,#2455,.T.);
#3481=ORIENTED_EDGE('',*,*,#2373,.T.);
#3482=ORIENTED_EDGE('',*,*,#2482,.T.);
#3483=ORIENTED_EDGE('',*,*,#2480,.T.);
#3484=ORIENTED_EDGE('',*,*,#2478,.T.);
#3485=ORIENTED_EDGE('',*,*,#2476,.T.);
#3486=ORIENTED_EDGE('',*,*,#2366,.T.);
#3487=ORIENTED_EDGE('',*,*,#2369,.T.);
#3488=ORIENTED_EDGE('',*,*,#2371,.T.);
#3489=ORIENTED_EDGE('',*,*,#2427,.T.);
#3490=ORIENTED_EDGE('',*,*,#2430,.T.);
#3491=ORIENTED_EDGE('',*,*,#2433,.T.);
#3492=ORIENTED_EDGE('',*,*,#2436,.T.);
#3493=ORIENTED_EDGE('',*,*,#2414,.T.);
#3494=ORIENTED_EDGE('',*,*,#2418,.T.);
#3495=ORIENTED_EDGE('',*,*,#2421,.T.);
#3496=ORIENTED_EDGE('',*,*,#2424,.T.);
#3497=ORIENTED_EDGE('',*,*,#2483,.F.);
#3498=ORIENTED_EDGE('',*,*,#2484,.T.);
#3499=ORIENTED_EDGE('',*,*,#2485,.F.);
#3500=ORIENTED_EDGE('',*,*,#2484,.F.);
#3501=ORIENTED_EDGE('',*,*,#2486,.F.);
#3502=ORIENTED_EDGE('',*,*,#2487,.T.);
#3503=ORIENTED_EDGE('',*,*,#2488,.F.);
#3504=ORIENTED_EDGE('',*,*,#2487,.F.);
#3505=ORIENTED_EDGE('',*,*,#2486,.T.);
#3506=ORIENTED_EDGE('',*,*,#2483,.T.);
#3507=ORIENTED_EDGE('',*,*,#2489,.T.);
#3508=ORIENTED_EDGE('',*,*,#2490,.T.);
#3509=ORIENTED_EDGE('',*,*,#2491,.T.);
#3510=ORIENTED_EDGE('',*,*,#2492,.T.);
#3511=ORIENTED_EDGE('',*,*,#2493,.T.);
#3512=ORIENTED_EDGE('',*,*,#2494,.T.);
#3513=ORIENTED_EDGE('',*,*,#2495,.T.);
#3514=ORIENTED_EDGE('',*,*,#2496,.T.);
#3515=ORIENTED_EDGE('',*,*,#2497,.T.);
#3516=ORIENTED_EDGE('',*,*,#2498,.T.);
#3517=ORIENTED_EDGE('',*,*,#2499,.T.);
#3518=ORIENTED_EDGE('',*,*,#2488,.T.);
#3519=ORIENTED_EDGE('',*,*,#2500,.F.);
#3520=ORIENTED_EDGE('',*,*,#2501,.T.);
#3521=ORIENTED_EDGE('',*,*,#2502,.F.);
#3522=ORIENTED_EDGE('',*,*,#2501,.F.);
#3523=ORIENTED_EDGE('',*,*,#2503,.F.);
#3524=ORIENTED_EDGE('',*,*,#2504,.T.);
#3525=ORIENTED_EDGE('',*,*,#2497,.F.);
#3526=ORIENTED_EDGE('',*,*,#2504,.F.);
#3527=ORIENTED_EDGE('',*,*,#2503,.T.);
#3528=ORIENTED_EDGE('',*,*,#2500,.T.);
#3529=ORIENTED_EDGE('',*,*,#2485,.T.);
#3530=ORIENTED_EDGE('',*,*,#2505,.F.);
#3531=ORIENTED_EDGE('',*,*,#2506,.T.);
#3532=ORIENTED_EDGE('',*,*,#2507,.F.);
#3533=ORIENTED_EDGE('',*,*,#2506,.F.);
#3534=ORIENTED_EDGE('',*,*,#2508,.F.);
#3535=ORIENTED_EDGE('',*,*,#2509,.T.);
#3536=ORIENTED_EDGE('',*,*,#2499,.F.);
#3537=ORIENTED_EDGE('',*,*,#2509,.F.);
#3538=ORIENTED_EDGE('',*,*,#2508,.T.);
#3539=ORIENTED_EDGE('',*,*,#2505,.T.);
#3540=ORIENTED_EDGE('',*,*,#2502,.T.);
#3541=ORIENTED_EDGE('',*,*,#2510,.F.);
#3542=ORIENTED_EDGE('',*,*,#2511,.T.);
#3543=ORIENTED_EDGE('',*,*,#2512,.F.);
#3544=ORIENTED_EDGE('',*,*,#2511,.F.);
#3545=ORIENTED_EDGE('',*,*,#2513,.F.);
#3546=ORIENTED_EDGE('',*,*,#2514,.T.);
#3547=ORIENTED_EDGE('',*,*,#2498,.F.);
#3548=ORIENTED_EDGE('',*,*,#2514,.F.);
#3549=ORIENTED_EDGE('',*,*,#2513,.T.);
#3550=ORIENTED_EDGE('',*,*,#2510,.T.);
#3551=ORIENTED_EDGE('',*,*,#2507,.T.);
#3552=ORIENTED_EDGE('',*,*,#2492,.F.);
#3553=ORIENTED_EDGE('',*,*,#2515,.T.);
#3554=ORIENTED_EDGE('',*,*,#2516,.F.);
#3555=ORIENTED_EDGE('',*,*,#2517,.F.);
#3556=ORIENTED_EDGE('',*,*,#2491,.F.);
#3557=ORIENTED_EDGE('',*,*,#2518,.T.);
#3558=ORIENTED_EDGE('',*,*,#2519,.F.);
#3559=ORIENTED_EDGE('',*,*,#2515,.F.);
#3560=ORIENTED_EDGE('',*,*,#2490,.F.);
#3561=ORIENTED_EDGE('',*,*,#2520,.T.);
#3562=ORIENTED_EDGE('',*,*,#2521,.F.);
#3563=ORIENTED_EDGE('',*,*,#2518,.F.);
#3564=ORIENTED_EDGE('',*,*,#2489,.F.);
#3565=ORIENTED_EDGE('',*,*,#2522,.T.);
#3566=ORIENTED_EDGE('',*,*,#2523,.F.);
#3567=ORIENTED_EDGE('',*,*,#2520,.F.);
#3568=ORIENTED_EDGE('',*,*,#2524,.F.);
#3569=ORIENTED_EDGE('',*,*,#2525,.T.);
#3570=ORIENTED_EDGE('',*,*,#2526,.F.);
#3571=ORIENTED_EDGE('',*,*,#2527,.F.);
#3572=ORIENTED_EDGE('',*,*,#2528,.F.);
#3573=ORIENTED_EDGE('',*,*,#2529,.T.);
#3574=ORIENTED_EDGE('',*,*,#2530,.F.);
#3575=ORIENTED_EDGE('',*,*,#2525,.F.);
#3576=ORIENTED_EDGE('',*,*,#2531,.F.);
#3577=ORIENTED_EDGE('',*,*,#2532,.T.);
#3578=ORIENTED_EDGE('',*,*,#2533,.F.);
#3579=ORIENTED_EDGE('',*,*,#2529,.F.);
#3580=ORIENTED_EDGE('',*,*,#2534,.F.);
#3581=ORIENTED_EDGE('',*,*,#2535,.T.);
#3582=ORIENTED_EDGE('',*,*,#2536,.F.);
#3583=ORIENTED_EDGE('',*,*,#2532,.F.);
#3584=ORIENTED_EDGE('',*,*,#2496,.F.);
#3585=ORIENTED_EDGE('',*,*,#2537,.T.);
#3586=ORIENTED_EDGE('',*,*,#2538,.F.);
#3587=ORIENTED_EDGE('',*,*,#2522,.F.);
#3588=ORIENTED_EDGE('',*,*,#2495,.F.);
#3589=ORIENTED_EDGE('',*,*,#2539,.T.);
#3590=ORIENTED_EDGE('',*,*,#2540,.F.);
#3591=ORIENTED_EDGE('',*,*,#2537,.F.);
#3592=ORIENTED_EDGE('',*,*,#2494,.F.);
#3593=ORIENTED_EDGE('',*,*,#2541,.T.);
#3594=ORIENTED_EDGE('',*,*,#2542,.F.);
#3595=ORIENTED_EDGE('',*,*,#2539,.F.);
#3596=ORIENTED_EDGE('',*,*,#2493,.F.);
#3597=ORIENTED_EDGE('',*,*,#2517,.T.);
#3598=ORIENTED_EDGE('',*,*,#2543,.F.);
#3599=ORIENTED_EDGE('',*,*,#2541,.F.);
#3600=ORIENTED_EDGE('',*,*,#2544,.F.);
#3601=ORIENTED_EDGE('',*,*,#2527,.T.);
#3602=ORIENTED_EDGE('',*,*,#2545,.F.);
#3603=ORIENTED_EDGE('',*,*,#2546,.F.);
#3604=ORIENTED_EDGE('',*,*,#2547,.F.);
#3605=ORIENTED_EDGE('',*,*,#2546,.T.);
#3606=ORIENTED_EDGE('',*,*,#2548,.F.);
#3607=ORIENTED_EDGE('',*,*,#2549,.F.);
#3608=ORIENTED_EDGE('',*,*,#2550,.F.);
#3609=ORIENTED_EDGE('',*,*,#2549,.T.);
#3610=ORIENTED_EDGE('',*,*,#2551,.F.);
#3611=ORIENTED_EDGE('',*,*,#2552,.F.);
#3612=ORIENTED_EDGE('',*,*,#2553,.F.);
#3613=ORIENTED_EDGE('',*,*,#2552,.T.);
#3614=ORIENTED_EDGE('',*,*,#2554,.F.);
#3615=ORIENTED_EDGE('',*,*,#2535,.F.);
#3616=ORIENTED_EDGE('',*,*,#2554,.T.);
#3617=ORIENTED_EDGE('',*,*,#2551,.T.);
#3618=ORIENTED_EDGE('',*,*,#2548,.T.);
#3619=ORIENTED_EDGE('',*,*,#2545,.T.);
#3620=ORIENTED_EDGE('',*,*,#2526,.T.);
#3621=ORIENTED_EDGE('',*,*,#2530,.T.);
#3622=ORIENTED_EDGE('',*,*,#2533,.T.);
#3623=ORIENTED_EDGE('',*,*,#2536,.T.);
#3624=ORIENTED_EDGE('',*,*,#2523,.T.);
#3625=ORIENTED_EDGE('',*,*,#2538,.T.);
#3626=ORIENTED_EDGE('',*,*,#2540,.T.);
#3627=ORIENTED_EDGE('',*,*,#2542,.T.);
#3628=ORIENTED_EDGE('',*,*,#2543,.T.);
#3629=ORIENTED_EDGE('',*,*,#2516,.T.);
#3630=ORIENTED_EDGE('',*,*,#2519,.T.);
#3631=ORIENTED_EDGE('',*,*,#2521,.T.);
#3632=ORIENTED_EDGE('',*,*,#2555,.F.);
#3633=ORIENTED_EDGE('',*,*,#2556,.T.);
#3634=ORIENTED_EDGE('',*,*,#2557,.F.);
#3635=ORIENTED_EDGE('',*,*,#2558,.T.);
#3636=ORIENTED_EDGE('',*,*,#2559,.F.);
#3637=ORIENTED_EDGE('',*,*,#2560,.T.);
#3638=ORIENTED_EDGE('',*,*,#2561,.F.);
#3639=ORIENTED_EDGE('',*,*,#2562,.T.);
#3640=ORIENTED_EDGE('',*,*,#2534,.T.);
#3641=ORIENTED_EDGE('',*,*,#2531,.T.);
#3642=ORIENTED_EDGE('',*,*,#2528,.T.);
#3643=ORIENTED_EDGE('',*,*,#2524,.T.);
#3644=ORIENTED_EDGE('',*,*,#2544,.T.);
#3645=ORIENTED_EDGE('',*,*,#2547,.T.);
#3646=ORIENTED_EDGE('',*,*,#2550,.T.);
#3647=ORIENTED_EDGE('',*,*,#2553,.T.);
#3648=ORIENTED_EDGE('',*,*,#2563,.T.);
#3649=ORIENTED_EDGE('',*,*,#2564,.T.);
#3650=ORIENTED_EDGE('',*,*,#2565,.T.);
#3651=ORIENTED_EDGE('',*,*,#2566,.T.);
#3652=ORIENTED_EDGE('',*,*,#2567,.T.);
#3653=ORIENTED_EDGE('',*,*,#2568,.T.);
#3654=ORIENTED_EDGE('',*,*,#2565,.F.);
#3655=ORIENTED_EDGE('',*,*,#2569,.T.);
#3656=ORIENTED_EDGE('',*,*,#2570,.T.);
#3657=ORIENTED_EDGE('',*,*,#2571,.T.);
#3658=ORIENTED_EDGE('',*,*,#2567,.F.);
#3659=ORIENTED_EDGE('',*,*,#2572,.T.);
#3660=ORIENTED_EDGE('',*,*,#2573,.T.);
#3661=ORIENTED_EDGE('',*,*,#2574,.T.);
#3662=ORIENTED_EDGE('',*,*,#2570,.F.);
#3663=ORIENTED_EDGE('',*,*,#2575,.T.);
#3664=ORIENTED_EDGE('',*,*,#2576,.T.);
#3665=ORIENTED_EDGE('',*,*,#2577,.T.);
#3666=ORIENTED_EDGE('',*,*,#2573,.F.);
#3667=ORIENTED_EDGE('',*,*,#2578,.T.);
#3668=ORIENTED_EDGE('',*,*,#2579,.T.);
#3669=ORIENTED_EDGE('',*,*,#2580,.T.);
#3670=ORIENTED_EDGE('',*,*,#2576,.F.);
#3671=ORIENTED_EDGE('',*,*,#2581,.T.);
#3672=ORIENTED_EDGE('',*,*,#2582,.T.);
#3673=ORIENTED_EDGE('',*,*,#2583,.T.);
#3674=ORIENTED_EDGE('',*,*,#2579,.F.);
#3675=ORIENTED_EDGE('',*,*,#2584,.T.);
#3676=ORIENTED_EDGE('',*,*,#2563,.F.);
#3677=ORIENTED_EDGE('',*,*,#2585,.T.);
#3678=ORIENTED_EDGE('',*,*,#2582,.F.);
#3679=ORIENTED_EDGE('',*,*,#2586,.T.);
#3680=ORIENTED_EDGE('',*,*,#2575,.F.);
#3681=ORIENTED_EDGE('',*,*,#2587,.F.);
#3682=ORIENTED_EDGE('',*,*,#2559,.T.);
#3683=ORIENTED_EDGE('',*,*,#2588,.T.);
#3684=ORIENTED_EDGE('',*,*,#2572,.F.);
#3685=ORIENTED_EDGE('',*,*,#2589,.F.);
#3686=ORIENTED_EDGE('',*,*,#2560,.F.);
#3687=ORIENTED_EDGE('',*,*,#2587,.T.);
#3688=ORIENTED_EDGE('',*,*,#2569,.F.);
#3689=ORIENTED_EDGE('',*,*,#2590,.F.);
#3690=ORIENTED_EDGE('',*,*,#2561,.T.);
#3691=ORIENTED_EDGE('',*,*,#2589,.T.);
#3692=ORIENTED_EDGE('',*,*,#2564,.F.);
#3693=ORIENTED_EDGE('',*,*,#2591,.F.);
#3694=ORIENTED_EDGE('',*,*,#2562,.F.);
#3695=ORIENTED_EDGE('',*,*,#2590,.T.);
#3696=ORIENTED_EDGE('',*,*,#2566,.F.);
#3697=ORIENTED_EDGE('',*,*,#2568,.F.);
#3698=ORIENTED_EDGE('',*,*,#2571,.F.);
#3699=ORIENTED_EDGE('',*,*,#2574,.F.);
#3700=ORIENTED_EDGE('',*,*,#2577,.F.);
#3701=ORIENTED_EDGE('',*,*,#2580,.F.);
#3702=ORIENTED_EDGE('',*,*,#2583,.F.);
#3703=ORIENTED_EDGE('',*,*,#2585,.F.);
#3704=ORIENTED_EDGE('',*,*,#2584,.F.);
#3705=ORIENTED_EDGE('',*,*,#2592,.F.);
#3706=ORIENTED_EDGE('',*,*,#2556,.F.);
#3707=ORIENTED_EDGE('',*,*,#2593,.T.);
#3708=ORIENTED_EDGE('',*,*,#2581,.F.);
#3709=ORIENTED_EDGE('',*,*,#2594,.F.);
#3710=ORIENTED_EDGE('',*,*,#2557,.T.);
#3711=ORIENTED_EDGE('',*,*,#2592,.T.);
#3712=ORIENTED_EDGE('',*,*,#2578,.F.);
#3713=ORIENTED_EDGE('',*,*,#2588,.F.);
#3714=ORIENTED_EDGE('',*,*,#2558,.F.);
#3715=ORIENTED_EDGE('',*,*,#2594,.T.);
#3716=ORIENTED_EDGE('',*,*,#2586,.F.);
#3717=ORIENTED_EDGE('',*,*,#2593,.F.);
#3718=ORIENTED_EDGE('',*,*,#2555,.T.);
#3719=ORIENTED_EDGE('',*,*,#2591,.T.);
#3720=ORIENTED_EDGE('',*,*,#2512,.T.);
#3721=PLANE('',#4201);
#3722=PLANE('',#4202);
#3723=PLANE('',#4203);
#3724=PLANE('',#4204);
#3725=PLANE('',#4205);
#3726=PLANE('',#4206);
#3727=PLANE('',#4207);
#3728=PLANE('',#4211);
#3729=PLANE('',#4212);
#3730=PLANE('',#4215);
#3731=PLANE('',#4216);
#3732=PLANE('',#4219);
#3733=PLANE('',#4220);
#3734=PLANE('',#4224);
#3735=PLANE('',#4225);
#3736=PLANE('',#4226);
#3737=PLANE('',#4227);
#3738=PLANE('',#4228);
#3739=PLANE('',#4229);
#3740=PLANE('',#4230);
#3741=PLANE('',#4233);
#3742=PLANE('',#4234);
#3743=PLANE('',#4237);
#3744=PLANE('',#4241);
#3745=PLANE('',#4242);
#3746=PLANE('',#4243);
#3747=PLANE('',#4244);
#3748=PLANE('',#4248);
#3749=PLANE('',#4249);
#3750=PLANE('',#4250);
#3751=PLANE('',#4251);
#3752=PLANE('',#4252);
#3753=PLANE('',#4253);
#3754=PLANE('',#4256);
#3755=PLANE('',#4259);
#3756=PLANE('',#4260);
#3757=PLANE('',#4261);
#3758=PLANE('',#4262);
#3759=PLANE('',#4263);
#3760=PLANE('',#4264);
#3761=PLANE('',#4265);
#3762=PLANE('',#4266);
#3763=PLANE('',#4268);
#3764=PLANE('',#4269);
#3765=PLANE('',#4278);
#3766=PLANE('',#4281);
#3767=PLANE('',#4283);
#3768=PLANE('',#4284);
#3769=PLANE('',#4286);
#3770=PLANE('',#4287);
#3771=PLANE('',#4288);
#3772=PLANE('',#4293);
#3773=PLANE('',#4294);
#3774=PLANE('',#4295);
#3775=PLANE('',#4300);
#3776=PLANE('',#4302);
#3777=PLANE('',#4304);
#3778=PLANE('',#4306);
#3779=PLANE('',#4308);
#3780=PLANE('',#4309);
#3781=PLANE('',#4314);
#3782=PLANE('',#4315);
#3783=PLANE('',#4316);
#3784=PLANE('',#4340);
#3785=PLANE('',#4366);
#3786=PLANE('',#4367);
#3787=PLANE('',#4389);
#3788=PLANE('',#4390);
#3789=PLANE('',#4391);
#3790=PLANE('',#4392);
#3791=PLANE('',#4393);
#3792=PLANE('',#4394);
#3793=PLANE('',#4395);
#3794=PLANE('',#4396);
#3795=PLANE('',#4417);
#3796=PLANE('',#4420);
#3797=PLANE('',#4423);
#3798=PLANE('',#4430);
#3799=PLANE('',#4431);
#3800=PLANE('',#4444);
#3801=PLANE('',#4445);
#3802=PLANE('',#4451);
#3803=PLANE('',#4452);
#3804=PLANE('',#4458);
#3805=PLANE('',#4459);
#3806=PLANE('',#4460);
#3807=PLANE('',#4464);
#3808=PLANE('',#4468);
#3809=PLANE('',#4472);
#3810=PLANE('',#4476);
#3811=PLANE('',#4481);
#3812=PLANE('',#4483);
#3813=PLANE('',#4491);
#3814=PLANE('',#4492);
#3815=PLANE('',#4493);
#3816=PLANE('',#4494);
#3817=PLANE('',#4495);
#3818=PLANE('',#4496);
#3819=PLANE('',#4497);
#3820=PLANE('',#4498);
#3821=PLANE('',#4499);
#3822=PLANE('',#4500);
#3823=PLANE('',#4501);
#3824=PLANE('',#4506);
#3825=PLANE('',#4509);
#3826=PLANE('',#4510);
#3827=PLANE('',#4517);
#3828=PLANE('',#4518);
#3829=PLANE('',#4531);
#3830=PLANE('',#4532);
#3831=PLANE('',#4538);
#3832=PLANE('',#4539);
#3833=PLANE('',#4545);
#3834=PLANE('',#4546);
#3835=PLANE('',#4547);
#3836=PLANE('',#4550);
#3837=PLANE('',#4553);
#3838=PLANE('',#4557);
#3839=PLANE('',#4561);
#3840=PLANE('',#4564);
#3841=PLANE('',#4570);
#3842=PLANE('',#4574);
#3843=PLANE('',#4575);
#3844=PLANE('',#4576);
#3845=PLANE('',#4582);
#3846=PLANE('',#4584);
#3847=PLANE('',#4585);
#3848=PLANE('',#4586);
#3849=PLANE('',#4588);
#3850=PLANE('',#4590);
#3851=STYLED_ITEM('',(#7364),#3932);
#3852=STYLED_ITEM('',(#7364),#3933);
#3853=STYLED_ITEM('',(#7364),#3934);
#3854=STYLED_ITEM('',(#7364),#3935);
#3855=STYLED_ITEM('',(#7364),#3936);
#3856=STYLED_ITEM('',(#7364),#3937);
#3857=STYLED_ITEM('',(#7364),#3938);
#3858=STYLED_ITEM('',(#7365),#3939);
#3859=STYLED_ITEM('',(#7364),#3940);
#3860=STYLED_ITEM('',(#7365),#3941);
#3861=STYLED_ITEM('',(#7364),#3942);
#3862=STYLED_ITEM('',(#7365),#3943);
#3863=STYLED_ITEM('',(#7364),#3944);
#3864=STYLED_ITEM('',(#7364),#3945);
#3865=STYLED_ITEM('',(#7365),#3946);
#3866=STYLED_ITEM('',(#7364),#3947);
#3867=STYLED_ITEM('',(#7365),#3948);
#3868=STYLED_ITEM('',(#7365),#3949);
#3869=STYLED_ITEM('',(#7365),#3950);
#3870=STYLED_ITEM('',(#7365),#3951);
#3871=STYLED_ITEM('',(#7365),#3952);
#3872=STYLED_ITEM('',(#7365),#3953);
#3873=STYLED_ITEM('',(#7365),#3954);
#3874=STYLED_ITEM('',(#7365),#3955);
#3875=STYLED_ITEM('',(#7365),#3956);
#3876=STYLED_ITEM('',(#7365),#3957);
#3877=STYLED_ITEM('',(#7365),#3958);
#3878=STYLED_ITEM('',(#7365),#3959);
#3879=STYLED_ITEM('',(#7365),#3960);
#3880=STYLED_ITEM('',(#7365),#3961);
#3881=STYLED_ITEM('',(#7365),#3962);
#3882=STYLED_ITEM('',(#7365),#3963);
#3883=STYLED_ITEM('',(#7365),#3964);
#3884=STYLED_ITEM('',(#7365),#3965);
#3885=STYLED_ITEM('',(#7365),#3966);
#3886=STYLED_ITEM('',(#7366),#3967);
#3887=STYLED_ITEM('',(#7366),#3968);
#3888=STYLED_ITEM('',(#7366),#3969);
#3889=STYLED_ITEM('',(#7365),#3970);
#3890=STYLED_ITEM('',(#7365),#3971);
#3891=STYLED_ITEM('',(#7365),#3972);
#3892=STYLED_ITEM('',(#7365),#3973);
#3893=STYLED_ITEM('',(#7365),#3974);
#3894=STYLED_ITEM('',(#7365),#3975);
#3895=STYLED_ITEM('',(#7365),#3976);
#3896=STYLED_ITEM('',(#7365),#3977);
#3897=STYLED_ITEM('',(#7365),#3978);
#3898=STYLED_ITEM('',(#7365),#3979);
#3899=STYLED_ITEM('',(#7365),#3980);
#3900=STYLED_ITEM('',(#7366),#3981);
#3901=STYLED_ITEM('',(#7363),#75);
#3902=STYLED_ITEM('',(#7367),#3982);
#3903=STYLED_ITEM('',(#7367),#3983);
#3904=STYLED_ITEM('',(#7367),#3984);
#3905=STYLED_ITEM('',(#7367),#3985);
#3906=STYLED_ITEM('',(#7367),#3986);
#3907=STYLED_ITEM('',(#7367),#3987);
#3908=STYLED_ITEM('',(#7367),#3988);
#3909=STYLED_ITEM('',(#7364),#3989);
#3910=STYLED_ITEM('',(#7367),#3990);
#3911=STYLED_ITEM('',(#7367),#3991);
#3912=STYLED_ITEM('',(#7364),#3992);
#3913=STYLED_ITEM('',(#7364),#3993);
#3914=STYLED_ITEM('',(#7367),#3994);
#3915=STYLED_ITEM('',(#7368),#3995);
#3916=STYLED_ITEM('',(#7368),#3996);
#3917=STYLED_ITEM('',(#7367),#3997);
#3918=STYLED_ITEM('',(#7368),#3998);
#3919=STYLED_ITEM('',(#7367),#3999);
#3920=STYLED_ITEM('',(#7367),#4000);
#3921=STYLED_ITEM('',(#7367),#4001);
#3922=STYLED_ITEM('',(#7367),#4002);
#3923=STYLED_ITEM('',(#7367),#4003);
#3924=STYLED_ITEM('',(#7367),#4004);
#3925=STYLED_ITEM('',(#7367),#4005);
#3926=STYLED_ITEM('',(#7368),#4006);
#3927=STYLED_ITEM('',(#7368),#4007);
#3928=STYLED_ITEM('',(#7363),#76);
#3929=STYLED_ITEM('',(#7369),#77);
#3930=STYLED_ITEM('',(#7363),#78);
#3931=STYLED_ITEM('',(#7363),#79);
#3932=ADVANCED_FACE('',(#407),#3721,.F.);
#3933=ADVANCED_FACE('',(#408),#3722,.T.);
#3934=ADVANCED_FACE('',(#409),#3723,.F.);
#3935=ADVANCED_FACE('',(#410),#3724,.T.);
#3936=ADVANCED_FACE('',(#411),#3725,.T.);
#3937=ADVANCED_FACE('',(#412),#3726,.T.);
#3938=ADVANCED_FACE('',(#413),#3727,.T.);
#3939=ADVANCED_FACE('',(#414),#321,.T.);
#3940=ADVANCED_FACE('',(#415),#3728,.T.);
#3941=ADVANCED_FACE('',(#416),#3729,.F.);
#3942=ADVANCED_FACE('',(#417,#80),#3730,.F.);
#3943=ADVANCED_FACE('',(#418),#3731,.F.);
#3944=ADVANCED_FACE('',(#419),#3732,.T.);
#3945=ADVANCED_FACE('',(#420),#3733,.T.);
#3946=ADVANCED_FACE('',(#421),#322,.T.);
#3947=ADVANCED_FACE('',(#422),#3734,.T.);
#3948=ADVANCED_FACE('',(#423),#3735,.F.);
#3949=ADVANCED_FACE('',(#424),#3736,.F.);
#3950=ADVANCED_FACE('',(#425),#3737,.F.);
#3951=ADVANCED_FACE('',(#426),#3738,.T.);
#3952=ADVANCED_FACE('',(#427),#3739,.F.);
#3953=ADVANCED_FACE('',(#428),#3740,.F.);
#3954=ADVANCED_FACE('',(#429),#323,.T.);
#3955=ADVANCED_FACE('',(#430),#3741,.F.);
#3956=ADVANCED_FACE('',(#431),#3742,.F.);
#3957=ADVANCED_FACE('',(#432),#324,.T.);
#3958=ADVANCED_FACE('',(#433),#3743,.F.);
#3959=ADVANCED_FACE('',(#434),#325,.T.);
#3960=ADVANCED_FACE('',(#435),#3744,.F.);
#3961=ADVANCED_FACE('',(#436),#3745,.F.);
#3962=ADVANCED_FACE('',(#437),#3746,.F.);
#3963=ADVANCED_FACE('',(#438),#3747,.F.);
#3964=ADVANCED_FACE('',(#439),#326,.T.);
#3965=ADVANCED_FACE('',(#440),#3748,.F.);
#3966=ADVANCED_FACE('',(#441),#3749,.F.);
#3967=ADVANCED_FACE('',(#442),#3750,.T.);
#3968=ADVANCED_FACE('',(#443),#3751,.T.);
#3969=ADVANCED_FACE('',(#444),#3752,.T.);
#3970=ADVANCED_FACE('',(#445),#3753,.F.);
#3971=ADVANCED_FACE('',(#446),#327,.T.);
#3972=ADVANCED_FACE('',(#447),#3754,.T.);
#3973=ADVANCED_FACE('',(#448),#328,.T.);
#3974=ADVANCED_FACE('',(#449),#3755,.T.);
#3975=ADVANCED_FACE('',(#450),#3756,.F.);
#3976=ADVANCED_FACE('',(#451),#3757,.F.);
#3977=ADVANCED_FACE('',(#452),#3758,.F.);
#3978=ADVANCED_FACE('',(#453),#3759,.F.);
#3979=ADVANCED_FACE('',(#454),#3760,.T.);
#3980=ADVANCED_FACE('',(#455),#3761,.T.);
#3981=ADVANCED_FACE('',(#456),#3762,.T.);
#3982=ADVANCED_FACE('',(#457),#3763,.F.);
#3983=ADVANCED_FACE('',(#458),#3764,.F.);
#3984=ADVANCED_FACE('',(#459),#329,.T.);
#3985=ADVANCED_FACE('',(#460),#330,.T.);
#3986=ADVANCED_FACE('',(#461),#3765,.T.);
#3987=ADVANCED_FACE('',(#462),#3766,.F.);
#3988=ADVANCED_FACE('',(#463),#331,.T.);
#3989=ADVANCED_FACE('',(#464),#3767,.F.);
#3990=ADVANCED_FACE('',(#465),#3768,.T.);
#3991=ADVANCED_FACE('',(#466),#332,.T.);
#3992=ADVANCED_FACE('',(#467),#3769,.T.);
#3993=ADVANCED_FACE('',(#468),#3770,.F.);
#3994=ADVANCED_FACE('',(#469),#3771,.F.);
#3995=ADVANCED_FACE('',(#470),#3772,.F.);
#3996=ADVANCED_FACE('',(#471),#3773,.F.);
#3997=ADVANCED_FACE('',(#472),#3774,.T.);
#3998=ADVANCED_FACE('',(#473),#3775,.T.);
#3999=ADVANCED_FACE('',(#474),#333,.T.);
#4000=ADVANCED_FACE('',(#475),#3776,.F.);
#4001=ADVANCED_FACE('',(#476),#334,.T.);
#4002=ADVANCED_FACE('',(#477),#3777,.T.);
#4003=ADVANCED_FACE('',(#478),#335,.T.);
#4004=ADVANCED_FACE('',(#479),#3778,.T.);
#4005=ADVANCED_FACE('',(#480),#336,.T.);
#4006=ADVANCED_FACE('',(#481),#3779,.T.);
#4007=ADVANCED_FACE('',(#482),#3780,.T.);
#4008=ADVANCED_FACE('',(#483),#337,.T.);
#4009=ADVANCED_FACE('',(#484),#3781,.T.);
#4010=ADVANCED_FACE('',(#485),#3782,.T.);
#4011=ADVANCED_FACE('',(#486,#81,#82,#83,#84,#85,#86,#87,#88,#89,#90,#91,
#92,#93,#94,#95,#96,#97,#98,#99,#100),#3783,.F.);
#4012=ADVANCED_FACE('',(#487,#101,#102,#103,#104,#105,#106,#107,#108,#109,
#110,#111,#112,#113,#114,#115,#116,#117,#118,#119,#120),#3784,.T.);
#4013=ADVANCED_FACE('',(#488),#338,.T.);
#4014=ADVANCED_FACE('',(#489),#339,.T.);
#4015=ADVANCED_FACE('',(#490),#3785,.T.);
#4016=ADVANCED_FACE('',(#491),#3786,.T.);
#4017=ADVANCED_FACE('',(#492),#340,.T.);
#4018=ADVANCED_FACE('',(#493),#341,.F.);
#4019=ADVANCED_FACE('',(#494),#342,.F.);
#4020=ADVANCED_FACE('',(#495),#343,.F.);
#4021=ADVANCED_FACE('',(#496),#344,.F.);
#4022=ADVANCED_FACE('',(#497),#345,.F.);
#4023=ADVANCED_FACE('',(#498),#346,.F.);
#4024=ADVANCED_FACE('',(#499),#347,.F.);
#4025=ADVANCED_FACE('',(#500),#348,.F.);
#4026=ADVANCED_FACE('',(#501),#349,.F.);
#4027=ADVANCED_FACE('',(#502),#350,.F.);
#4028=ADVANCED_FACE('',(#503),#351,.F.);
#4029=ADVANCED_FACE('',(#504),#352,.F.);
#4030=ADVANCED_FACE('',(#505),#353,.F.);
#4031=ADVANCED_FACE('',(#506),#354,.F.);
#4032=ADVANCED_FACE('',(#507),#355,.F.);
#4033=ADVANCED_FACE('',(#508),#356,.F.);
#4034=ADVANCED_FACE('',(#509),#357,.F.);
#4035=ADVANCED_FACE('',(#510),#358,.F.);
#4036=ADVANCED_FACE('',(#511),#359,.F.);
#4037=ADVANCED_FACE('',(#512),#360,.F.);
#4038=ADVANCED_FACE('',(#513),#3787,.F.);
#4039=ADVANCED_FACE('',(#514),#3788,.F.);
#4040=ADVANCED_FACE('',(#515),#3789,.F.);
#4041=ADVANCED_FACE('',(#516),#3790,.F.);
#4042=ADVANCED_FACE('',(#517),#3791,.F.);
#4043=ADVANCED_FACE('',(#518),#3792,.F.);
#4044=ADVANCED_FACE('',(#519),#3793,.F.);
#4045=ADVANCED_FACE('',(#520),#3794,.F.);
#4046=ADVANCED_FACE('',(#521),#63,.F.);
#4047=ADVANCED_FACE('',(#522),#361,.T.);
#4048=ADVANCED_FACE('',(#523),#64,.F.);
#4049=ADVANCED_FACE('',(#524),#362,.T.);
#4050=ADVANCED_FACE('',(#525),#65,.F.);
#4051=ADVANCED_FACE('',(#526),#363,.T.);
#4052=ADVANCED_FACE('',(#527),#66,.F.);
#4053=ADVANCED_FACE('',(#528),#364,.T.);
#4054=ADVANCED_FACE('',(#529,#121,#122),#3795,.T.);
#4055=ADVANCED_FACE('',(#530),#365,.T.);
#4056=ADVANCED_FACE('',(#531),#3796,.T.);
#4057=ADVANCED_FACE('',(#532),#366,.T.);
#4058=ADVANCED_FACE('',(#533),#3797,.F.);
#4059=ADVANCED_FACE('',(#534),#367,.F.);
#4060=ADVANCED_FACE('',(#535),#368,.T.);
#4061=ADVANCED_FACE('',(#536,#123),#3798,.T.);
#4062=ADVANCED_FACE('',(#537,#124,#125,#126,#127),#3799,.T.);
#4063=ADVANCED_FACE('',(#538),#369,.F.);
#4064=ADVANCED_FACE('',(#539),#370,.T.);
#4065=ADVANCED_FACE('',(#540,#128),#3800,.T.);
#4066=ADVANCED_FACE('',(#541),#3801,.T.);
#4067=ADVANCED_FACE('',(#542),#371,.F.);
#4068=ADVANCED_FACE('',(#543),#372,.T.);
#4069=ADVANCED_FACE('',(#544,#129),#3802,.T.);
#4070=ADVANCED_FACE('',(#545),#3803,.T.);
#4071=ADVANCED_FACE('',(#546),#373,.F.);
#4072=ADVANCED_FACE('',(#547),#374,.T.);
#4073=ADVANCED_FACE('',(#548,#130),#3804,.T.);
#4074=ADVANCED_FACE('',(#549),#3805,.T.);
#4075=ADVANCED_FACE('',(#550),#3806,.F.);
#4076=ADVANCED_FACE('',(#551),#375,.F.);
#4077=ADVANCED_FACE('',(#552),#3807,.F.);
#4078=ADVANCED_FACE('',(#553),#376,.F.);
#4079=ADVANCED_FACE('',(#554),#3808,.F.);
#4080=ADVANCED_FACE('',(#555),#377,.F.);
#4081=ADVANCED_FACE('',(#556),#3809,.F.);
#4082=ADVANCED_FACE('',(#557),#378,.F.);
#4083=ADVANCED_FACE('',(#558,#131),#3810,.T.);
#4084=ADVANCED_FACE('',(#559),#3811,.F.);
#4085=ADVANCED_FACE('',(#560),#379,.F.);
#4086=ADVANCED_FACE('',(#561,#132,#133),#3812,.F.);
#4087=ADVANCED_FACE('',(#562),#380,.F.);
#4088=ADVANCED_FACE('',(#563),#381,.F.);
#4089=ADVANCED_FACE('',(#564),#382,.F.);
#4090=ADVANCED_FACE('',(#565),#3813,.T.);
#4091=ADVANCED_FACE('',(#566),#3814,.T.);
#4092=ADVANCED_FACE('',(#567),#3815,.T.);
#4093=ADVANCED_FACE('',(#568),#3816,.T.);
#4094=ADVANCED_FACE('',(#569,#134,#135),#3817,.F.);
#4095=ADVANCED_FACE('',(#570),#3818,.T.);
#4096=ADVANCED_FACE('',(#571),#3819,.T.);
#4097=ADVANCED_FACE('',(#572),#3820,.T.);
#4098=ADVANCED_FACE('',(#573),#3821,.T.);
#4099=ADVANCED_FACE('',(#574),#3822,.T.);
#4100=ADVANCED_FACE('',(#575),#3823,.F.);
#4101=ADVANCED_FACE('',(#576),#383,.F.);
#4102=ADVANCED_FACE('',(#577),#384,.F.);
#4103=ADVANCED_FACE('',(#578),#385,.T.);
#4104=ADVANCED_FACE('',(#579),#3824,.T.);
#4105=ADVANCED_FACE('',(#580),#386,.T.);
#4106=ADVANCED_FACE('',(#581,#136,#137),#3825,.T.);
#4107=ADVANCED_FACE('',(#582,#138),#3826,.T.);
#4108=ADVANCED_FACE('',(#583),#387,.F.);
#4109=ADVANCED_FACE('',(#584),#388,.T.);
#4110=ADVANCED_FACE('',(#585,#139),#3827,.F.);
#4111=ADVANCED_FACE('',(#586,#140,#141,#142,#143),#3828,.F.);
#4112=ADVANCED_FACE('',(#587),#389,.F.);
#4113=ADVANCED_FACE('',(#588),#390,.T.);
#4114=ADVANCED_FACE('',(#589,#144),#3829,.F.);
#4115=ADVANCED_FACE('',(#590),#3830,.F.);
#4116=ADVANCED_FACE('',(#591),#391,.F.);
#4117=ADVANCED_FACE('',(#592),#392,.T.);
#4118=ADVANCED_FACE('',(#593,#145),#3831,.F.);
#4119=ADVANCED_FACE('',(#594),#3832,.F.);
#4120=ADVANCED_FACE('',(#595),#393,.F.);
#4121=ADVANCED_FACE('',(#596),#394,.T.);
#4122=ADVANCED_FACE('',(#597,#146),#3833,.F.);
#4123=ADVANCED_FACE('',(#598),#3834,.F.);
#4124=ADVANCED_FACE('',(#599),#3835,.F.);
#4125=ADVANCED_FACE('',(#600),#395,.F.);
#4126=ADVANCED_FACE('',(#601),#3836,.F.);
#4127=ADVANCED_FACE('',(#602),#396,.F.);
#4128=ADVANCED_FACE('',(#603),#3837,.T.);
#4129=ADVANCED_FACE('',(#604),#397,.T.);
#4130=ADVANCED_FACE('',(#605),#3838,.T.);
#4131=ADVANCED_FACE('',(#606),#398,.T.);
#4132=ADVANCED_FACE('',(#607),#3839,.F.);
#4133=ADVANCED_FACE('',(#608),#399,.F.);
#4134=ADVANCED_FACE('',(#609),#3840,.F.);
#4135=ADVANCED_FACE('',(#610),#400,.F.);
#4136=ADVANCED_FACE('',(#611),#401,.T.);
#4137=ADVANCED_FACE('',(#612),#3841,.T.);
#4138=ADVANCED_FACE('',(#613),#402,.T.);
#4139=ADVANCED_FACE('',(#614),#3842,.T.);
#4140=ADVANCED_FACE('',(#615,#147),#3843,.F.);
#4141=ADVANCED_FACE('',(#616,#148),#3844,.F.);
#4142=ADVANCED_FACE('',(#617),#55,.T.);
#4143=ADVANCED_FACE('',(#618),#56,.T.);
#4144=ADVANCED_FACE('',(#619),#57,.T.);
#4145=ADVANCED_FACE('',(#620),#58,.T.);
#4146=ADVANCED_FACE('',(#621),#59,.T.);
#4147=ADVANCED_FACE('',(#622),#60,.T.);
#4148=ADVANCED_FACE('',(#623),#61,.T.);
#4149=ADVANCED_FACE('',(#624),#62,.T.);
#4150=ADVANCED_FACE('',(#625),#403,.T.);
#4151=ADVANCED_FACE('',(#626),#3845,.T.);
#4152=ADVANCED_FACE('',(#627),#404,.T.);
#4153=ADVANCED_FACE('',(#628),#3846,.T.);
#4154=ADVANCED_FACE('',(#629),#3847,.T.);
#4155=ADVANCED_FACE('',(#630),#3848,.T.);
#4156=ADVANCED_FACE('',(#631),#405,.T.);
#4157=ADVANCED_FACE('',(#632),#3849,.T.);
#4158=ADVANCED_FACE('',(#633),#406,.T.);
#4159=ADVANCED_FACE('',(#634),#3850,.F.);
#4160=CLOSED_SHELL('',(#3932,#3933,#3934,#3935,#3936,#3937,#3938,#3939,
#3940,#3941,#3942,#3943,#3944,#3945,#3946,#3947,#3948,#3949,#3950,#3951,
#3952,#3953,#3954,#3955,#3956,#3957,#3958,#3959,#3960,#3961,#3962,#3963,
#3964,#3965,#3966,#3967,#3968,#3969,#3970,#3971,#3972,#3973,#3974,#3975,
#3976,#3977,#3978,#3979,#3980,#3981));
#4161=CLOSED_SHELL('',(#3982,#3983,#3984,#3985,#3986,#3987,#3988,#3989,
#3990,#3991,#3992,#3993,#3994,#3995,#3996,#3997,#3998,#3999,#4000,#4001,
#4002,#4003,#4004,#4005,#4006,#4007));
#4162=CLOSED_SHELL('',(#4008,#4009,#4010,#4011,#4012,#4013,#4014,#4015,
#4016,#4017,#4018,#4019,#4020,#4021,#4022,#4023,#4024,#4025,#4026,#4027,
#4028,#4029,#4030,#4031,#4032,#4033,#4034,#4035,#4036,#4037));
#4163=CLOSED_SHELL('',(#4038,#4039,#4040,#4041,#4042,#4043,#4044,#4045,
#4046,#4047,#4048,#4049,#4050,#4051,#4052,#4053,#4054,#4055,#4056,#4057,
#4058,#4059,#4060,#4061,#4062,#4063,#4064,#4065,#4066,#4067,#4068,#4069,
#4070,#4071,#4072,#4073,#4074,#4075,#4076,#4077,#4078,#4079,#4080,#4081,
#4082,#4083,#4084,#4085,#4086,#4087,#4088,#4089,#4090,#4091,#4092,#4093,
#4094,#4095,#4096,#4097,#4098,#4099,#4100,#4101,#4102,#4103,#4104,#4105,
#4106,#4107));
#4164=CLOSED_SHELL('',(#4108,#4109,#4110,#4111,#4112,#4113,#4114,#4115,
#4116,#4117,#4118,#4119,#4120,#4121,#4122,#4123,#4124,#4125,#4126,#4127,
#4128,#4129,#4130,#4131,#4132,#4133,#4134,#4135,#4136,#4137,#4138,#4139,
#4140,#4141,#4142,#4143,#4144,#4145,#4146,#4147,#4148,#4149,#4150,#4151,
#4152,#4153,#4154,#4155,#4156,#4157,#4158,#4159));
#4165=DERIVED_UNIT_ELEMENT(#4171,1.);
#4166=DERIVED_UNIT_ELEMENT(#7323,-3.);
#4167=DERIVED_UNIT_ELEMENT(#4171,1.);
#4168=DERIVED_UNIT_ELEMENT(#7323,-3.);
#4169=DERIVED_UNIT_ELEMENT(#4171,1.);
#4170=DERIVED_UNIT_ELEMENT(#7323,-3.);
#4171=(
MASS_UNIT()
NAMED_UNIT(*)
SI_UNIT(.KILO.,.GRAM.)
);
#4172=DERIVED_UNIT((#4165,#4166));
#4173=DERIVED_UNIT((#4167,#4168));
#4174=DERIVED_UNIT((#4169,#4170));
#4175=MEASURE_REPRESENTATION_ITEM('density measure',
POSITIVE_RATIO_MEASURE(7850.),#4172);
#4176=MEASURE_REPRESENTATION_ITEM('density measure',
POSITIVE_RATIO_MEASURE(7850.),#4173);
#4177=MEASURE_REPRESENTATION_ITEM('density measure',
POSITIVE_RATIO_MEASURE(7850.),#4174);
#4178=PROPERTY_DEFINITION_REPRESENTATION(#4193,#4184);
#4179=PROPERTY_DEFINITION_REPRESENTATION(#4194,#4185);
#4180=PROPERTY_DEFINITION_REPRESENTATION(#4195,#4186);
#4181=PROPERTY_DEFINITION_REPRESENTATION(#4196,#4187);
#4182=PROPERTY_DEFINITION_REPRESENTATION(#4197,#4188);
#4183=PROPERTY_DEFINITION_REPRESENTATION(#4198,#4189);
#4184=REPRESENTATION('material name',(#4190),#7318);
#4185=REPRESENTATION('density',(#4175),#7318);
#4186=REPRESENTATION('material name',(#4191),#7319);
#4187=REPRESENTATION('density',(#4176),#7319);
#4188=REPRESENTATION('material name',(#4192),#7320);
#4189=REPRESENTATION('density',(#4177),#7320);
#4190=DESCRIPTIVE_REPRESENTATION_ITEM('\X2\94A2\X0\','\X2\94A2\X0\');
#4191=DESCRIPTIVE_REPRESENTATION_ITEM('\X2\94A2\X0\','\X2\94A2\X0\');
#4192=DESCRIPTIVE_REPRESENTATION_ITEM('\X2\94A2\X0\','\X2\94A2\X0\');
#4193=PROPERTY_DEFINITION('material property','material name',#7345);
#4194=PROPERTY_DEFINITION('material property','density of part',#7345);
#4195=PROPERTY_DEFINITION('material property','material name',#7346);
#4196=PROPERTY_DEFINITION('material property','density of part',#7346);
#4197=PROPERTY_DEFINITION('material property','material name',#7347);
#4198=PROPERTY_DEFINITION('material property','density of part',#7347);
#4199=AXIS2_PLACEMENT_3D('',#5757,#4596,#4597);
#4200=AXIS2_PLACEMENT_3D('',#5758,#4598,#4599);
#4201=AXIS2_PLACEMENT_3D('',#5759,#4600,#4601);
#4202=AXIS2_PLACEMENT_3D('',#5768,#4606,#4607);
#4203=AXIS2_PLACEMENT_3D('',#5778,#4613,#4614);
#4204=AXIS2_PLACEMENT_3D('',#5796,#4624,#4625);
#4205=AXIS2_PLACEMENT_3D('',#5800,#4628,#4629);
#4206=AXIS2_PLACEMENT_3D('',#5808,#4634,#4635);
#4207=AXIS2_PLACEMENT_3D('',#5814,#4639,#4640);
#4208=AXIS2_PLACEMENT_3D('',#5816,#4642,#4643);
#4209=AXIS2_PLACEMENT_3D('',#5818,#4644,#4645);
#4210=AXIS2_PLACEMENT_3D('',#5821,#4647,#4648);
#4211=AXIS2_PLACEMENT_3D('',#5822,#4649,#4650);
#4212=AXIS2_PLACEMENT_3D('',#5826,#4653,#4654);
#4213=AXIS2_PLACEMENT_3D('',#5836,#4659,#4660);
#4214=AXIS2_PLACEMENT_3D('',#5839,#4662,#4663);
#4215=AXIS2_PLACEMENT_3D('',#5840,#4664,#4665);
#4216=AXIS2_PLACEMENT_3D('',#5868,#4680,#4681);
#4217=AXIS2_PLACEMENT_3D('',#5873,#4683,#4684);
#4218=AXIS2_PLACEMENT_3D('',#5877,#4686,#4687);
#4219=AXIS2_PLACEMENT_3D('',#5882,#4691,#4692);
#4220=AXIS2_PLACEMENT_3D('',#5886,#4695,#4696);
#4221=AXIS2_PLACEMENT_3D('',#5892,#4700,#4701);
#4222=AXIS2_PLACEMENT_3D('',#5894,#4702,#4703);
#4223=AXIS2_PLACEMENT_3D('',#5897,#4705,#4706);
#4224=AXIS2_PLACEMENT_3D('',#5898,#4707,#4708);
#4225=AXIS2_PLACEMENT_3D('',#5909,#4715,#4716);
#4226=AXIS2_PLACEMENT_3D('',#5913,#4719,#4720);
#4227=AXIS2_PLACEMENT_3D('',#5917,#4723,#4724);
#4228=AXIS2_PLACEMENT_3D('',#5921,#4727,#4728);
#4229=AXIS2_PLACEMENT_3D('',#5926,#4732,#4733);
#4230=AXIS2_PLACEMENT_3D('',#5927,#4734,#4735);
#4231=AXIS2_PLACEMENT_3D('',#5941,#4743,#4744);
#4232=AXIS2_PLACEMENT_3D('',#5944,#4746,#4747);
#4233=AXIS2_PLACEMENT_3D('',#5945,#4748,#4749);
#4234=AXIS2_PLACEMENT_3D('',#5947,#4751,#4752);
#4235=AXIS2_PLACEMENT_3D('',#5951,#4755,#4756);
#4236=AXIS2_PLACEMENT_3D('',#5952,#4757,#4758);
#4237=AXIS2_PLACEMENT_3D('',#5953,#4759,#4760);
#4238=AXIS2_PLACEMENT_3D('',#5954,#4761,#4762);
#4239=AXIS2_PLACEMENT_3D('',#5955,#4763,#4764);
#4240=AXIS2_PLACEMENT_3D('',#5956,#4765,#4766);
#4241=AXIS2_PLACEMENT_3D('',#5957,#4767,#4768);
#4242=AXIS2_PLACEMENT_3D('',#5959,#4770,#4771);
#4243=AXIS2_PLACEMENT_3D('',#5961,#4773,#4774);
#4244=AXIS2_PLACEMENT_3D('',#5967,#4778,#4779);
#4245=AXIS2_PLACEMENT_3D('',#5970,#4781,#4782);
#4246=AXIS2_PLACEMENT_3D('',#5971,#4783,#4784);
#4247=AXIS2_PLACEMENT_3D('',#5974,#4786,#4787);
#4248=AXIS2_PLACEMENT_3D('',#5975,#4788,#4789);
#4249=AXIS2_PLACEMENT_3D('',#5979,#4792,#4793);
#4250=AXIS2_PLACEMENT_3D('',#5981,#4795,#4796);
#4251=AXIS2_PLACEMENT_3D('',#5987,#4800,#4801);
#4252=AXIS2_PLACEMENT_3D('',#5991,#4804,#4805);
#4253=AXIS2_PLACEMENT_3D('',#5993,#4807,#4808);
#4254=AXIS2_PLACEMENT_3D('',#5997,#4811,#4812);
#4255=AXIS2_PLACEMENT_3D('',#5999,#4813,#4814);
#4256=AXIS2_PLACEMENT_3D('',#6001,#4816,#4817);
#4257=AXIS2_PLACEMENT_3D('',#6005,#4820,#4821);
#4258=AXIS2_PLACEMENT_3D('',#6007,#4822,#4823);
#4259=AXIS2_PLACEMENT_3D('',#6009,#4825,#4826);
#4260=AXIS2_PLACEMENT_3D('',#6018,#4832,#4833);
#4261=AXIS2_PLACEMENT_3D('',#6020,#4835,#4836);
#4262=AXIS2_PLACEMENT_3D('',#6021,#4837,#4838);
#4263=AXIS2_PLACEMENT_3D('',#6024,#4841,#4842);
#4264=AXIS2_PLACEMENT_3D('',#6025,#4843,#4844);
#4265=AXIS2_PLACEMENT_3D('',#6026,#4845,#4846);
#4266=AXIS2_PLACEMENT_3D('',#6027,#4847,#4848);
#4267=AXIS2_PLACEMENT_3D('',#6028,#4849,#4850);
#4268=AXIS2_PLACEMENT_3D('',#6029,#4851,#4852);
#4269=AXIS2_PLACEMENT_3D('',#6038,#4857,#4858);
#4270=AXIS2_PLACEMENT_3D('',#6043,#4860,#4861);
#4271=AXIS2_PLACEMENT_3D('',#6051,#4865,#4866);
#4272=AXIS2_PLACEMENT_3D('',#6054,#4868,#4869);
#4273=AXIS2_PLACEMENT_3D('',#6055,#4870,#4871);
#4274=AXIS2_PLACEMENT_3D('',#6056,#4872,#4873);
#4275=AXIS2_PLACEMENT_3D('',#6058,#4874,#4875);
#4276=AXIS2_PLACEMENT_3D('',#6060,#4877,#4878);
#4277=AXIS2_PLACEMENT_3D('',#6063,#4880,#4881);
#4278=AXIS2_PLACEMENT_3D('',#6064,#4882,#4883);
#4279=AXIS2_PLACEMENT_3D('',#6070,#4886,#4887);
#4280=AXIS2_PLACEMENT_3D('',#6077,#4891,#4892);
#4281=AXIS2_PLACEMENT_3D('',#6078,#4893,#4894);
#4282=AXIS2_PLACEMENT_3D('',#6080,#4896,#4897);
#4283=AXIS2_PLACEMENT_3D('',#6082,#4899,#4900);
#4284=AXIS2_PLACEMENT_3D('',#6092,#4906,#4907);
#4285=AXIS2_PLACEMENT_3D('',#6094,#4909,#4910);
#4286=AXIS2_PLACEMENT_3D('',#6096,#4912,#4913);
#4287=AXIS2_PLACEMENT_3D('',#6106,#4919,#4920);
#4288=AXIS2_PLACEMENT_3D('',#6108,#4922,#4923);
#4289=AXIS2_PLACEMENT_3D('',#6113,#4925,#4926);
#4290=AXIS2_PLACEMENT_3D('',#6117,#4928,#4929);
#4291=AXIS2_PLACEMENT_3D('',#6120,#4931,#4932);
#4292=AXIS2_PLACEMENT_3D('',#6121,#4933,#4934);
#4293=AXIS2_PLACEMENT_3D('',#6122,#4935,#4936);
#4294=AXIS2_PLACEMENT_3D('',#6128,#4940,#4941);
#4295=AXIS2_PLACEMENT_3D('',#6132,#4944,#4945);
#4296=AXIS2_PLACEMENT_3D('',#6136,#4947,#4948);
#4297=AXIS2_PLACEMENT_3D('',#6138,#4949,#4950);
#4298=AXIS2_PLACEMENT_3D('',#6142,#4952,#4953);
#4299=AXIS2_PLACEMENT_3D('',#6145,#4955,#4956);
#4300=AXIS2_PLACEMENT_3D('',#6146,#4957,#4958);
#4301=AXIS2_PLACEMENT_3D('',#6150,#4961,#4962);
#4302=AXIS2_PLACEMENT_3D('',#6152,#4964,#4965);
#4303=AXIS2_PLACEMENT_3D('',#6154,#4967,#4968);
#4304=AXIS2_PLACEMENT_3D('',#6156,#4970,#4971);
#4305=AXIS2_PLACEMENT_3D('',#6158,#4973,#4974);
#4306=AXIS2_PLACEMENT_3D('',#6160,#4976,#4977);
#4307=AXIS2_PLACEMENT_3D('',#6162,#4979,#4980);
#4308=AXIS2_PLACEMENT_3D('',#6164,#4982,#4983);
#4309=AXIS2_PLACEMENT_3D('',#6166,#4985,#4986);
#4310=AXIS2_PLACEMENT_3D('',#6167,#4987,#4988);
#4311=AXIS2_PLACEMENT_3D('',#6168,#4989,#4990);
#4312=AXIS2_PLACEMENT_3D('',#6173,#4992,#4993);
#4313=AXIS2_PLACEMENT_3D('',#6176,#4995,#4996);
#4314=AXIS2_PLACEMENT_3D('',#6177,#4997,#4998);
#4315=AXIS2_PLACEMENT_3D('',#6183,#5002,#5003);
#4316=AXIS2_PLACEMENT_3D('',#6189,#5007,#5008);
#4317=AXIS2_PLACEMENT_3D('',#6191,#5009,#5010);
#4318=AXIS2_PLACEMENT_3D('',#6195,#5012,#5013);
#4319=AXIS2_PLACEMENT_3D('',#6198,#5015,#5016);
#4320=AXIS2_PLACEMENT_3D('',#6200,#5017,#5018);
#4321=AXIS2_PLACEMENT_3D('',#6202,#5019,#5020);
#4322=AXIS2_PLACEMENT_3D('',#6204,#5021,#5022);
#4323=AXIS2_PLACEMENT_3D('',#6206,#5023,#5024);
#4324=AXIS2_PLACEMENT_3D('',#6208,#5025,#5026);
#4325=AXIS2_PLACEMENT_3D('',#6210,#5027,#5028);
#4326=AXIS2_PLACEMENT_3D('',#6212,#5029,#5030);
#4327=AXIS2_PLACEMENT_3D('',#6214,#5031,#5032);
#4328=AXIS2_PLACEMENT_3D('',#6216,#5033,#5034);
#4329=AXIS2_PLACEMENT_3D('',#6218,#5035,#5036);
#4330=AXIS2_PLACEMENT_3D('',#6220,#5037,#5038);
#4331=AXIS2_PLACEMENT_3D('',#6222,#5039,#5040);
#4332=AXIS2_PLACEMENT_3D('',#6224,#5041,#5042);
#4333=AXIS2_PLACEMENT_3D('',#6226,#5043,#5044);
#4334=AXIS2_PLACEMENT_3D('',#6228,#5045,#5046);
#4335=AXIS2_PLACEMENT_3D('',#6230,#5047,#5048);
#4336=AXIS2_PLACEMENT_3D('',#6232,#5049,#5050);
#4337=AXIS2_PLACEMENT_3D('',#6234,#5051,#5052);
#4338=AXIS2_PLACEMENT_3D('',#6236,#5053,#5054);
#4339=AXIS2_PLACEMENT_3D('',#6238,#5055,#5056);
#4340=AXIS2_PLACEMENT_3D('',#6239,#5057,#5058);
#4341=AXIS2_PLACEMENT_3D('',#6241,#5059,#5060);
#4342=AXIS2_PLACEMENT_3D('',#6245,#5062,#5063);
#4343=AXIS2_PLACEMENT_3D('',#6248,#5065,#5066);
#4344=AXIS2_PLACEMENT_3D('',#6250,#5067,#5068);
#4345=AXIS2_PLACEMENT_3D('',#6252,#5069,#5070);
#4346=AXIS2_PLACEMENT_3D('',#6254,#5071,#5072);
#4347=AXIS2_PLACEMENT_3D('',#6256,#5073,#5074);
#4348=AXIS2_PLACEMENT_3D('',#6258,#5075,#5076);
#4349=AXIS2_PLACEMENT_3D('',#6260,#5077,#5078);
#4350=AXIS2_PLACEMENT_3D('',#6262,#5079,#5080);
#4351=AXIS2_PLACEMENT_3D('',#6264,#5081,#5082);
#4352=AXIS2_PLACEMENT_3D('',#6266,#5083,#5084);
#4353=AXIS2_PLACEMENT_3D('',#6268,#5085,#5086);
#4354=AXIS2_PLACEMENT_3D('',#6270,#5087,#5088);
#4355=AXIS2_PLACEMENT_3D('',#6272,#5089,#5090);
#4356=AXIS2_PLACEMENT_3D('',#6274,#5091,#5092);
#4357=AXIS2_PLACEMENT_3D('',#6276,#5093,#5094);
#4358=AXIS2_PLACEMENT_3D('',#6278,#5095,#5096);
#4359=AXIS2_PLACEMENT_3D('',#6280,#5097,#5098);
#4360=AXIS2_PLACEMENT_3D('',#6282,#5099,#5100);
#4361=AXIS2_PLACEMENT_3D('',#6284,#5101,#5102);
#4362=AXIS2_PLACEMENT_3D('',#6286,#5103,#5104);
#4363=AXIS2_PLACEMENT_3D('',#6288,#5105,#5106);
#4364=AXIS2_PLACEMENT_3D('',#6289,#5107,#5108);
#4365=AXIS2_PLACEMENT_3D('',#6291,#5110,#5111);
#4366=AXIS2_PLACEMENT_3D('',#6293,#5113,#5114);
#4367=AXIS2_PLACEMENT_3D('',#6295,#5116,#5117);
#4368=AXIS2_PLACEMENT_3D('',#6297,#5119,#5120);
#4369=AXIS2_PLACEMENT_3D('',#6298,#5121,#5122);
#4370=AXIS2_PLACEMENT_3D('',#6300,#5124,#5125);
#4371=AXIS2_PLACEMENT_3D('',#6302,#5127,#5128);
#4372=AXIS2_PLACEMENT_3D('',#6304,#5130,#5131);
#4373=AXIS2_PLACEMENT_3D('',#6306,#5133,#5134);
#4374=AXIS2_PLACEMENT_3D('',#6308,#5136,#5137);
#4375=AXIS2_PLACEMENT_3D('',#6310,#5139,#5140);
#4376=AXIS2_PLACEMENT_3D('',#6312,#5142,#5143);
#4377=AXIS2_PLACEMENT_3D('',#6314,#5145,#5146);
#4378=AXIS2_PLACEMENT_3D('',#6316,#5148,#5149);
#4379=AXIS2_PLACEMENT_3D('',#6318,#5151,#5152);
#4380=AXIS2_PLACEMENT_3D('',#6320,#5154,#5155);
#4381=AXIS2_PLACEMENT_3D('',#6322,#5157,#5158);
#4382=AXIS2_PLACEMENT_3D('',#6324,#5160,#5161);
#4383=AXIS2_PLACEMENT_3D('',#6326,#5163,#5164);
#4384=AXIS2_PLACEMENT_3D('',#6328,#5166,#5167);
#4385=AXIS2_PLACEMENT_3D('',#6330,#5169,#5170);
#4386=AXIS2_PLACEMENT_3D('',#6332,#5172,#5173);
#4387=AXIS2_PLACEMENT_3D('',#6334,#5175,#5176);
#4388=AXIS2_PLACEMENT_3D('',#6336,#5178,#5179);
#4389=AXIS2_PLACEMENT_3D('',#6338,#5181,#5182);
#4390=AXIS2_PLACEMENT_3D('',#6347,#5187,#5188);
#4391=AXIS2_PLACEMENT_3D('',#6353,#5192,#5193);
#4392=AXIS2_PLACEMENT_3D('',#6359,#5197,#5198);
#4393=AXIS2_PLACEMENT_3D('',#6362,#5201,#5202);
#4394=AXIS2_PLACEMENT_3D('',#6371,#5207,#5208);
#4395=AXIS2_PLACEMENT_3D('',#6377,#5212,#5213);
#4396=AXIS2_PLACEMENT_3D('',#6383,#5217,#5218);
#4397=AXIS2_PLACEMENT_3D('',#6397,#5221,#5222);
#4398=AXIS2_PLACEMENT_3D('',#6399,#5223,#5224);
#4399=AXIS2_PLACEMENT_3D('',#6401,#5225,#5226);
#4400=AXIS2_PLACEMENT_3D('',#6402,#5227,#5228);
#4401=AXIS2_PLACEMENT_3D('',#6403,#5229,#5230);
#4402=AXIS2_PLACEMENT_3D('',#6406,#5231,#5232);
#4403=AXIS2_PLACEMENT_3D('',#6420,#5235,#5236);
#4404=AXIS2_PLACEMENT_3D('',#6421,#5237,#5238);
#4405=AXIS2_PLACEMENT_3D('',#6422,#5239,#5240);
#4406=AXIS2_PLACEMENT_3D('',#6423,#5241,#5242);
#4407=AXIS2_PLACEMENT_3D('',#6426,#5243,#5244);
#4408=AXIS2_PLACEMENT_3D('',#6440,#5247,#5248);
#4409=AXIS2_PLACEMENT_3D('',#6441,#5249,#5250);
#4410=AXIS2_PLACEMENT_3D('',#6442,#5251,#5252);
#4411=AXIS2_PLACEMENT_3D('',#6443,#5253,#5254);
#4412=AXIS2_PLACEMENT_3D('',#6446,#5255,#5256);
#4413=AXIS2_PLACEMENT_3D('',#6460,#5259,#5260);
#4414=AXIS2_PLACEMENT_3D('',#6461,#5261,#5262);
#4415=AXIS2_PLACEMENT_3D('',#6462,#5263,#5264);
#4416=AXIS2_PLACEMENT_3D('',#6463,#5265,#5266);
#4417=AXIS2_PLACEMENT_3D('',#6466,#5269,#5270);
#4418=AXIS2_PLACEMENT_3D('',#6472,#5274,#5275);
#4419=AXIS2_PLACEMENT_3D('',#6475,#5277,#5278);
#4420=AXIS2_PLACEMENT_3D('',#6476,#5279,#5280);
#4421=AXIS2_PLACEMENT_3D('',#6480,#5283,#5284);
#4422=AXIS2_PLACEMENT_3D('',#6483,#5286,#5287);
#4423=AXIS2_PLACEMENT_3D('',#6484,#5288,#5289);
#4424=AXIS2_PLACEMENT_3D('',#6485,#5290,#5291);
#4425=AXIS2_PLACEMENT_3D('',#6487,#5292,#5293);
#4426=AXIS2_PLACEMENT_3D('',#6490,#5295,#5296);
#4427=AXIS2_PLACEMENT_3D('',#6491,#5297,#5298);
#4428=AXIS2_PLACEMENT_3D('',#6493,#5299,#5300);
#4429=AXIS2_PLACEMENT_3D('',#6496,#5302,#5303);
#4430=AXIS2_PLACEMENT_3D('',#6497,#5304,#5305);
#4431=AXIS2_PLACEMENT_3D('',#6498,#5306,#5307);
#4432=AXIS2_PLACEMENT_3D('',#6513,#5314,#5315);
#4433=AXIS2_PLACEMENT_3D('',#6517,#5317,#5318);
#4434=AXIS2_PLACEMENT_3D('',#6521,#5320,#5321);
#4435=AXIS2_PLACEMENT_3D('',#6525,#5323,#5324);
#4436=AXIS2_PLACEMENT_3D('',#6532,#5328,#5329);
#4437=AXIS2_PLACEMENT_3D('',#6534,#5330,#5331);
#4438=AXIS2_PLACEMENT_3D('',#6536,#5332,#5333);
#4439=AXIS2_PLACEMENT_3D('',#6537,#5334,#5335);
#4440=AXIS2_PLACEMENT_3D('',#6539,#5336,#5337);
#4441=AXIS2_PLACEMENT_3D('',#6542,#5339,#5340);
#4442=AXIS2_PLACEMENT_3D('',#6543,#5341,#5342);
#4443=AXIS2_PLACEMENT_3D('',#6545,#5343,#5344);
#4444=AXIS2_PLACEMENT_3D('',#6547,#5346,#5347);
#4445=AXIS2_PLACEMENT_3D('',#6548,#5348,#5349);
#4446=AXIS2_PLACEMENT_3D('',#6549,#5350,#5351);
#4447=AXIS2_PLACEMENT_3D('',#6551,#5352,#5353);
#4448=AXIS2_PLACEMENT_3D('',#6554,#5355,#5356);
#4449=AXIS2_PLACEMENT_3D('',#6555,#5357,#5358);
#4450=AXIS2_PLACEMENT_3D('',#6557,#5359,#5360);
#4451=AXIS2_PLACEMENT_3D('',#6559,#5362,#5363);
#4452=AXIS2_PLACEMENT_3D('',#6560,#5364,#5365);
#4453=AXIS2_PLACEMENT_3D('',#6561,#5366,#5367);
#4454=AXIS2_PLACEMENT_3D('',#6563,#5368,#5369);
#4455=AXIS2_PLACEMENT_3D('',#6566,#5371,#5372);
#4456=AXIS2_PLACEMENT_3D('',#6567,#5373,#5374);
#4457=AXIS2_PLACEMENT_3D('',#6569,#5375,#5376);
#4458=AXIS2_PLACEMENT_3D('',#6571,#5378,#5379);
#4459=AXIS2_PLACEMENT_3D('',#6572,#5380,#5381);
#4460=AXIS2_PLACEMENT_3D('',#6573,#5382,#5383);
#4461=AXIS2_PLACEMENT_3D('',#6582,#5388,#5389);
#4462=AXIS2_PLACEMENT_3D('',#6584,#5390,#5391);
#4463=AXIS2_PLACEMENT_3D('',#6586,#5392,#5393);
#4464=AXIS2_PLACEMENT_3D('',#6588,#5395,#5396);
#4465=AXIS2_PLACEMENT_3D('',#6594,#5400,#5401);
#4466=AXIS2_PLACEMENT_3D('',#6596,#5402,#5403);
#4467=AXIS2_PLACEMENT_3D('',#6598,#5404,#5405);
#4468=AXIS2_PLACEMENT_3D('',#6600,#5407,#5408);
#4469=AXIS2_PLACEMENT_3D('',#6606,#5412,#5413);
#4470=AXIS2_PLACEMENT_3D('',#6608,#5414,#5415);
#4471=AXIS2_PLACEMENT_3D('',#6610,#5416,#5417);
#4472=AXIS2_PLACEMENT_3D('',#6612,#5419,#5420);
#4473=AXIS2_PLACEMENT_3D('',#6618,#5424,#5425);
#4474=AXIS2_PLACEMENT_3D('',#6619,#5426,#5427);
#4475=AXIS2_PLACEMENT_3D('',#6620,#5428,#5429);
#4476=AXIS2_PLACEMENT_3D('',#6621,#5430,#5431);
#4477=AXIS2_PLACEMENT_3D('',#6626,#5433,#5434);
#4478=AXIS2_PLACEMENT_3D('',#6630,#5436,#5437);
#4479=AXIS2_PLACEMENT_3D('',#6634,#5439,#5440);
#4480=AXIS2_PLACEMENT_3D('',#6637,#5442,#5443);
#4481=AXIS2_PLACEMENT_3D('',#6638,#5444,#5445);
#4482=AXIS2_PLACEMENT_3D('',#6641,#5448,#5449);
#4483=AXIS2_PLACEMENT_3D('',#6643,#5451,#5452);
#4484=AXIS2_PLACEMENT_3D('',#6646,#5454,#5455);
#4485=AXIS2_PLACEMENT_3D('',#6648,#5456,#5457);
#4486=AXIS2_PLACEMENT_3D('',#6649,#5458,#5459);
#4487=AXIS2_PLACEMENT_3D('',#6651,#5461,#5462);
#4488=AXIS2_PLACEMENT_3D('',#6653,#5463,#5464);
#4489=AXIS2_PLACEMENT_3D('',#6655,#5466,#5467);
#4490=AXIS2_PLACEMENT_3D('',#6657,#5468,#5469);
#4491=AXIS2_PLACEMENT_3D('',#6659,#5471,#5472);
#4492=AXIS2_PLACEMENT_3D('',#6665,#5476,#5477);
#4493=AXIS2_PLACEMENT_3D('',#6669,#5480,#5481);
#4494=AXIS2_PLACEMENT_3D('',#6673,#5484,#5485);
#4495=AXIS2_PLACEMENT_3D('',#6675,#5487,#5488);
#4496=AXIS2_PLACEMENT_3D('',#6683,#5494,#5495);
#4497=AXIS2_PLACEMENT_3D('',#6687,#5498,#5499);
#4498=AXIS2_PLACEMENT_3D('',#6691,#5502,#5503);
#4499=AXIS2_PLACEMENT_3D('',#6693,#5505,#5506);
#4500=AXIS2_PLACEMENT_3D('',#6694,#5507,#5508);
#4501=AXIS2_PLACEMENT_3D('',#6695,#5509,#5510);
#4502=AXIS2_PLACEMENT_3D('',#6697,#5512,#5513);
#4503=AXIS2_PLACEMENT_3D('',#6698,#5514,#5515);
#4504=AXIS2_PLACEMENT_3D('',#6699,#5516,#5517);
#4505=AXIS2_PLACEMENT_3D('',#6701,#5518,#5519);
#4506=AXIS2_PLACEMENT_3D('',#6703,#5521,#5522);
#4507=AXIS2_PLACEMENT_3D('',#6707,#5525,#5526);
#4508=AXIS2_PLACEMENT_3D('',#6709,#5527,#5528);
#4509=AXIS2_PLACEMENT_3D('',#6711,#5530,#5531);
#4510=AXIS2_PLACEMENT_3D('',#6713,#5533,#5534);
#4511=AXIS2_PLACEMENT_3D('',#6714,#5535,#5536);
#4512=AXIS2_PLACEMENT_3D('',#6716,#5537,#5538);
#4513=AXIS2_PLACEMENT_3D('',#6719,#5540,#5541);
#4514=AXIS2_PLACEMENT_3D('',#6720,#5542,#5543);
#4515=AXIS2_PLACEMENT_3D('',#6722,#5544,#5545);
#4516=AXIS2_PLACEMENT_3D('',#6725,#5547,#5548);
#4517=AXIS2_PLACEMENT_3D('',#6726,#5549,#5550);
#4518=AXIS2_PLACEMENT_3D('',#6727,#5551,#5552);
#4519=AXIS2_PLACEMENT_3D('',#6730,#5553,#5554);
#4520=AXIS2_PLACEMENT_3D('',#6734,#5556,#5557);
#4521=AXIS2_PLACEMENT_3D('',#6738,#5559,#5560);
#4522=AXIS2_PLACEMENT_3D('',#6742,#5562,#5563);
#4523=AXIS2_PLACEMENT_3D('',#6745,#5565,#5566);
#4524=AXIS2_PLACEMENT_3D('',#6747,#5567,#5568);
#4525=AXIS2_PLACEMENT_3D('',#6749,#5569,#5570);
#4526=AXIS2_PLACEMENT_3D('',#6750,#5571,#5572);
#4527=AXIS2_PLACEMENT_3D('',#6752,#5573,#5574);
#4528=AXIS2_PLACEMENT_3D('',#6755,#5576,#5577);
#4529=AXIS2_PLACEMENT_3D('',#6756,#5578,#5579);
#4530=AXIS2_PLACEMENT_3D('',#6758,#5580,#5581);
#4531=AXIS2_PLACEMENT_3D('',#6760,#5583,#5584);
#4532=AXIS2_PLACEMENT_3D('',#6761,#5585,#5586);
#4533=AXIS2_PLACEMENT_3D('',#6762,#5587,#5588);
#4534=AXIS2_PLACEMENT_3D('',#6764,#5589,#5590);
#4535=AXIS2_PLACEMENT_3D('',#6767,#5592,#5593);
#4536=AXIS2_PLACEMENT_3D('',#6768,#5594,#5595);
#4537=AXIS2_PLACEMENT_3D('',#6770,#5596,#5597);
#4538=AXIS2_PLACEMENT_3D('',#6772,#5599,#5600);
#4539=AXIS2_PLACEMENT_3D('',#6773,#5601,#5602);
#4540=AXIS2_PLACEMENT_3D('',#6774,#5603,#5604);
#4541=AXIS2_PLACEMENT_3D('',#6776,#5605,#5606);
#4542=AXIS2_PLACEMENT_3D('',#6779,#5608,#5609);
#4543=AXIS2_PLACEMENT_3D('',#6780,#5610,#5611);
#4544=AXIS2_PLACEMENT_3D('',#6782,#5612,#5613);
#4545=AXIS2_PLACEMENT_3D('',#6784,#5615,#5616);
#4546=AXIS2_PLACEMENT_3D('',#6785,#5617,#5618);
#4547=AXIS2_PLACEMENT_3D('',#6786,#5619,#5620);
#4548=AXIS2_PLACEMENT_3D('',#6792,#5624,#5625);
#4549=AXIS2_PLACEMENT_3D('',#6795,#5627,#5628);
#4550=AXIS2_PLACEMENT_3D('',#6796,#5629,#5630);
#4551=AXIS2_PLACEMENT_3D('',#6800,#5633,#5634);
#4552=AXIS2_PLACEMENT_3D('',#6803,#5636,#5637);
#4553=AXIS2_PLACEMENT_3D('',#6804,#5638,#5639);
#4554=AXIS2_PLACEMENT_3D('',#6813,#5644,#5645);
#4555=AXIS2_PLACEMENT_3D('',#6815,#5646,#5647);
#4556=AXIS2_PLACEMENT_3D('',#6818,#5649,#5650);
#4557=AXIS2_PLACEMENT_3D('',#6819,#5651,#5652);
#4558=AXIS2_PLACEMENT_3D('',#6825,#5656,#5657);
#4559=AXIS2_PLACEMENT_3D('',#6827,#5658,#5659);
#4560=AXIS2_PLACEMENT_3D('',#6830,#5661,#5662);
#4561=AXIS2_PLACEMENT_3D('',#6831,#5663,#5664);
#4562=AXIS2_PLACEMENT_3D('',#6835,#5667,#5668);
#4563=AXIS2_PLACEMENT_3D('',#6838,#5670,#5671);
#4564=AXIS2_PLACEMENT_3D('',#6839,#5672,#5673);
#4565=AXIS2_PLACEMENT_3D('',#6843,#5676,#5677);
#4566=AXIS2_PLACEMENT_3D('',#6844,#5678,#5679);
#4567=AXIS2_PLACEMENT_3D('',#6845,#5680,#5681);
#4568=AXIS2_PLACEMENT_3D('',#6847,#5682,#5683);
#4569=AXIS2_PLACEMENT_3D('',#6849,#5684,#5685);
#4570=AXIS2_PLACEMENT_3D('',#6851,#5687,#5688);
#4571=AXIS2_PLACEMENT_3D('',#6857,#5692,#5693);
#4572=AXIS2_PLACEMENT_3D('',#6859,#5694,#5695);
#4573=AXIS2_PLACEMENT_3D('',#6861,#5696,#5697);
#4574=AXIS2_PLACEMENT_3D('',#6863,#5699,#5700);
#4575=AXIS2_PLACEMENT_3D('',#6866,#5703,#5704);
#4576=AXIS2_PLACEMENT_3D('',#6867,#5705,#5706);
#4577=AXIS2_PLACEMENT_3D('',#6870,#5707,#5708);
#4578=AXIS2_PLACEMENT_3D('',#6874,#5710,#5711);
#4579=AXIS2_PLACEMENT_3D('',#6878,#5713,#5714);
#4580=AXIS2_PLACEMENT_3D('',#6882,#5716,#5717);
#4581=AXIS2_PLACEMENT_3D('',#7289,#5719,#5720);
#4582=AXIS2_PLACEMENT_3D('',#7292,#5723,#5724);
#4583=AXIS2_PLACEMENT_3D('',#7294,#5726,#5727);
#4584=AXIS2_PLACEMENT_3D('',#7296,#5729,#5730);
#4585=AXIS2_PLACEMENT_3D('',#7298,#5732,#5733);
#4586=AXIS2_PLACEMENT_3D('',#7299,#5734,#5735);
#4587=AXIS2_PLACEMENT_3D('',#7302,#5738,#5739);
#4588=AXIS2_PLACEMENT_3D('',#7304,#5741,#5742);
#4589=AXIS2_PLACEMENT_3D('',#7305,#5743,#5744);
#4590=AXIS2_PLACEMENT_3D('',#7306,#5745,#5746);
#4591=AXIS2_PLACEMENT_3D('',#7307,#5747,#5748);
#4592=AXIS2_PLACEMENT_3D('',#7308,#5749,#5750);
#4593=AXIS2_PLACEMENT_3D('',#7309,#5751,#5752);
#4594=AXIS2_PLACEMENT_3D('',#7310,#5753,#5754);
#4595=AXIS2_PLACEMENT_3D('',#7311,#5755,#5756);
#4596=DIRECTION('axis',(0.,0.,1.));
#4597=DIRECTION('refdir',(1.,0.,0.));
#4598=DIRECTION('axis',(0.,0.,1.));
#4599=DIRECTION('refdir',(1.,0.,0.));
#4600=DIRECTION('center_axis',(-5.57234551408E-33,1.,3.18580557984E-32));
#4601=DIRECTION('ref_axis',(0.,-3.18580557984E-32,1.));
#4602=DIRECTION('',(0.101830105936045,0.,0.99480180414244));
#4603=DIRECTION('',(-1.,0.,-4.270088556251E-17));
#4604=DIRECTION('',(0.101830105936045,0.,-0.99480180414244));
#4605=DIRECTION('',(1.,0.,0.));
#4606=DIRECTION('center_axis',(-0.99480180414244,0.,0.101830105936045));
#4607=DIRECTION('ref_axis',(0.101830105936045,0.,0.99480180414244));
#4608=DIRECTION('',(0.,-1.,0.));
#4609=DIRECTION('',(0.,1.,0.));
#4610=DIRECTION('',(0.,-1.,0.));
#4611=DIRECTION('',(0.,-1.,0.));
#4612=DIRECTION('',(0.101830105936045,0.,0.99480180414244));
#4613=DIRECTION('center_axis',(0.,1.,0.));
#4614=DIRECTION('ref_axis',(0.,0.,1.));
#4615=DIRECTION('',(1.,0.,0.));
#4616=DIRECTION('',(1.,0.,0.));
#4617=DIRECTION('',(1.,0.,0.));
#4618=DIRECTION('',(0.,0.,1.));
#4619=DIRECTION('',(1.,0.,0.));
#4620=DIRECTION('',(1.,0.,0.));
#4621=DIRECTION('',(1.,0.,0.));
#4622=DIRECTION('',(1.,0.,0.));
#4623=DIRECTION('',(0.,0.,1.));
#4624=DIRECTION('center_axis',(0.,0.,1.));
#4625=DIRECTION('ref_axis',(1.,0.,0.));
#4626=DIRECTION('',(0.,-1.,0.));
#4627=DIRECTION('',(1.,0.,0.));
#4628=DIRECTION('center_axis',(0.99480180414244,0.,0.101830105936045));
#4629=DIRECTION('ref_axis',(0.101830105936045,0.,-0.99480180414244));
#4630=DIRECTION('',(0.,-1.,0.));
#4631=DIRECTION('',(0.,-1.,0.));
#4632=DIRECTION('',(0.,-1.,0.));
#4633=DIRECTION('',(0.101830105936045,0.,-0.99480180414244));
#4634=DIRECTION('center_axis',(0.,0.,1.));
#4635=DIRECTION('ref_axis',(1.,0.,0.));
#4636=DIRECTION('',(1.,0.,0.));
#4637=DIRECTION('',(0.,1.,0.));
#4638=DIRECTION('',(-1.,0.,0.));
#4639=DIRECTION('center_axis',(-5.57234551408E-33,1.,3.18580557984E-32));
#4640=DIRECTION('ref_axis',(0.,-3.18580557984E-32,1.));
#4641=DIRECTION('',(-1.,0.,-4.270088556251E-17));
#4642=DIRECTION('center_axis',(0.,1.,0.));
#4643=DIRECTION('ref_axis',(1.,0.,0.));
#4644=DIRECTION('center_axis',(0.,1.,0.));
#4645=DIRECTION('ref_axis',(1.,0.,0.));
#4646=DIRECTION('',(0.,1.,0.));
#4647=DIRECTION('center_axis',(0.,1.,0.));
#4648=DIRECTION('ref_axis',(1.,0.,0.));
#4649=DIRECTION('center_axis',(0.,0.,1.));
#4650=DIRECTION('ref_axis',(1.,0.,0.));
#4651=DIRECTION('',(0.,1.,0.));
#4652=DIRECTION('',(1.,0.,0.));
#4653=DIRECTION('center_axis',(0.,1.,0.));
#4654=DIRECTION('ref_axis',(0.,0.,1.));
#4655=DIRECTION('',(1.,0.,0.));
#4656=DIRECTION('',(0.,0.,1.));
#4657=DIRECTION('',(0.,0.,1.));
#4658=DIRECTION('',(1.,0.,0.));
#4659=DIRECTION('center_axis',(0.,1.,0.));
#4660=DIRECTION('ref_axis',(0.,0.,1.));
#4661=DIRECTION('',(0.,0.,1.));
#4662=DIRECTION('center_axis',(0.,-1.,0.));
#4663=DIRECTION('ref_axis',(0.,0.,1.));
#4664=DIRECTION('center_axis',(0.,0.,1.));
#4665=DIRECTION('ref_axis',(1.,0.,0.));
#4666=DIRECTION('',(0.,1.,0.));
#4667=DIRECTION('',(1.,0.,0.));
#4668=DIRECTION('',(0.,1.,0.));
#4669=DIRECTION('',(-1.,0.,0.));
#4670=DIRECTION('',(0.,1.,0.));
#4671=DIRECTION('',(1.,0.,0.));
#4672=DIRECTION('',(0.,-1.,0.));
#4673=DIRECTION('',(-1.,0.,0.));
#4674=DIRECTION('',(0.,1.,0.));
#4675=DIRECTION('',(1.,0.,0.));
#4676=DIRECTION('',(0.,-1.,0.));
#4677=DIRECTION('',(0.,-1.,0.));
#4678=DIRECTION('',(0.866025403784329,0.50000000000019,0.));
#4679=DIRECTION('',(-0.866025403784329,0.50000000000019,0.));
#4680=DIRECTION('center_axis',(0.,1.,0.));
#4681=DIRECTION('ref_axis',(0.,0.,1.));
#4682=DIRECTION('',(1.,0.,0.));
#4683=DIRECTION('center_axis',(0.,1.,0.));
#4684=DIRECTION('ref_axis',(0.,0.,1.));
#4685=DIRECTION('',(0.,0.,1.));
#4686=DIRECTION('center_axis',(0.,-1.,0.));
#4687=DIRECTION('ref_axis',(0.,0.,1.));
#4688=DIRECTION('',(1.,0.,0.));
#4689=DIRECTION('',(0.,0.,-1.));
#4690=DIRECTION('',(0.,0.,-1.));
#4691=DIRECTION('center_axis',(0.,0.,1.));
#4692=DIRECTION('ref_axis',(1.,0.,0.));
#4693=DIRECTION('',(1.,0.,0.));
#4694=DIRECTION('',(0.,-1.,0.));
#4695=DIRECTION('center_axis',(0.,0.,1.));
#4696=DIRECTION('ref_axis',(1.,0.,0.));
#4697=DIRECTION('',(1.,0.,0.));
#4698=DIRECTION('',(-1.,0.,0.));
#4699=DIRECTION('',(0.,-1.,0.));
#4700=DIRECTION('center_axis',(0.,1.,0.));
#4701=DIRECTION('ref_axis',(-1.,0.,0.));
#4702=DIRECTION('center_axis',(0.,1.,0.));
#4703=DIRECTION('ref_axis',(-1.,0.,0.));
#4704=DIRECTION('',(0.,1.,0.));
#4705=DIRECTION('center_axis',(0.,1.,0.));
#4706=DIRECTION('ref_axis',(-1.,0.,0.));
#4707=DIRECTION('center_axis',(0.,1.,0.));
#4708=DIRECTION('ref_axis',(0.,0.,1.));
#4709=DIRECTION('',(1.,0.,0.));
#4710=DIRECTION('',(0.,0.,1.));
#4711=DIRECTION('',(1.,0.,0.));
#4712=DIRECTION('',(1.,0.,0.));
#4713=DIRECTION('',(0.,0.,1.));
#4714=DIRECTION('',(1.,0.,0.));
#4715=DIRECTION('center_axis',(0.,-1.,0.));
#4716=DIRECTION('ref_axis',(1.,0.,0.));
#4717=DIRECTION('',(1.,0.,0.));
#4718=DIRECTION('',(0.,0.,-1.));
#4719=DIRECTION('center_axis',(-1.,0.,0.));
#4720=DIRECTION('ref_axis',(0.,-1.,0.));
#4721=DIRECTION('',(0.,0.,1.));
#4722=DIRECTION('',(0.,-1.,0.));
#4723=DIRECTION('center_axis',(0.,1.,0.));
#4724=DIRECTION('ref_axis',(-1.,0.,0.));
#4725=DIRECTION('',(0.,0.,-1.));
#4726=DIRECTION('',(-1.,0.,0.));
#4727=DIRECTION('center_axis',(0.,0.,1.));
#4728=DIRECTION('ref_axis',(1.,0.,0.));
#4729=DIRECTION('',(1.,0.,0.));
#4730=DIRECTION('',(0.,1.,0.));
#4731=DIRECTION('',(0.,-1.,0.));
#4732=DIRECTION('center_axis',(-1.,0.,0.));
#4733=DIRECTION('ref_axis',(0.,-1.,0.));
#4734=DIRECTION('center_axis',(0.,0.,1.));
#4735=DIRECTION('ref_axis',(1.,0.,0.));
#4736=DIRECTION('',(1.,0.,0.));
#4737=DIRECTION('',(0.,-1.,0.));
#4738=DIRECTION('',(1.,0.,0.));
#4739=DIRECTION('',(0.,1.,0.));
#4740=DIRECTION('',(-1.,0.,0.));
#4741=DIRECTION('',(0.,-1.,0.));
#4742=DIRECTION('',(0.,1.,0.));
#4743=DIRECTION('center_axis',(0.,1.,0.));
#4744=DIRECTION('ref_axis',(-1.,0.,0.));
#4745=DIRECTION('',(0.,1.,0.));
#4746=DIRECTION('center_axis',(0.,-1.,0.));
#4747=DIRECTION('ref_axis',(0.,0.,1.));
#4748=DIRECTION('center_axis',(-1.,0.,0.));
#4749=DIRECTION('ref_axis',(0.,-1.,0.));
#4750=DIRECTION('',(0.,0.,-1.));
#4751=DIRECTION('center_axis',(1.,0.,0.));
#4752=DIRECTION('ref_axis',(0.,0.,1.));
#4753=DIRECTION('',(0.,1.,0.));
#4754=DIRECTION('',(0.,0.,1.));
#4755=DIRECTION('center_axis',(0.,1.,0.));
#4756=DIRECTION('ref_axis',(-1.,0.,0.));
#4757=DIRECTION('center_axis',(0.,1.,0.));
#4758=DIRECTION('ref_axis',(0.,0.,1.));
#4759=DIRECTION('center_axis',(0.,1.,0.));
#4760=DIRECTION('ref_axis',(-1.,0.,0.));
#4761=DIRECTION('center_axis',(0.,1.,0.));
#4762=DIRECTION('ref_axis',(1.,0.,0.));
#4763=DIRECTION('center_axis',(0.,1.,0.));
#4764=DIRECTION('ref_axis',(1.,0.,0.));
#4765=DIRECTION('center_axis',(0.,1.,0.));
#4766=DIRECTION('ref_axis',(1.,0.,0.));
#4767=DIRECTION('center_axis',(0.,-1.,0.));
#4768=DIRECTION('ref_axis',(1.,0.,0.));
#4769=DIRECTION('',(0.,0.,-1.));
#4770=DIRECTION('center_axis',(-1.,0.,0.));
#4771=DIRECTION('ref_axis',(0.,-1.,0.));
#4772=DIRECTION('',(0.,0.,1.));
#4773=DIRECTION('center_axis',(1.,0.,0.));
#4774=DIRECTION('ref_axis',(0.,1.,0.));
#4775=DIRECTION('',(0.,0.,-1.));
#4776=DIRECTION('',(0.,1.,0.));
#4777=DIRECTION('',(0.,0.,-1.));
#4778=DIRECTION('center_axis',(0.,-1.,0.));
#4779=DIRECTION('ref_axis',(1.,0.,0.));
#4780=DIRECTION('',(1.,0.,0.));
#4781=DIRECTION('center_axis',(0.,1.,0.));
#4782=DIRECTION('ref_axis',(-1.,0.,0.));
#4783=DIRECTION('center_axis',(0.,1.,0.));
#4784=DIRECTION('ref_axis',(-1.,0.,0.));
#4785=DIRECTION('',(0.,1.,0.));
#4786=DIRECTION('center_axis',(0.,1.,0.));
#4787=DIRECTION('ref_axis',(-1.,0.,0.));
#4788=DIRECTION('center_axis',(0.,1.,0.));
#4789=DIRECTION('ref_axis',(-1.,0.,0.));
#4790=DIRECTION('',(-1.,0.,0.));
#4791=DIRECTION('',(0.,0.,-1.));
#4792=DIRECTION('center_axis',(1.,0.,0.));
#4793=DIRECTION('ref_axis',(0.,1.,0.));
#4794=DIRECTION('',(0.,1.,0.));
#4795=DIRECTION('center_axis',(1.,0.,0.));
#4796=DIRECTION('ref_axis',(0.,-1.,0.));
#4797=DIRECTION('',(0.,0.,1.));
#4798=DIRECTION('',(0.,0.,1.));
#4799=DIRECTION('',(0.,-1.,0.));
#4800=DIRECTION('center_axis',(-0.50000000000019,0.866025403784329,0.));
#4801=DIRECTION('ref_axis',(0.866025403784329,0.50000000000019,0.));
#4802=DIRECTION('',(0.,0.,1.));
#4803=DIRECTION('',(0.866025403784329,0.50000000000019,0.));
#4804=DIRECTION('center_axis',(-0.50000000000019,-0.866025403784329,0.));
#4805=DIRECTION('ref_axis',(-0.866025403784329,0.50000000000019,0.));
#4806=DIRECTION('',(-0.866025403784329,0.50000000000019,0.));
#4807=DIRECTION('center_axis',(0.,0.,1.));
#4808=DIRECTION('ref_axis',(1.,0.,0.));
#4809=DIRECTION('',(1.,0.,0.));
#4810=DIRECTION('',(0.,1.,0.));
#4811=DIRECTION('center_axis',(0.,1.,0.));
#4812=DIRECTION('ref_axis',(1.,0.,0.));
#4813=DIRECTION('center_axis',(0.,1.,0.));
#4814=DIRECTION('ref_axis',(0.,0.,1.));
#4815=DIRECTION('',(0.,1.,0.));
#4816=DIRECTION('center_axis',(1.,0.,0.));
#4817=DIRECTION('ref_axis',(0.,0.,1.));
#4818=DIRECTION('',(0.,0.,1.));
#4819=DIRECTION('',(0.,1.,0.));
#4820=DIRECTION('center_axis',(0.,1.,0.));
#4821=DIRECTION('ref_axis',(1.,0.,0.));
#4822=DIRECTION('center_axis',(0.,-1.,0.));
#4823=DIRECTION('ref_axis',(0.,0.,1.));
#4824=DIRECTION('',(0.,1.,0.));
#4825=DIRECTION('center_axis',(0.,0.,1.));
#4826=DIRECTION('ref_axis',(1.,0.,0.));
#4827=DIRECTION('',(1.,0.,0.));
#4828=DIRECTION('',(0.,1.,0.));
#4829=DIRECTION('',(1.,0.,0.));
#4830=DIRECTION('',(-1.,0.,0.));
#4831=DIRECTION('',(0.,1.,0.));
#4832=DIRECTION('center_axis',(1.,0.,0.));
#4833=DIRECTION('ref_axis',(0.,1.,0.));
#4834=DIRECTION('',(0.,0.,-1.));
#4835=DIRECTION('center_axis',(0.,1.,0.));
#4836=DIRECTION('ref_axis',(-1.,0.,0.));
#4837=DIRECTION('center_axis',(1.,0.,0.));
#4838=DIRECTION('ref_axis',(0.,1.,0.));
#4839=DIRECTION('',(0.,0.,-1.));
#4840=DIRECTION('',(0.,0.,-1.));
#4841=DIRECTION('center_axis',(0.,-1.,0.));
#4842=DIRECTION('ref_axis',(1.,0.,0.));
#4843=DIRECTION('center_axis',(0.,1.,0.));
#4844=DIRECTION('ref_axis',(0.,0.,1.));
#4845=DIRECTION('center_axis',(0.,1.,0.));
#4846=DIRECTION('ref_axis',(0.,0.,1.));
#4847=DIRECTION('center_axis',(0.,0.,-1.));
#4848=DIRECTION('ref_axis',(-1.,0.,0.));
#4849=DIRECTION('axis',(0.,0.,1.));
#4850=DIRECTION('refdir',(1.,0.,0.));
#4851=DIRECTION('center_axis',(1.,0.,0.));
#4852=DIRECTION('ref_axis',(0.,0.,1.));
#4853=DIRECTION('',(0.,0.,1.));
#4854=DIRECTION('',(0.,1.,0.));
#4855=DIRECTION('',(0.,0.,1.));
#4856=DIRECTION('',(0.,1.,0.));
#4857=DIRECTION('center_axis',(0.,1.,0.));
#4858=DIRECTION('ref_axis',(0.,0.,1.));
#4859=DIRECTION('',(1.,0.,0.));
#4860=DIRECTION('center_axis',(0.,1.,0.));
#4861=DIRECTION('ref_axis',(0.,0.,1.));
#4862=DIRECTION('',(1.,0.,0.));
#4863=DIRECTION('',(0.,0.,1.));
#4864=DIRECTION('',(1.,0.,0.));
#4865=DIRECTION('center_axis',(0.,-1.,0.));
#4866=DIRECTION('ref_axis',(0.,0.,1.));
#4867=DIRECTION('',(1.,0.,0.));
#4868=DIRECTION('center_axis',(0.,1.,0.));
#4869=DIRECTION('ref_axis',(0.,0.,1.));
#4870=DIRECTION('center_axis',(0.,-1.,0.));
#4871=DIRECTION('ref_axis',(0.,0.,1.));
#4872=DIRECTION('center_axis',(0.,1.,0.));
#4873=DIRECTION('ref_axis',(-1.,0.,0.));
#4874=DIRECTION('center_axis',(0.,-1.,0.));
#4875=DIRECTION('ref_axis',(0.,0.,1.));
#4876=DIRECTION('',(0.,1.,0.));
#4877=DIRECTION('center_axis',(0.,1.,0.));
#4878=DIRECTION('ref_axis',(-1.,0.,0.));
#4879=DIRECTION('',(0.,1.,0.));
#4880=DIRECTION('center_axis',(0.,1.,0.));
#4881=DIRECTION('ref_axis',(0.,0.,1.));
#4882=DIRECTION('center_axis',(0.,1.,0.));
#4883=DIRECTION('ref_axis',(0.,0.,1.));
#4884=DIRECTION('',(1.,0.,0.));
#4885=DIRECTION('',(1.,0.,0.));
#4886=DIRECTION('center_axis',(0.,-1.,0.));
#4887=DIRECTION('ref_axis',(0.,0.,1.));
#4888=DIRECTION('',(1.,0.,0.));
#4889=DIRECTION('',(0.,0.,1.));
#4890=DIRECTION('',(1.,0.,0.));
#4891=DIRECTION('center_axis',(0.,1.,0.));
#4892=DIRECTION('ref_axis',(0.,0.,1.));
#4893=DIRECTION('center_axis',(0.,0.,1.));
#4894=DIRECTION('ref_axis',(1.,0.,0.));
#4895=DIRECTION('',(0.,1.,0.));
#4896=DIRECTION('center_axis',(0.,1.,0.));
#4897=DIRECTION('ref_axis',(1.,0.,0.));
#4898=DIRECTION('',(0.,1.,0.));
#4899=DIRECTION('center_axis',(0.,1.,0.));
#4900=DIRECTION('ref_axis',(0.,0.,1.));
#4901=DIRECTION('',(1.,0.,0.));
#4902=DIRECTION('',(1.,0.,0.));
#4903=DIRECTION('',(0.,0.,1.));
#4904=DIRECTION('',(1.,0.,0.));
#4905=DIRECTION('',(1.,0.,0.));
#4906=DIRECTION('center_axis',(0.,0.,1.));
#4907=DIRECTION('ref_axis',(1.,0.,0.));
#4908=DIRECTION('',(0.,1.,0.));
#4909=DIRECTION('center_axis',(0.,1.,0.));
#4910=DIRECTION('ref_axis',(1.,0.,0.));
#4911=DIRECTION('',(0.,1.,0.));
#4912=DIRECTION('center_axis',(0.,1.,0.));
#4913=DIRECTION('ref_axis',(0.,0.,1.));
#4914=DIRECTION('',(1.,0.,0.));
#4915=DIRECTION('',(1.,0.,0.));
#4916=DIRECTION('',(0.,0.,1.));
#4917=DIRECTION('',(1.,0.,0.));
#4918=DIRECTION('',(1.,0.,0.));
#4919=DIRECTION('center_axis',(0.,0.,1.));
#4920=DIRECTION('ref_axis',(1.,0.,0.));
#4921=DIRECTION('',(0.,1.,0.));
#4922=DIRECTION('center_axis',(0.,1.,0.));
#4923=DIRECTION('ref_axis',(0.,0.,1.));
#4924=DIRECTION('',(1.,0.,0.));
#4925=DIRECTION('center_axis',(0.,1.,0.));
#4926=DIRECTION('ref_axis',(0.,0.,1.));
#4927=DIRECTION('',(0.,0.,1.));
#4928=DIRECTION('center_axis',(0.,-1.,0.));
#4929=DIRECTION('ref_axis',(0.,0.,1.));
#4930=DIRECTION('',(1.,0.,0.));
#4931=DIRECTION('center_axis',(0.,1.,0.));
#4932=DIRECTION('ref_axis',(0.,0.,1.));
#4933=DIRECTION('center_axis',(0.,-1.,0.));
#4934=DIRECTION('ref_axis',(0.,0.,1.));
#4935=DIRECTION('center_axis',(0.,1.,0.));
#4936=DIRECTION('ref_axis',(0.,0.,1.));
#4937=DIRECTION('',(0.,0.,1.));
#4938=DIRECTION('',(1.,0.,0.));
#4939=DIRECTION('',(0.,0.,1.));
#4940=DIRECTION('center_axis',(1.,0.,0.));
#4941=DIRECTION('ref_axis',(0.,0.,1.));
#4942=DIRECTION('',(0.,1.,0.));
#4943=DIRECTION('',(0.,0.,1.));
#4944=DIRECTION('center_axis',(0.,1.,0.));
#4945=DIRECTION('ref_axis',(0.,0.,1.));
#4946=DIRECTION('',(1.,0.,0.));
#4947=DIRECTION('center_axis',(0.,-1.,0.));
#4948=DIRECTION('ref_axis',(0.,0.,1.));
#4949=DIRECTION('center_axis',(0.,1.,0.));
#4950=DIRECTION('ref_axis',(0.,0.,1.));
#4951=DIRECTION('',(1.,0.,0.));
#4952=DIRECTION('center_axis',(0.,-1.,0.));
#4953=DIRECTION('ref_axis',(0.,0.,1.));
#4954=DIRECTION('',(0.,0.,1.));
#4955=DIRECTION('center_axis',(0.,1.,0.));
#4956=DIRECTION('ref_axis',(0.,0.,1.));
#4957=DIRECTION('center_axis',(0.,1.,0.));
#4958=DIRECTION('ref_axis',(0.,0.,1.));
#4959=DIRECTION('',(1.,0.,0.));
#4960=DIRECTION('',(0.,0.,1.));
#4961=DIRECTION('center_axis',(0.,1.,0.));
#4962=DIRECTION('ref_axis',(-1.,0.,0.));
#4963=DIRECTION('',(0.,1.,0.));
#4964=DIRECTION('center_axis',(0.,0.,1.));
#4965=DIRECTION('ref_axis',(1.,0.,0.));
#4966=DIRECTION('',(0.,1.,0.));
#4967=DIRECTION('center_axis',(0.,1.,0.));
#4968=DIRECTION('ref_axis',(1.,0.,0.));
#4969=DIRECTION('',(0.,1.,0.));
#4970=DIRECTION('center_axis',(1.,0.,0.));
#4971=DIRECTION('ref_axis',(0.,0.,1.));
#4972=DIRECTION('',(0.,1.,0.));
#4973=DIRECTION('center_axis',(0.,1.,0.));
#4974=DIRECTION('ref_axis',(1.,0.,0.));
#4975=DIRECTION('',(0.,1.,0.));
#4976=DIRECTION('center_axis',(0.,0.,1.));
#4977=DIRECTION('ref_axis',(1.,0.,0.));
#4978=DIRECTION('',(0.,1.,0.));
#4979=DIRECTION('center_axis',(0.,1.,0.));
#4980=DIRECTION('ref_axis',(-1.,0.,0.));
#4981=DIRECTION('',(0.,1.,0.));
#4982=DIRECTION('center_axis',(1.,0.,0.));
#4983=DIRECTION('ref_axis',(0.,0.,1.));
#4984=DIRECTION('',(0.,1.,0.));
#4985=DIRECTION('center_axis',(0.,0.,1.));
#4986=DIRECTION('ref_axis',(1.,0.,0.));
#4987=DIRECTION('axis',(0.,0.,1.));
#4988=DIRECTION('refdir',(1.,0.,0.));
#4989=DIRECTION('center_axis',(0.,0.,-1.));
#4990=DIRECTION('ref_axis',(-7.47075734953692E-7,0.999999999999721,0.));
#4991=DIRECTION('',(0.,0.,1.));
#4992=DIRECTION('center_axis',(0.,0.,-1.));
#4993=DIRECTION('ref_axis',(-7.47075734953692E-7,0.999999999999721,0.));
#4994=DIRECTION('',(0.,0.,1.));
#4995=DIRECTION('center_axis',(0.,0.,-1.));
#4996=DIRECTION('ref_axis',(-7.47075734953692E-7,0.999999999999721,0.));
#4997=DIRECTION('center_axis',(0.,1.,0.));
#4998=DIRECTION('ref_axis',(1.,0.,0.));
#4999=DIRECTION('',(0.,0.,1.));
#5000=DIRECTION('',(1.,0.,0.));
#5001=DIRECTION('',(1.,0.,0.));
#5002=DIRECTION('center_axis',(1.,0.,0.));
#5003=DIRECTION('ref_axis',(0.,-1.,0.));
#5004=DIRECTION('',(0.,-1.,0.));
#5005=DIRECTION('',(0.,0.,1.));
#5006=DIRECTION('',(0.,-1.,0.));
#5007=DIRECTION('center_axis',(0.,0.,1.));
#5008=DIRECTION('ref_axis',(1.,0.,0.));
#5009=DIRECTION('center_axis',(0.,0.,-1.));
#5010=DIRECTION('ref_axis',(0.999999999999721,7.47075763375392E-7,0.));
#5011=DIRECTION('',(-1.,0.,0.));
#5012=DIRECTION('center_axis',(0.,0.,-1.));
#5013=DIRECTION('ref_axis',(7.47075763375392E-7,-0.999999999999721,0.));
#5014=DIRECTION('',(0.,1.,0.));
#5015=DIRECTION('center_axis',(0.,0.,-1.));
#5016=DIRECTION('ref_axis',(-0.999999999999721,-7.47075749164592E-7,0.));
#5017=DIRECTION('center_axis',(0.,0.,-1.));
#5018=DIRECTION('ref_axis',(0.,-1.,0.));
#5019=DIRECTION('center_axis',(0.,0.,-1.));
#5020=DIRECTION('ref_axis',(0.,-1.,0.));
#5021=DIRECTION('center_axis',(0.,0.,-1.));
#5022=DIRECTION('ref_axis',(0.,-1.,0.));
#5023=DIRECTION('center_axis',(0.,0.,-1.));
#5024=DIRECTION('ref_axis',(0.,-1.,0.));
#5025=DIRECTION('center_axis',(0.,0.,-1.));
#5026=DIRECTION('ref_axis',(-5.594824691025E-14,-1.,0.));
#5027=DIRECTION('center_axis',(0.,0.,-1.));
#5028=DIRECTION('ref_axis',(5.594824691024E-14,-1.,0.));
#5029=DIRECTION('center_axis',(0.,0.,-1.));
#5030=DIRECTION('ref_axis',(0.,-1.,0.));
#5031=DIRECTION('center_axis',(0.,0.,-1.));
#5032=DIRECTION('ref_axis',(-5.57288420204E-14,-1.,0.));
#5033=DIRECTION('center_axis',(0.,0.,-1.));
#5034=DIRECTION('ref_axis',(5.57288420204E-14,-1.,0.));
#5035=DIRECTION('center_axis',(0.,0.,-1.));
#5036=DIRECTION('ref_axis',(0.,-1.,0.));
#5037=DIRECTION('center_axis',(0.,0.,-1.));
#5038=DIRECTION('ref_axis',(0.,-1.,0.));
#5039=DIRECTION('center_axis',(0.,0.,-1.));
#5040=DIRECTION('ref_axis',(0.,-1.,0.));
#5041=DIRECTION('center_axis',(0.,0.,-1.));
#5042=DIRECTION('ref_axis',(0.,-1.,0.));
#5043=DIRECTION('center_axis',(0.,0.,-1.));
#5044=DIRECTION('ref_axis',(0.,-1.,0.));
#5045=DIRECTION('center_axis',(0.,0.,-1.));
#5046=DIRECTION('ref_axis',(0.,-1.,0.));
#5047=DIRECTION('center_axis',(0.,0.,-1.));
#5048=DIRECTION('ref_axis',(-5.594824691025E-14,-1.,0.));
#5049=DIRECTION('center_axis',(0.,0.,-1.));
#5050=DIRECTION('ref_axis',(5.594824691024E-14,-1.,0.));
#5051=DIRECTION('center_axis',(0.,0.,-1.));
#5052=DIRECTION('ref_axis',(0.,-1.,0.));
#5053=DIRECTION('center_axis',(0.,0.,-1.));
#5054=DIRECTION('ref_axis',(0.,-1.,0.));
#5055=DIRECTION('center_axis',(0.,0.,-1.));
#5056=DIRECTION('ref_axis',(0.,-1.,0.));
#5057=DIRECTION('center_axis',(0.,0.,1.));
#5058=DIRECTION('ref_axis',(1.,0.,0.));
#5059=DIRECTION('center_axis',(0.,0.,-1.));
#5060=DIRECTION('ref_axis',(-0.999999999999721,-7.47075749164592E-7,0.));
#5061=DIRECTION('',(0.,1.,0.));
#5062=DIRECTION('center_axis',(0.,0.,-1.));
#5063=DIRECTION('ref_axis',(7.47075763375392E-7,-0.999999999999721,0.));
#5064=DIRECTION('',(-1.,0.,0.));
#5065=DIRECTION('center_axis',(0.,0.,-1.));
#5066=DIRECTION('ref_axis',(0.999999999999721,7.47075763375392E-7,0.));
#5067=DIRECTION('center_axis',(0.,0.,-1.));
#5068=DIRECTION('ref_axis',(0.,-1.,0.));
#5069=DIRECTION('center_axis',(0.,0.,-1.));
#5070=DIRECTION('ref_axis',(0.,-1.,0.));
#5071=DIRECTION('center_axis',(0.,0.,-1.));
#5072=DIRECTION('ref_axis',(0.,-1.,0.));
#5073=DIRECTION('center_axis',(0.,0.,-1.));
#5074=DIRECTION('ref_axis',(0.,-1.,0.));
#5075=DIRECTION('center_axis',(0.,0.,-1.));
#5076=DIRECTION('ref_axis',(-5.594824691025E-14,-1.,0.));
#5077=DIRECTION('center_axis',(0.,0.,-1.));
#5078=DIRECTION('ref_axis',(5.594824691024E-14,-1.,0.));
#5079=DIRECTION('center_axis',(0.,0.,-1.));
#5080=DIRECTION('ref_axis',(0.,-1.,0.));
#5081=DIRECTION('center_axis',(0.,0.,-1.));
#5082=DIRECTION('ref_axis',(-5.57288420204E-14,-1.,0.));
#5083=DIRECTION('center_axis',(0.,0.,-1.));
#5084=DIRECTION('ref_axis',(5.57288420204E-14,-1.,0.));
#5085=DIRECTION('center_axis',(0.,0.,-1.));
#5086=DIRECTION('ref_axis',(0.,-1.,0.));
#5087=DIRECTION('center_axis',(0.,0.,-1.));
#5088=DIRECTION('ref_axis',(0.,-1.,0.));
#5089=DIRECTION('center_axis',(0.,0.,-1.));
#5090=DIRECTION('ref_axis',(0.,-1.,0.));
#5091=DIRECTION('center_axis',(0.,0.,-1.));
#5092=DIRECTION('ref_axis',(0.,-1.,0.));
#5093=DIRECTION('center_axis',(0.,0.,-1.));
#5094=DIRECTION('ref_axis',(0.,-1.,0.));
#5095=DIRECTION('center_axis',(0.,0.,-1.));
#5096=DIRECTION('ref_axis',(0.,-1.,0.));
#5097=DIRECTION('center_axis',(0.,0.,-1.));
#5098=DIRECTION('ref_axis',(-5.594824691025E-14,-1.,0.));
#5099=DIRECTION('center_axis',(0.,0.,-1.));
#5100=DIRECTION('ref_axis',(5.594824691024E-14,-1.,0.));
#5101=DIRECTION('center_axis',(0.,0.,-1.));
#5102=DIRECTION('ref_axis',(0.,-1.,0.));
#5103=DIRECTION('center_axis',(0.,0.,-1.));
#5104=DIRECTION('ref_axis',(0.,-1.,0.));
#5105=DIRECTION('center_axis',(0.,0.,-1.));
#5106=DIRECTION('ref_axis',(0.,-1.,0.));
#5107=DIRECTION('center_axis',(0.,0.,-1.));
#5108=DIRECTION('ref_axis',(-0.999999999999721,-7.47075749164592E-7,0.));
#5109=DIRECTION('',(0.,0.,1.));
#5110=DIRECTION('center_axis',(0.,0.,-1.));
#5111=DIRECTION('ref_axis',(0.999999999999721,7.47075763375392E-7,0.));
#5112=DIRECTION('',(0.,0.,1.));
#5113=DIRECTION('center_axis',(-1.,0.,0.));
#5114=DIRECTION('ref_axis',(0.,1.,0.));
#5115=DIRECTION('',(0.,0.,1.));
#5116=DIRECTION('center_axis',(0.,-1.,0.));
#5117=DIRECTION('ref_axis',(-1.,0.,0.));
#5118=DIRECTION('',(0.,0.,1.));
#5119=DIRECTION('center_axis',(0.,0.,-1.));
#5120=DIRECTION('ref_axis',(7.47075763375392E-7,-0.999999999999721,0.));
#5121=DIRECTION('center_axis',(0.,0.,-1.));
#5122=DIRECTION('ref_axis',(0.,-1.,0.));
#5123=DIRECTION('',(0.,0.,-1.));
#5124=DIRECTION('center_axis',(0.,0.,-1.));
#5125=DIRECTION('ref_axis',(0.,-1.,0.));
#5126=DIRECTION('',(0.,0.,-1.));
#5127=DIRECTION('center_axis',(0.,0.,-1.));
#5128=DIRECTION('ref_axis',(0.,-1.,0.));
#5129=DIRECTION('',(0.,0.,-1.));
#5130=DIRECTION('center_axis',(0.,0.,-1.));
#5131=DIRECTION('ref_axis',(0.,-1.,0.));
#5132=DIRECTION('',(0.,0.,-1.));
#5133=DIRECTION('center_axis',(0.,0.,-1.));
#5134=DIRECTION('ref_axis',(-5.594824691025E-14,-1.,0.));
#5135=DIRECTION('',(0.,0.,-1.));
#5136=DIRECTION('center_axis',(0.,0.,-1.));
#5137=DIRECTION('ref_axis',(5.594824691024E-14,-1.,0.));
#5138=DIRECTION('',(0.,0.,-1.));
#5139=DIRECTION('center_axis',(0.,0.,-1.));
#5140=DIRECTION('ref_axis',(0.,-1.,0.));
#5141=DIRECTION('',(0.,0.,-1.));
#5142=DIRECTION('center_axis',(0.,0.,-1.));
#5143=DIRECTION('ref_axis',(-5.57288420204E-14,-1.,0.));
#5144=DIRECTION('',(0.,0.,-1.));
#5145=DIRECTION('center_axis',(0.,0.,-1.));
#5146=DIRECTION('ref_axis',(5.57288420204E-14,-1.,0.));
#5147=DIRECTION('',(0.,0.,-1.));
#5148=DIRECTION('center_axis',(0.,0.,-1.));
#5149=DIRECTION('ref_axis',(0.,-1.,0.));
#5150=DIRECTION('',(0.,0.,-1.));
#5151=DIRECTION('center_axis',(0.,0.,-1.));
#5152=DIRECTION('ref_axis',(0.,-1.,0.));
#5153=DIRECTION('',(0.,0.,-1.));
#5154=DIRECTION('center_axis',(0.,0.,-1.));
#5155=DIRECTION('ref_axis',(0.,-1.,0.));
#5156=DIRECTION('',(0.,0.,-1.));
#5157=DIRECTION('center_axis',(0.,0.,-1.));
#5158=DIRECTION('ref_axis',(0.,-1.,0.));
#5159=DIRECTION('',(0.,0.,-1.));
#5160=DIRECTION('center_axis',(0.,0.,-1.));
#5161=DIRECTION('ref_axis',(0.,-1.,0.));
#5162=DIRECTION('',(0.,0.,-1.));
#5163=DIRECTION('center_axis',(0.,0.,-1.));
#5164=DIRECTION('ref_axis',(0.,-1.,0.));
#5165=DIRECTION('',(0.,0.,-1.));
#5166=DIRECTION('center_axis',(0.,0.,-1.));
#5167=DIRECTION('ref_axis',(-5.594824691025E-14,-1.,0.));
#5168=DIRECTION('',(0.,0.,-1.));
#5169=DIRECTION('center_axis',(0.,0.,-1.));
#5170=DIRECTION('ref_axis',(5.594824691024E-14,-1.,0.));
#5171=DIRECTION('',(0.,0.,-1.));
#5172=DIRECTION('center_axis',(0.,0.,-1.));
#5173=DIRECTION('ref_axis',(0.,-1.,0.));
#5174=DIRECTION('',(0.,0.,-1.));
#5175=DIRECTION('center_axis',(0.,0.,-1.));
#5176=DIRECTION('ref_axis',(0.,-1.,0.));
#5177=DIRECTION('',(0.,0.,-1.));
#5178=DIRECTION('center_axis',(0.,0.,-1.));
#5179=DIRECTION('ref_axis',(0.,-1.,0.));
#5180=DIRECTION('',(0.,0.,-1.));
#5181=DIRECTION('center_axis',(-1.,0.,0.));
#5182=DIRECTION('ref_axis',(0.,0.,1.));
#5183=DIRECTION('',(0.,0.,-1.));
#5184=DIRECTION('',(0.,1.,0.));
#5185=DIRECTION('',(0.,0.,1.));
#5186=DIRECTION('',(0.,1.,0.));
#5187=DIRECTION('center_axis',(-1.88737914186277E-15,0.,-1.));
#5188=DIRECTION('ref_axis',(-1.,0.,1.88737914186277E-15));
#5189=DIRECTION('',(1.,0.,-1.88737914186277E-15));
#5190=DIRECTION('',(-1.,1.93082265152201E-16,1.88737914186277E-15));
#5191=DIRECTION('',(0.,-1.,0.));
#5192=DIRECTION('center_axis',(1.,0.,0.));
#5193=DIRECTION('ref_axis',(0.,0.,-1.));
#5194=DIRECTION('',(0.,0.,1.));
#5195=DIRECTION('',(0.,0.,-1.));
#5196=DIRECTION('',(0.,1.,0.));
#5197=DIRECTION('center_axis',(0.,0.,1.));
#5198=DIRECTION('ref_axis',(1.,0.,0.));
#5199=DIRECTION('',(-1.,0.,0.));
#5200=DIRECTION('',(1.,-1.93082265152201E-16,0.));
#5201=DIRECTION('center_axis',(7.50868227681509E-14,0.00012616473192321,
-0.99999999204123));
#5202=DIRECTION('ref_axis',(-1.,6.00319793894844E-12,-7.43294315010723E-14));
#5203=DIRECTION('',(1.,0.,7.50868233657496E-14));
#5204=DIRECTION('',(6.00408611717284E-12,0.99999999204123,0.00012616473192321));
#5205=DIRECTION('',(-1.,1.93082265152201E-16,-7.50867990055772E-14));
#5206=DIRECTION('',(6.00408611717284E-12,0.99999999204123,0.00012616473192321));
#5207=DIRECTION('center_axis',(0.999999999980595,-7.91974543560536E-10,
6.22971601618999E-6));
#5208=DIRECTION('ref_axis',(6.22971606652837E-6,0.000126164719914344,-0.999999992021827));
#5209=DIRECTION('',(-6.22971601618999E-6,0.,0.999999999980595));
#5210=DIRECTION('',(6.22971601618999E-6,-1.20284767966091E-21,-0.999999999980595));
#5211=DIRECTION('',(-6.00408611717284E-12,-0.99999999204123,-0.00012616473192321));
#5212=DIRECTION('center_axis',(0.,-0.00012616473192321,0.99999999204123));
#5213=DIRECTION('ref_axis',(1.,0.,0.));
#5214=DIRECTION('',(-1.,0.,0.));
#5215=DIRECTION('',(1.,-1.93082265152201E-16,-2.43601724159306E-20));
#5216=DIRECTION('',(6.00408611717284E-12,0.99999999204123,0.00012616473192321));
#5217=DIRECTION('center_axis',(-0.999999999980595,7.91982752393036E-10,
-6.22978108058881E-6));
#5218=DIRECTION('ref_axis',(-6.2297811309277E-6,-0.000126164731920721,0.999999992021825));
#5219=DIRECTION('',(6.2297810805888E-6,0.,-0.999999999980595));
#5220=DIRECTION('',(-6.2297810805888E-6,1.20286024244241E-21,0.999999999980595));
#5221=DIRECTION('center_axis',(0.,-1.,0.));
#5222=DIRECTION('ref_axis',(-1.,0.,0.));
#5223=DIRECTION('center_axis',(0.,0.,1.));
#5224=DIRECTION('ref_axis',(-0.707106781186548,-0.707106781186548,0.));
#5225=DIRECTION('center_axis',(-1.,0.,0.));
#5226=DIRECTION('ref_axis',(0.,0.,-1.));
#5227=DIRECTION('center_axis',(0.,0.,-1.));
#5228=DIRECTION('ref_axis',(-0.707106781186548,-0.707106781186548,0.));
#5229=DIRECTION('center_axis',(-1.,0.,0.));
#5230=DIRECTION('ref_axis',(0.,-0.70710678118654,-0.707106781186555));
#5231=DIRECTION('center_axis',(-1.,0.,0.));
#5232=DIRECTION('ref_axis',(0.,0.,-1.));
#5233=DIRECTION('',(-1.,0.,0.));
#5234=DIRECTION('',(1.,0.,0.));
#5235=DIRECTION('center_axis',(0.,-1.,0.));
#5236=DIRECTION('ref_axis',(0.,0.,-1.));
#5237=DIRECTION('center_axis',(0.,0.,-1.));
#5238=DIRECTION('ref_axis',(0.707106781186548,-0.707106781186548,0.));
#5239=DIRECTION('center_axis',(0.,0.,1.));
#5240=DIRECTION('ref_axis',(0.707106781186548,-0.707106781186548,0.));
#5241=DIRECTION('center_axis',(0.,-1.,0.));
#5242=DIRECTION('ref_axis',(0.707106781186553,0.,-0.707106781186543));
#5243=DIRECTION('center_axis',(0.,-1.,0.));
#5244=DIRECTION('ref_axis',(0.,0.,-1.));
#5245=DIRECTION('',(0.,-1.,0.));
#5246=DIRECTION('',(0.,1.,0.));
#5247=DIRECTION('center_axis',(1.,0.,0.));
#5248=DIRECTION('ref_axis',(0.,0.,-1.));
#5249=DIRECTION('center_axis',(0.,0.,-1.));
#5250=DIRECTION('ref_axis',(0.70710678118655,0.707106781186545,0.));
#5251=DIRECTION('center_axis',(0.,0.,1.));
#5252=DIRECTION('ref_axis',(0.70710678118655,0.707106781186545,0.));
#5253=DIRECTION('center_axis',(1.,0.,0.));
#5254=DIRECTION('ref_axis',(0.,0.707106781186546,-0.707106781186549));
#5255=DIRECTION('center_axis',(1.,0.,0.));
#5256=DIRECTION('ref_axis',(0.,0.,-1.));
#5257=DIRECTION('',(1.,0.,0.));
#5258=DIRECTION('',(-1.,0.,0.));
#5259=DIRECTION('center_axis',(-1.77635683940023E-14,1.,0.));
#5260=DIRECTION('ref_axis',(0.,0.,-1.));
#5261=DIRECTION('center_axis',(0.,0.,-1.));
#5262=DIRECTION('ref_axis',(-0.707106781186552,0.707106781186543,0.));
#5263=DIRECTION('center_axis',(0.,0.,1.));
#5264=DIRECTION('ref_axis',(-0.707106781186552,0.707106781186543,0.));
#5265=DIRECTION('center_axis',(0.,1.,0.));
#5266=DIRECTION('ref_axis',(-0.70710678118654,0.,-0.707106781186555));
#5267=DIRECTION('',(0.,-1.,0.));
#5268=DIRECTION('',(0.,1.,0.));
#5269=DIRECTION('center_axis',(0.,1.,0.));
#5270=DIRECTION('ref_axis',(-1.,0.,0.));
#5271=DIRECTION('',(0.,0.,1.));
#5272=DIRECTION('',(-1.,0.,0.));
#5273=DIRECTION('',(0.,0.,1.));
#5274=DIRECTION('center_axis',(0.,0.,1.));
#5275=DIRECTION('ref_axis',(0.,1.,0.));
#5276=DIRECTION('',(0.,0.,1.));
#5277=DIRECTION('center_axis',(0.,0.,1.));
#5278=DIRECTION('ref_axis',(0.,1.,0.));
#5279=DIRECTION('center_axis',(-1.,0.,0.));
#5280=DIRECTION('ref_axis',(0.,-1.,0.));
#5281=DIRECTION('',(0.,0.,1.));
#5282=DIRECTION('',(0.,-1.,0.));
#5283=DIRECTION('center_axis',(0.,0.,1.));
#5284=DIRECTION('ref_axis',(-1.,0.,0.));
#5285=DIRECTION('',(0.,0.,1.));
#5286=DIRECTION('center_axis',(0.,0.,1.));
#5287=DIRECTION('ref_axis',(-1.,0.,0.));
#5288=DIRECTION('center_axis',(0.,0.,1.));
#5289=DIRECTION('ref_axis',(1.,0.,0.));
#5290=DIRECTION('center_axis',(0.,0.,1.));
#5291=DIRECTION('ref_axis',(1.,0.,0.));
#5292=DIRECTION('center_axis',(0.,0.,-1.));
#5293=DIRECTION('ref_axis',(1.,0.,0.));
#5294=DIRECTION('',(0.,0.,-1.));
#5295=DIRECTION('center_axis',(0.,0.,1.));
#5296=DIRECTION('ref_axis',(1.,0.,0.));
#5297=DIRECTION('center_axis',(0.,0.,1.));
#5298=DIRECTION('ref_axis',(1.,0.,0.));
#5299=DIRECTION('center_axis',(0.,0.,1.));
#5300=DIRECTION('ref_axis',(1.,0.,0.));
#5301=DIRECTION('',(0.,0.,-1.));
#5302=DIRECTION('center_axis',(0.,0.,-1.));
#5303=DIRECTION('ref_axis',(1.,0.,0.));
#5304=DIRECTION('center_axis',(0.,0.,1.));
#5305=DIRECTION('ref_axis',(1.,0.,0.));
#5306=DIRECTION('center_axis',(0.,0.,1.));
#5307=DIRECTION('ref_axis',(1.,0.,0.));
#5308=DIRECTION('',(0.,1.,0.));
#5309=DIRECTION('',(1.,-1.93082265152201E-16,0.));
#5310=DIRECTION('',(0.,-1.,0.));
#5311=DIRECTION('',(-1.,0.,0.));
#5312=DIRECTION('',(0.,1.,0.));
#5313=DIRECTION('',(1.,-1.93082265152201E-16,0.));
#5314=DIRECTION('center_axis',(0.,0.,1.));
#5315=DIRECTION('ref_axis',(0.,1.,0.));
#5316=DIRECTION('',(0.,1.,0.));
#5317=DIRECTION('center_axis',(0.,0.,1.));
#5318=DIRECTION('ref_axis',(-1.,0.,0.));
#5319=DIRECTION('',(-1.,0.,0.));
#5320=DIRECTION('center_axis',(0.,0.,1.));
#5321=DIRECTION('ref_axis',(0.,-1.,0.));
#5322=DIRECTION('',(0.,-1.,0.));
#5323=DIRECTION('center_axis',(0.,0.,1.));
#5324=DIRECTION('ref_axis',(1.,-8.88178419700144E-15,0.));
#5325=DIRECTION('',(1.,-1.93082265152201E-16,0.));
#5326=DIRECTION('',(0.,-1.,0.));
#5327=DIRECTION('',(-1.,0.,0.));
#5328=DIRECTION('center_axis',(0.,0.,-1.));
#5329=DIRECTION('ref_axis',(1.,0.,0.));
#5330=DIRECTION('center_axis',(0.,0.,-1.));
#5331=DIRECTION('ref_axis',(1.,0.,0.));
#5332=DIRECTION('center_axis',(0.,0.,-1.));
#5333=DIRECTION('ref_axis',(1.,0.,0.));
#5334=DIRECTION('center_axis',(0.,0.,1.));
#5335=DIRECTION('ref_axis',(1.,0.,0.));
#5336=DIRECTION('center_axis',(0.,0.,-1.));
#5337=DIRECTION('ref_axis',(1.,0.,0.));
#5338=DIRECTION('',(0.,0.,-1.));
#5339=DIRECTION('center_axis',(0.,0.,1.));
#5340=DIRECTION('ref_axis',(1.,0.,0.));
#5341=DIRECTION('center_axis',(0.,0.,1.));
#5342=DIRECTION('ref_axis',(1.,0.,0.));
#5343=DIRECTION('center_axis',(0.,0.,1.));
#5344=DIRECTION('ref_axis',(1.,0.,0.));
#5345=DIRECTION('',(0.,0.,-1.));
#5346=DIRECTION('center_axis',(0.,0.,1.));
#5347=DIRECTION('ref_axis',(1.,0.,0.));
#5348=DIRECTION('center_axis',(0.,0.,1.));
#5349=DIRECTION('ref_axis',(1.,0.,0.));
#5350=DIRECTION('center_axis',(0.,0.,1.));
#5351=DIRECTION('ref_axis',(1.,0.,0.));
#5352=DIRECTION('center_axis',(0.,0.,-1.));
#5353=DIRECTION('ref_axis',(1.,0.,0.));
#5354=DIRECTION('',(0.,0.,-1.));
#5355=DIRECTION('center_axis',(0.,0.,1.));
#5356=DIRECTION('ref_axis',(1.,0.,0.));
#5357=DIRECTION('center_axis',(0.,0.,1.));
#5358=DIRECTION('ref_axis',(1.,0.,0.));
#5359=DIRECTION('center_axis',(0.,0.,1.));
#5360=DIRECTION('ref_axis',(1.,0.,0.));
#5361=DIRECTION('',(0.,0.,-1.));
#5362=DIRECTION('center_axis',(0.,0.,1.));
#5363=DIRECTION('ref_axis',(1.,0.,0.));
#5364=DIRECTION('center_axis',(0.,0.,1.));
#5365=DIRECTION('ref_axis',(1.,0.,0.));
#5366=DIRECTION('center_axis',(0.,0.,1.));
#5367=DIRECTION('ref_axis',(1.,0.,0.));
#5368=DIRECTION('center_axis',(0.,0.,-1.));
#5369=DIRECTION('ref_axis',(1.,0.,0.));
#5370=DIRECTION('',(0.,0.,-1.));
#5371=DIRECTION('center_axis',(0.,0.,1.));
#5372=DIRECTION('ref_axis',(1.,0.,0.));
#5373=DIRECTION('center_axis',(0.,0.,1.));
#5374=DIRECTION('ref_axis',(1.,0.,0.));
#5375=DIRECTION('center_axis',(0.,0.,1.));
#5376=DIRECTION('ref_axis',(1.,0.,0.));
#5377=DIRECTION('',(0.,0.,-1.));
#5378=DIRECTION('center_axis',(0.,0.,1.));
#5379=DIRECTION('ref_axis',(1.,0.,0.));
#5380=DIRECTION('center_axis',(0.,0.,1.));
#5381=DIRECTION('ref_axis',(1.,0.,0.));
#5382=DIRECTION('center_axis',(0.,1.,0.));
#5383=DIRECTION('ref_axis',(-1.,0.,0.));
#5384=DIRECTION('',(1.,0.,0.));
#5385=DIRECTION('',(0.,0.,1.));
#5386=DIRECTION('',(1.,0.,0.));
#5387=DIRECTION('',(0.,0.,1.));
#5388=DIRECTION('center_axis',(0.,0.,1.));
#5389=DIRECTION('ref_axis',(1.,-8.88178419700128E-15,0.));
#5390=DIRECTION('center_axis',(0.,0.,-1.));
#5391=DIRECTION('ref_axis',(1.,-8.88178419700128E-15,0.));
#5392=DIRECTION('center_axis',(0.,0.,1.));
#5393=DIRECTION('ref_axis',(1.,-8.88178419700128E-15,0.));
#5394=DIRECTION('',(0.,0.,1.));
#5395=DIRECTION('center_axis',(1.,0.,0.));
#5396=DIRECTION('ref_axis',(0.,1.,0.));
#5397=DIRECTION('',(0.,-1.,0.));
#5398=DIRECTION('',(0.,-1.,0.));
#5399=DIRECTION('',(0.,0.,1.));
#5400=DIRECTION('center_axis',(0.,0.,1.));
#5401=DIRECTION('ref_axis',(0.,-1.,0.));
#5402=DIRECTION('center_axis',(0.,0.,-1.));
#5403=DIRECTION('ref_axis',(0.,-1.,0.));
#5404=DIRECTION('center_axis',(0.,0.,1.));
#5405=DIRECTION('ref_axis',(0.,-1.,0.));
#5406=DIRECTION('',(0.,0.,1.));
#5407=DIRECTION('center_axis',(-1.89312372210292E-16,-1.,0.));
#5408=DIRECTION('ref_axis',(1.,-1.89312372210292E-16,0.));
#5409=DIRECTION('',(-1.,1.89312372210292E-16,0.));
#5410=DIRECTION('',(-1.,1.89312372210292E-16,0.));
#5411=DIRECTION('',(0.,0.,1.));
#5412=DIRECTION('center_axis',(0.,0.,1.));
#5413=DIRECTION('ref_axis',(-1.,0.,0.));
#5414=DIRECTION('center_axis',(0.,0.,-1.));
#5415=DIRECTION('ref_axis',(-1.,0.,0.));
#5416=DIRECTION('center_axis',(0.,0.,1.));
#5417=DIRECTION('ref_axis',(-1.,0.,0.));
#5418=DIRECTION('',(0.,0.,1.));
#5419=DIRECTION('center_axis',(-1.,-3.29981259554604E-16,0.));
#5420=DIRECTION('ref_axis',(3.29981259554604E-16,-1.,0.));
#5421=DIRECTION('',(-3.29981259554604E-16,1.,0.));
#5422=DIRECTION('',(-3.29981259554604E-16,1.,0.));
#5423=DIRECTION('',(0.,0.,1.));
#5424=DIRECTION('center_axis',(0.,0.,1.));
#5425=DIRECTION('ref_axis',(-8.88178419700109E-15,1.,0.));
#5426=DIRECTION('center_axis',(0.,0.,-1.));
#5427=DIRECTION('ref_axis',(-8.88178419700109E-15,1.,0.));
#5428=DIRECTION('center_axis',(0.,0.,1.));
#5429=DIRECTION('ref_axis',(-8.88178419700109E-15,1.,0.));
#5430=DIRECTION('center_axis',(0.,0.,1.));
#5431=DIRECTION('ref_axis',(1.,0.,0.));
#5432=DIRECTION('',(0.,1.,0.));
#5433=DIRECTION('center_axis',(0.,0.,1.));
#5434=DIRECTION('ref_axis',(0.,-1.,0.));
#5435=DIRECTION('',(1.,0.,0.));
#5436=DIRECTION('center_axis',(0.,0.,1.));
#5437=DIRECTION('ref_axis',(-1.,0.,0.));
#5438=DIRECTION('',(0.,-1.,0.));
#5439=DIRECTION('center_axis',(0.,0.,1.));
#5440=DIRECTION('ref_axis',(0.,1.,0.));
#5441=DIRECTION('',(-1.,1.93082265152201E-16,0.));
#5442=DIRECTION('center_axis',(0.,0.,1.));
#5443=DIRECTION('ref_axis',(1.,-8.88178419700144E-15,0.));
#5444=DIRECTION('center_axis',(-1.,0.,0.));
#5445=DIRECTION('ref_axis',(0.,-1.,0.));
#5446=DIRECTION('',(0.,0.,1.));
#5447=DIRECTION('',(0.,0.,1.));
#5448=DIRECTION('center_axis',(0.,0.,1.));
#5449=DIRECTION('ref_axis',(-1.,0.,0.));
#5450=DIRECTION('',(0.,0.,1.));
#5451=DIRECTION('center_axis',(0.,-1.,0.));
#5452=DIRECTION('ref_axis',(1.,0.,0.));
#5453=DIRECTION('',(0.,0.,1.));
#5454=DIRECTION('center_axis',(0.,-1.,0.));
#5455=DIRECTION('ref_axis',(1.,0.,0.));
#5456=DIRECTION('center_axis',(0.,-1.,0.));
#5457=DIRECTION('ref_axis',(1.,0.,0.));
#5458=DIRECTION('center_axis',(0.,0.,1.));
#5459=DIRECTION('ref_axis',(0.,-1.,0.));
#5460=DIRECTION('',(0.,0.,1.));
#5461=DIRECTION('center_axis',(0.,1.,0.));
#5462=DIRECTION('ref_axis',(1.,0.,0.));
#5463=DIRECTION('center_axis',(0.,1.,0.));
#5464=DIRECTION('ref_axis',(1.,0.,0.));
#5465=DIRECTION('',(0.,1.,0.));
#5466=DIRECTION('center_axis',(0.,1.,0.));
#5467=DIRECTION('ref_axis',(1.,0.,0.));
#5468=DIRECTION('center_axis',(0.,1.,0.));
#5469=DIRECTION('ref_axis',(1.,0.,0.));
#5470=DIRECTION('',(0.,1.,0.));
#5471=DIRECTION('center_axis',(-1.,0.,0.));
#5472=DIRECTION('ref_axis',(0.,-1.,0.));
#5473=DIRECTION('',(0.,0.,1.));
#5474=DIRECTION('',(0.,0.,1.));
#5475=DIRECTION('',(0.,-1.,0.));
#5476=DIRECTION('center_axis',(0.,-1.,0.));
#5477=DIRECTION('ref_axis',(1.,0.,0.));
#5478=DIRECTION('',(0.,0.,1.));
#5479=DIRECTION('',(1.,0.,0.));
#5480=DIRECTION('center_axis',(1.,0.,0.));
#5481=DIRECTION('ref_axis',(0.,1.,0.));
#5482=DIRECTION('',(0.,0.,-1.));
#5483=DIRECTION('',(0.,1.,0.));
#5484=DIRECTION('center_axis',(0.,0.,1.));
#5485=DIRECTION('ref_axis',(1.,0.,0.));
#5486=DIRECTION('',(1.,-1.93082265152201E-16,0.));
#5487=DIRECTION('center_axis',(1.93082265152201E-16,1.,0.));
#5488=DIRECTION('ref_axis',(-1.,1.93082265152201E-16,0.));
#5489=DIRECTION('',(0.,0.,1.));
#5490=DIRECTION('',(0.,0.,1.));
#5491=DIRECTION('',(1.,-1.93082265152201E-16,0.));
#5492=DIRECTION('',(0.,0.,-1.));
#5493=DIRECTION('',(0.,0.,1.));
#5494=DIRECTION('center_axis',(1.,0.,0.));
#5495=DIRECTION('ref_axis',(0.,1.,0.));
#5496=DIRECTION('',(0.,1.,0.));
#5497=DIRECTION('',(0.,0.,1.));
#5498=DIRECTION('center_axis',(0.,0.,1.));
#5499=DIRECTION('ref_axis',(1.,0.,0.));
#5500=DIRECTION('',(0.,-1.,0.));
#5501=DIRECTION('',(1.,0.,0.));
#5502=DIRECTION('center_axis',(0.,-1.,0.));
#5503=DIRECTION('ref_axis',(1.,0.,0.));
#5504=DIRECTION('',(0.,0.,1.));
#5505=DIRECTION('center_axis',(-1.,0.,0.));
#5506=DIRECTION('ref_axis',(0.,-1.,0.));
#5507=DIRECTION('center_axis',(0.,0.,1.));
#5508=DIRECTION('ref_axis',(1.,0.,0.));
#5509=DIRECTION('center_axis',(1.,0.,0.));
#5510=DIRECTION('ref_axis',(0.,1.,0.));
#5511=DIRECTION('',(0.,0.,1.));
#5512=DIRECTION('center_axis',(0.,0.,1.));
#5513=DIRECTION('ref_axis',(0.,1.,0.));
#5514=DIRECTION('center_axis',(0.,0.,1.));
#5515=DIRECTION('ref_axis',(1.,-8.88178419700144E-15,0.));
#5516=DIRECTION('center_axis',(0.,0.,1.));
#5517=DIRECTION('ref_axis',(1.,-4.44089209850064E-15,0.));
#5518=DIRECTION('center_axis',(0.,0.,1.));
#5519=DIRECTION('ref_axis',(1.,-4.44089209850064E-15,0.));
#5520=DIRECTION('',(0.,0.,1.));
#5521=DIRECTION('center_axis',(1.,0.,0.));
#5522=DIRECTION('ref_axis',(0.,1.,0.));
#5523=DIRECTION('',(0.,1.,0.));
#5524=DIRECTION('',(0.,0.,1.));
#5525=DIRECTION('center_axis',(0.,0.,1.));
#5526=DIRECTION('ref_axis',(0.,-1.,0.));
#5527=DIRECTION('center_axis',(0.,0.,1.));
#5528=DIRECTION('ref_axis',(0.,-1.,0.));
#5529=DIRECTION('',(0.,0.,1.));
#5530=DIRECTION('center_axis',(0.,-1.,0.));
#5531=DIRECTION('ref_axis',(1.,0.,0.));
#5532=DIRECTION('',(1.,0.,0.));
#5533=DIRECTION('center_axis',(0.,0.,1.));
#5534=DIRECTION('ref_axis',(1.,0.,0.));
#5535=DIRECTION('center_axis',(0.,1.22464679914735E-16,1.));
#5536=DIRECTION('ref_axis',(1.,0.,0.));
#5537=DIRECTION('center_axis',(0.,-1.22464679914735E-16,-1.));
#5538=DIRECTION('ref_axis',(1.,0.,0.));
#5539=DIRECTION('',(0.,-1.22464679914735E-16,-1.));
#5540=DIRECTION('center_axis',(0.,1.22464679914735E-16,1.));
#5541=DIRECTION('ref_axis',(1.,0.,0.));
#5542=DIRECTION('center_axis',(0.,1.22464679914735E-16,1.));
#5543=DIRECTION('ref_axis',(1.,0.,0.));
#5544=DIRECTION('center_axis',(0.,1.22464679914735E-16,1.));
#5545=DIRECTION('ref_axis',(1.,0.,0.));
#5546=DIRECTION('',(0.,-1.22464679914735E-16,-1.));
#5547=DIRECTION('center_axis',(0.,-1.22464679914735E-16,-1.));
#5548=DIRECTION('ref_axis',(1.,0.,0.));
#5549=DIRECTION('center_axis',(0.,-1.22464679914735E-16,-1.));
#5550=DIRECTION('ref_axis',(1.,0.,0.));
#5551=DIRECTION('center_axis',(0.,-1.22464679914735E-16,-1.));
#5552=DIRECTION('ref_axis',(1.,0.,0.));
#5553=DIRECTION('center_axis',(0.,1.22464679914735E-16,1.));
#5554=DIRECTION('ref_axis',(-8.88178419700109E-15,-1.,1.22464679914735E-16));
#5555=DIRECTION('',(1.,0.,0.));
#5556=DIRECTION('center_axis',(0.,1.22464679914735E-16,1.));
#5557=DIRECTION('ref_axis',(1.,8.88178419700128E-15,-1.08770485875752E-30));
#5558=DIRECTION('',(0.,1.,-1.22464679914735E-16));
#5559=DIRECTION('center_axis',(0.,1.22464679914735E-16,1.));
#5560=DIRECTION('ref_axis',(0.,1.,-1.22464679914735E-16));
#5561=DIRECTION('',(-1.,-1.89312372210292E-16,2.31840790666326E-32));
#5562=DIRECTION('center_axis',(0.,1.22464679914735E-16,1.));
#5563=DIRECTION('ref_axis',(-1.,0.,0.));
#5564=DIRECTION('',(-3.29981259554604E-16,-1.,1.22464679914735E-16));
#5565=DIRECTION('center_axis',(0.,-1.22464679914735E-16,-1.));
#5566=DIRECTION('ref_axis',(1.,0.,0.));
#5567=DIRECTION('center_axis',(0.,-1.22464679914735E-16,-1.));
#5568=DIRECTION('ref_axis',(1.,0.,0.));
#5569=DIRECTION('center_axis',(0.,-1.22464679914735E-16,-1.));
#5570=DIRECTION('ref_axis',(1.,0.,0.));
#5571=DIRECTION('center_axis',(0.,1.22464679914735E-16,1.));
#5572=DIRECTION('ref_axis',(1.,0.,0.));
#5573=DIRECTION('center_axis',(0.,-1.22464679914735E-16,-1.));
#5574=DIRECTION('ref_axis',(1.,0.,0.));
#5575=DIRECTION('',(0.,-1.22464679914735E-16,-1.));
#5576=DIRECTION('center_axis',(0.,1.22464679914735E-16,1.));
#5577=DIRECTION('ref_axis',(1.,0.,0.));
#5578=DIRECTION('center_axis',(0.,1.22464679914735E-16,1.));
#5579=DIRECTION('ref_axis',(1.,0.,0.));
#5580=DIRECTION('center_axis',(0.,1.22464679914735E-16,1.));
#5581=DIRECTION('ref_axis',(1.,0.,0.));
#5582=DIRECTION('',(0.,-1.22464679914735E-16,-1.));
#5583=DIRECTION('center_axis',(0.,-1.22464679914735E-16,-1.));
#5584=DIRECTION('ref_axis',(1.,0.,0.));
#5585=DIRECTION('center_axis',(0.,-1.22464679914735E-16,-1.));
#5586=DIRECTION('ref_axis',(1.,0.,0.));
#5587=DIRECTION('center_axis',(0.,1.22464679914735E-16,1.));
#5588=DIRECTION('ref_axis',(1.,0.,0.));
#5589=DIRECTION('center_axis',(0.,-1.22464679914735E-16,-1.));
#5590=DIRECTION('ref_axis',(1.,0.,0.));
#5591=DIRECTION('',(0.,-1.22464679914735E-16,-1.));
#5592=DIRECTION('center_axis',(0.,1.22464679914735E-16,1.));
#5593=DIRECTION('ref_axis',(1.,0.,0.));
#5594=DIRECTION('center_axis',(0.,1.22464679914735E-16,1.));
#5595=DIRECTION('ref_axis',(1.,0.,0.));
#5596=DIRECTION('center_axis',(0.,1.22464679914735E-16,1.));
#5597=DIRECTION('ref_axis',(1.,0.,0.));
#5598=DIRECTION('',(0.,-1.22464679914735E-16,-1.));
#5599=DIRECTION('center_axis',(0.,-1.22464679914735E-16,-1.));
#5600=DIRECTION('ref_axis',(1.,0.,0.));
#5601=DIRECTION('center_axis',(0.,-1.22464679914735E-16,-1.));
#5602=DIRECTION('ref_axis',(1.,0.,0.));
#5603=DIRECTION('center_axis',(0.,1.22464679914735E-16,1.));
#5604=DIRECTION('ref_axis',(1.,0.,0.));
#5605=DIRECTION('center_axis',(0.,-1.22464679914735E-16,-1.));
#5606=DIRECTION('ref_axis',(1.,0.,0.));
#5607=DIRECTION('',(0.,-1.22464679914735E-16,-1.));
#5608=DIRECTION('center_axis',(0.,1.22464679914735E-16,1.));
#5609=DIRECTION('ref_axis',(1.,0.,0.));
#5610=DIRECTION('center_axis',(0.,1.22464679914735E-16,1.));
#5611=DIRECTION('ref_axis',(1.,0.,0.));
#5612=DIRECTION('center_axis',(0.,1.22464679914735E-16,1.));
#5613=DIRECTION('ref_axis',(1.,0.,0.));
#5614=DIRECTION('',(0.,-1.22464679914735E-16,-1.));
#5615=DIRECTION('center_axis',(0.,-1.22464679914735E-16,-1.));
#5616=DIRECTION('ref_axis',(1.,0.,0.));
#5617=DIRECTION('center_axis',(0.,-1.22464679914735E-16,-1.));
#5618=DIRECTION('ref_axis',(1.,0.,0.));
#5619=DIRECTION('center_axis',(1.,0.,0.));
#5620=DIRECTION('ref_axis',(0.,1.,-1.22464679914735E-16));
#5621=DIRECTION('',(0.,1.22464679914735E-16,1.));
#5622=DIRECTION('',(0.,-1.,1.22464679914735E-16));
#5623=DIRECTION('',(0.,1.22464679914735E-16,1.));
#5624=DIRECTION('center_axis',(0.,1.22464679914735E-16,1.));
#5625=DIRECTION('ref_axis',(1.,8.88178419700128E-15,-1.08770485875752E-30));
#5626=DIRECTION('',(0.,1.22464679914735E-16,1.));
#5627=DIRECTION('center_axis',(0.,-1.22464679914735E-16,-1.));
#5628=DIRECTION('ref_axis',(1.,8.88178419700128E-15,-1.08770485875752E-30));
#5629=DIRECTION('center_axis',(0.,-1.,1.22464679914735E-16));
#5630=DIRECTION('ref_axis',(1.,0.,0.));
#5631=DIRECTION('',(0.,1.22464679914735E-16,1.));
#5632=DIRECTION('',(-1.,0.,0.));
#5633=DIRECTION('center_axis',(0.,1.22464679914735E-16,1.));
#5634=DIRECTION('ref_axis',(-8.88178419700109E-15,-1.,1.22464679914735E-16));
#5635=DIRECTION('',(0.,1.22464679914735E-16,1.));
#5636=DIRECTION('center_axis',(0.,-1.22464679914735E-16,-1.));
#5637=DIRECTION('ref_axis',(-8.88178419700109E-15,-1.,1.22464679914735E-16));
#5638=DIRECTION('center_axis',(-1.89312372210292E-16,1.,-1.22464679914735E-16));
#5639=DIRECTION('ref_axis',(-1.,-1.89312372210292E-16,2.31840790666326E-32));
#5640=DIRECTION('',(1.,1.89312372210292E-16,-2.31840790666326E-32));
#5641=DIRECTION('',(0.,1.22464679914735E-16,1.));
#5642=DIRECTION('',(-1.,-1.89312372210292E-16,2.31840790666326E-32));
#5643=DIRECTION('',(0.,1.22464679914735E-16,1.));
#5644=DIRECTION('center_axis',(0.,1.22464679914735E-16,1.));
#5645=DIRECTION('ref_axis',(-1.,0.,0.));
#5646=DIRECTION('center_axis',(0.,-1.22464679914735E-16,-1.));
#5647=DIRECTION('ref_axis',(-1.,0.,0.));
#5648=DIRECTION('',(0.,1.22464679914735E-16,1.));
#5649=DIRECTION('center_axis',(0.,1.22464679914735E-16,1.));
#5650=DIRECTION('ref_axis',(-1.,0.,0.));
#5651=DIRECTION('center_axis',(-1.,3.29981259554604E-16,-4.04110493292157E-32));
#5652=DIRECTION('ref_axis',(-3.29981259554604E-16,-1.,1.22464679914735E-16));
#5653=DIRECTION('',(3.29981259554604E-16,1.,-1.22464679914735E-16));
#5654=DIRECTION('',(0.,1.22464679914735E-16,1.));
#5655=DIRECTION('',(-3.29981259554604E-16,-1.,1.22464679914735E-16));
#5656=DIRECTION('center_axis',(0.,1.22464679914735E-16,1.));
#5657=DIRECTION('ref_axis',(-8.88178419700109E-15,-1.,1.22464679914735E-16));
#5658=DIRECTION('center_axis',(0.,-1.22464679914735E-16,-1.));
#5659=DIRECTION('ref_axis',(-8.88178419700109E-15,-1.,1.22464679914735E-16));
#5660=DIRECTION('',(0.,1.22464679914735E-16,1.));
#5661=DIRECTION('center_axis',(0.,1.22464679914735E-16,1.));
#5662=DIRECTION('ref_axis',(-8.88178419700109E-15,-1.,1.22464679914735E-16));
#5663=DIRECTION('center_axis',(-1.,3.29981259554604E-16,-4.04110493292157E-32));
#5664=DIRECTION('ref_axis',(-3.29981259554604E-16,-1.,1.22464679914735E-16));
#5665=DIRECTION('',(0.,1.22464679914735E-16,1.));
#5666=DIRECTION('',(3.29981259554604E-16,1.,-1.22464679914735E-16));
#5667=DIRECTION('center_axis',(0.,1.22464679914735E-16,1.));
#5668=DIRECTION('ref_axis',(-1.,0.,0.));
#5669=DIRECTION('',(0.,1.22464679914735E-16,1.));
#5670=DIRECTION('center_axis',(0.,-1.22464679914735E-16,-1.));
#5671=DIRECTION('ref_axis',(-1.,0.,0.));
#5672=DIRECTION('center_axis',(-1.89312372210292E-16,1.,-1.22464679914735E-16));
#5673=DIRECTION('ref_axis',(-1.,-1.89312372210292E-16,2.31840790666326E-32));
#5674=DIRECTION('',(0.,1.22464679914735E-16,1.));
#5675=DIRECTION('',(1.,1.89312372210292E-16,-2.31840790666326E-32));
#5676=DIRECTION('center_axis',(0.,1.22464679914735E-16,1.));
#5677=DIRECTION('ref_axis',(0.,1.,-1.22464679914735E-16));
#5678=DIRECTION('center_axis',(0.,-1.22464679914735E-16,-1.));
#5679=DIRECTION('ref_axis',(0.,1.,-1.22464679914735E-16));
#5680=DIRECTION('center_axis',(0.,1.22464679914735E-16,1.));
#5681=DIRECTION('ref_axis',(0.,1.,-1.22464679914735E-16));
#5682=DIRECTION('center_axis',(0.,-1.22464679914735E-16,-1.));
#5683=DIRECTION('ref_axis',(0.,1.,-1.22464679914735E-16));
#5684=DIRECTION('center_axis',(0.,1.22464679914735E-16,1.));
#5685=DIRECTION('ref_axis',(0.,1.,-1.22464679914735E-16));
#5686=DIRECTION('',(0.,1.22464679914735E-16,1.));
#5687=DIRECTION('center_axis',(1.,0.,0.));
#5688=DIRECTION('ref_axis',(0.,1.,-1.22464679914735E-16));
#5689=DIRECTION('',(0.,-1.,1.22464679914735E-16));
#5690=DIRECTION('',(0.,1.,-1.22464679914735E-16));
#5691=DIRECTION('',(0.,1.22464679914735E-16,1.));
#5692=DIRECTION('center_axis',(0.,1.22464679914735E-16,1.));
#5693=DIRECTION('ref_axis',(1.,8.88178419700128E-15,-1.08770485875752E-30));
#5694=DIRECTION('center_axis',(0.,-1.22464679914735E-16,-1.));
#5695=DIRECTION('ref_axis',(1.,8.88178419700128E-15,-1.08770485875752E-30));
#5696=DIRECTION('center_axis',(0.,1.22464679914735E-16,1.));
#5697=DIRECTION('ref_axis',(1.,8.88178419700128E-15,-1.08770485875752E-30));
#5698=DIRECTION('',(0.,1.22464679914735E-16,1.));
#5699=DIRECTION('center_axis',(0.,-1.,1.22464679914735E-16));
#5700=DIRECTION('ref_axis',(1.,0.,0.));
#5701=DIRECTION('',(-1.,0.,0.));
#5702=DIRECTION('',(1.,0.,0.));
#5703=DIRECTION('center_axis',(0.,-1.22464679914735E-16,-1.));
#5704=DIRECTION('ref_axis',(1.,0.,0.));
#5705=DIRECTION('center_axis',(0.,-1.22464679914735E-16,-1.));
#5706=DIRECTION('ref_axis',(1.,0.,0.));
#5707=DIRECTION('center_axis',(0.,-1.22464679914735E-16,-1.));
#5708=DIRECTION('ref_axis',(0.,1.,-1.22464679914735E-16));
#5709=DIRECTION('',(-1.,0.,0.));
#5710=DIRECTION('center_axis',(0.,-1.22464679914735E-16,-1.));
#5711=DIRECTION('ref_axis',(-1.,0.,0.));
#5712=DIRECTION('',(0.,-1.,1.22464679914735E-16));
#5713=DIRECTION('center_axis',(0.,-1.22464679914735E-16,-1.));
#5714=DIRECTION('ref_axis',(0.,-1.,1.22464679914735E-16));
#5715=DIRECTION('',(1.,0.,0.));
#5716=DIRECTION('center_axis',(0.,-1.22464679914735E-16,-1.));
#5717=DIRECTION('ref_axis',(1.,4.44089209850064E-15,-5.43852429378758E-31));
#5718=DIRECTION('',(0.,1.,-1.22464679914735E-16));
#5719=DIRECTION('center_axis',(0.,-1.22464679914735E-16,-1.));
#5720=DIRECTION('ref_axis',(0.,-1.,1.22464679914735E-16));
#5721=DIRECTION('',(0.,-1.22464679914735E-16,-1.));
#5722=DIRECTION('',(0.,-1.22464679914735E-16,-1.));
#5723=DIRECTION('center_axis',(0.,-1.,1.22464679914735E-16));
#5724=DIRECTION('ref_axis',(-1.,0.,0.));
#5725=DIRECTION('',(0.,-1.22464679914735E-16,-1.));
#5726=DIRECTION('center_axis',(0.,-1.22464679914735E-16,-1.));
#5727=DIRECTION('ref_axis',(1.,4.44089209850064E-15,-5.43852429378758E-31));
#5728=DIRECTION('',(0.,-1.22464679914735E-16,-1.));
#5729=DIRECTION('center_axis',(1.,0.,0.));
#5730=DIRECTION('ref_axis',(0.,-1.,1.22464679914735E-16));
#5731=DIRECTION('',(0.,-1.22464679914735E-16,-1.));
#5732=DIRECTION('center_axis',(0.,-1.22464679914735E-16,-1.));
#5733=DIRECTION('ref_axis',(1.,0.,0.));
#5734=DIRECTION('center_axis',(0.,1.,-1.22464679914735E-16));
#5735=DIRECTION('ref_axis',(1.,0.,0.));
#5736=DIRECTION('',(0.,-1.22464679914735E-16,-1.));
#5737=DIRECTION('',(0.,-1.22464679914735E-16,-1.));
#5738=DIRECTION('center_axis',(0.,-1.22464679914735E-16,-1.));
#5739=DIRECTION('ref_axis',(-1.,0.,0.));
#5740=DIRECTION('',(0.,-1.22464679914735E-16,-1.));
#5741=DIRECTION('center_axis',(-1.,0.,0.));
#5742=DIRECTION('ref_axis',(0.,1.,-1.22464679914735E-16));
#5743=DIRECTION('center_axis',(0.,-1.22464679914735E-16,-1.));
#5744=DIRECTION('ref_axis',(0.,1.,-1.22464679914735E-16));
#5745=DIRECTION('center_axis',(0.,-1.22464679914735E-16,-1.));
#5746=DIRECTION('ref_axis',(1.,0.,0.));
#5747=DIRECTION('',(0.,0.,1.));
#5748=DIRECTION('',(1.,0.,0.));
#5749=DIRECTION('',(0.,0.,1.));
#5750=DIRECTION('',(1.,0.,0.));
#5751=DIRECTION('',(0.,0.,1.));
#5752=DIRECTION('',(1.,0.,0.));
#5753=DIRECTION('',(0.,0.,1.));
#5754=DIRECTION('',(-1.,1.224646799147E-16,0.));
#5755=DIRECTION('',(0.,0.,1.));
#5756=DIRECTION('',(1.,0.,0.));
#5757=CARTESIAN_POINT('',(0.,0.,0.));
#5758=CARTESIAN_POINT('',(0.,0.,0.));
#5759=CARTESIAN_POINT('Origin',(1.481626402817E-17,-0.625,0.771483451357));
#5760=CARTESIAN_POINT('',(-0.65,-0.625,0.465));
#5761=CARTESIAN_POINT('',(-0.585,-0.625,1.1));
#5762=CARTESIAN_POINT('',(-0.65,-0.625,0.465));
#5763=CARTESIAN_POINT('',(0.65,-0.625,0.465));
#5764=CARTESIAN_POINT('',(0.65,-0.625,0.465));
#5765=CARTESIAN_POINT('',(0.585,-0.625,1.1));
#5766=CARTESIAN_POINT('',(0.585,-0.625,1.1));
#5767=CARTESIAN_POINT('',(-0.585,-0.625,1.1));
#5768=CARTESIAN_POINT('Origin',(-0.65,0.625,0.465));
#5769=CARTESIAN_POINT('',(-0.65,0.625,0.465));
#5770=CARTESIAN_POINT('',(-0.65,0.46875,0.465));
#5771=CARTESIAN_POINT('',(-0.65,0.625,0.465));
#5772=CARTESIAN_POINT('',(-0.65,-0.46875,0.465));
#5773=CARTESIAN_POINT('',(-0.65,-0.625,0.465));
#5774=CARTESIAN_POINT('',(-0.65,0.625,0.465));
#5775=CARTESIAN_POINT('',(-0.585,0.625,1.1));
#5776=CARTESIAN_POINT('',(-0.585,0.625,1.1));
#5777=CARTESIAN_POINT('',(-0.65,0.625,0.465));
#5778=CARTESIAN_POINT('Origin',(-0.965,-0.625,0.035));
#5779=CARTESIAN_POINT('',(-0.965,-0.625,0.035));
#5780=CARTESIAN_POINT('',(-0.9125,-0.625,0.035));
#5781=CARTESIAN_POINT('',(-0.965,-0.625,0.035));
#5782=CARTESIAN_POINT('',(0.9125,-0.625,0.035));
#5783=CARTESIAN_POINT('',(-0.965,-0.625,0.035));
#5784=CARTESIAN_POINT('',(0.965,-0.625,0.035));
#5785=CARTESIAN_POINT('',(-0.965,-0.625,0.035));
#5786=CARTESIAN_POINT('',(0.965,-0.625,0.465));
#5787=CARTESIAN_POINT('',(0.965,-0.625,0.035));
#5788=CARTESIAN_POINT('',(0.9125,-0.625,0.465));
#5789=CARTESIAN_POINT('',(-0.965,-0.625,0.465));
#5790=CARTESIAN_POINT('',(-0.965,-0.625,0.465));
#5791=CARTESIAN_POINT('',(-0.9125,-0.625,0.465));
#5792=CARTESIAN_POINT('',(-0.965,-0.625,0.465));
#5793=CARTESIAN_POINT('',(-0.965,-0.625,0.465));
#5794=CARTESIAN_POINT('',(-0.965,-0.625,0.465));
#5795=CARTESIAN_POINT('',(-0.965,-0.625,0.035));
#5796=CARTESIAN_POINT('Origin',(-0.585,0.625,1.1));
#5797=CARTESIAN_POINT('',(0.585,0.625,1.1));
#5798=CARTESIAN_POINT('',(0.585,0.625,1.1));
#5799=CARTESIAN_POINT('',(-0.585,0.625,1.1));
#5800=CARTESIAN_POINT('Origin',(0.585,0.625,1.1));
#5801=CARTESIAN_POINT('',(0.65,-0.46875,0.465));
#5802=CARTESIAN_POINT('',(0.65,0.625,0.465));
#5803=CARTESIAN_POINT('',(0.65,0.46875,0.465));
#5804=CARTESIAN_POINT('',(0.65,0.625,0.465));
#5805=CARTESIAN_POINT('',(0.65,0.625,0.465));
#5806=CARTESIAN_POINT('',(0.65,0.625,0.465));
#5807=CARTESIAN_POINT('',(0.585,0.625,1.1));
#5808=CARTESIAN_POINT('Origin',(-0.965,-0.625,0.465));
#5809=CARTESIAN_POINT('',(-0.9125,0.625,0.465));
#5810=CARTESIAN_POINT('',(-0.965,0.625,0.465));
#5811=CARTESIAN_POINT('',(-0.9125,0.46875,0.465));
#5812=CARTESIAN_POINT('',(-0.9125,0.078125,0.465));
#5813=CARTESIAN_POINT('',(-0.93875,0.46875,0.465));
#5814=CARTESIAN_POINT('Origin',(1.481626402817E-17,0.625,0.771483451357));
#5815=CARTESIAN_POINT('',(0.65,0.625,0.465));
#5816=CARTESIAN_POINT('Origin',(-0.685,-0.625,0.465));
#5817=CARTESIAN_POINT('',(-0.685,0.46875,0.5));
#5818=CARTESIAN_POINT('Origin',(-0.685,0.46875,0.465));
#5819=CARTESIAN_POINT('',(-0.685,-0.46875,0.5));
#5820=CARTESIAN_POINT('',(-0.685,-0.625,0.5));
#5821=CARTESIAN_POINT('Origin',(-0.685,-0.46875,0.465));
#5822=CARTESIAN_POINT('Origin',(-0.965,-0.625,0.465));
#5823=CARTESIAN_POINT('',(-0.9125,-0.46875,0.465));
#5824=CARTESIAN_POINT('',(-0.9125,-0.546875,0.465));
#5825=CARTESIAN_POINT('',(-0.02625,-0.46875,0.465));
#5826=CARTESIAN_POINT('Origin',(-1.,-0.625,0.));
#5827=CARTESIAN_POINT('',(-0.965,-0.625,-6.938893903907E-18));
#5828=CARTESIAN_POINT('',(-0.9125,-0.625,0.));
#5829=CARTESIAN_POINT('',(-1.,-0.625,0.));
#5830=CARTESIAN_POINT('',(-0.9125,-0.625,0.375));
#5831=CARTESIAN_POINT('',(-0.9125,-0.625,0.5));
#5832=CARTESIAN_POINT('',(-0.9125,-0.625,0.375));
#5833=CARTESIAN_POINT('',(-0.965,-0.625,0.5));
#5834=CARTESIAN_POINT('',(-1.,-0.625,0.5));
#5835=CARTESIAN_POINT('',(-1.,-0.625,0.465));
#5836=CARTESIAN_POINT('Origin',(-0.965,-0.625,0.465));
#5837=CARTESIAN_POINT('',(-1.,-0.625,0.035));
#5838=CARTESIAN_POINT('',(-1.,-0.625,0.));
#5839=CARTESIAN_POINT('Origin',(-0.965,-0.625,0.035));
#5840=CARTESIAN_POINT('Origin',(-0.965,-0.625,0.035));
#5841=CARTESIAN_POINT('',(-0.9125,-0.46875,0.035));
#5842=CARTESIAN_POINT('',(-0.9125,-0.546875,0.035));
#5843=CARTESIAN_POINT('',(-0.65,-0.46875,0.035));
#5844=CARTESIAN_POINT('',(-0.02625,-0.46875,0.035));
#5845=CARTESIAN_POINT('',(-0.65,0.46875,0.035));
#5846=CARTESIAN_POINT('',(-0.65,-0.625,0.035));
#5847=CARTESIAN_POINT('',(-0.9125,0.46875,0.035));
#5848=CARTESIAN_POINT('',(-0.93875,0.46875,0.035));
#5849=CARTESIAN_POINT('',(-0.9125,0.625,0.035));
#5850=CARTESIAN_POINT('',(-0.9125,0.078125,0.035));
#5851=CARTESIAN_POINT('',(0.9125,0.625,0.035));
#5852=CARTESIAN_POINT('',(-0.965,0.625,0.035));
#5853=CARTESIAN_POINT('',(0.9125,0.46875,0.035));
#5854=CARTESIAN_POINT('',(0.9125,-0.078125,0.035));
#5855=CARTESIAN_POINT('',(0.65,0.46875,0.035));
#5856=CARTESIAN_POINT('',(-0.93875,0.46875,0.035));
#5857=CARTESIAN_POINT('',(0.65,-0.46875,0.035));
#5858=CARTESIAN_POINT('',(0.65,-0.625,0.035));
#5859=CARTESIAN_POINT('',(0.9125,-0.46875,0.035));
#5860=CARTESIAN_POINT('',(-0.02625,-0.46875,0.035));
#5861=CARTESIAN_POINT('',(0.9125,-0.703125,0.035));
#5862=CARTESIAN_POINT('',(0.433012701892,0.5,0.035));
#5863=CARTESIAN_POINT('',(0.433012701892,-0.5,0.035));
#5864=CARTESIAN_POINT('',(0.433012701892,0.5,0.035));
#5865=CARTESIAN_POINT('',(-0.433012701892,0.,0.035));
#5866=CARTESIAN_POINT('',(-0.433012701892,0.,0.035));
#5867=CARTESIAN_POINT('',(0.433012701892,-0.5,0.035));
#5868=CARTESIAN_POINT('Origin',(0.65,-0.625,0.));
#5869=CARTESIAN_POINT('',(0.9125,-0.625,0.));
#5870=CARTESIAN_POINT('',(0.965,-0.625,-6.938893903907E-18));
#5871=CARTESIAN_POINT('',(0.65,-0.625,0.));
#5872=CARTESIAN_POINT('',(1.,-0.625,0.035));
#5873=CARTESIAN_POINT('Origin',(0.965,-0.625,0.035));
#5874=CARTESIAN_POINT('',(1.,-0.625,0.465));
#5875=CARTESIAN_POINT('',(1.,-0.625,0.));
#5876=CARTESIAN_POINT('',(0.965,-0.625,0.5));
#5877=CARTESIAN_POINT('Origin',(0.965,-0.625,0.465));
#5878=CARTESIAN_POINT('',(0.9125,-0.625,0.5));
#5879=CARTESIAN_POINT('',(0.65,-0.625,0.5));
#5880=CARTESIAN_POINT('',(0.9125,-0.625,0.375));
#5881=CARTESIAN_POINT('',(0.9125,-0.625,0.375));
#5882=CARTESIAN_POINT('Origin',(-0.965,-0.625,0.465));
#5883=CARTESIAN_POINT('',(0.9125,-0.46875,0.465));
#5884=CARTESIAN_POINT('',(-0.02625,-0.46875,0.465));
#5885=CARTESIAN_POINT('',(0.9125,-0.703125,0.465));
#5886=CARTESIAN_POINT('Origin',(-0.965,-0.625,0.465));
#5887=CARTESIAN_POINT('',(0.9125,0.625,0.465));
#5888=CARTESIAN_POINT('',(-0.965,0.625,0.465));
#5889=CARTESIAN_POINT('',(0.9125,0.46875,0.465));
#5890=CARTESIAN_POINT('',(-0.93875,0.46875,0.465));
#5891=CARTESIAN_POINT('',(0.9125,-0.078125,0.465));
#5892=CARTESIAN_POINT('Origin',(0.685,-0.625,0.465));
#5893=CARTESIAN_POINT('',(0.685,-0.46875,0.5));
#5894=CARTESIAN_POINT('Origin',(0.685,-0.46875,0.465));
#5895=CARTESIAN_POINT('',(0.685,0.46875,0.5));
#5896=CARTESIAN_POINT('',(0.685,-0.625,0.5));
#5897=CARTESIAN_POINT('Origin',(0.685,0.46875,0.465));
#5898=CARTESIAN_POINT('Origin',(-0.965,0.625,0.035));
#5899=CARTESIAN_POINT('',(-0.965,0.625,0.035));
#5900=CARTESIAN_POINT('',(-0.965,0.625,0.035));
#5901=CARTESIAN_POINT('',(-0.965,0.625,0.465));
#5902=CARTESIAN_POINT('',(-0.965,0.625,0.035));
#5903=CARTESIAN_POINT('',(-0.965,0.625,0.465));
#5904=CARTESIAN_POINT('',(0.965,0.625,0.465));
#5905=CARTESIAN_POINT('',(-0.965,0.625,0.465));
#5906=CARTESIAN_POINT('',(0.965,0.625,0.035));
#5907=CARTESIAN_POINT('',(0.965,0.625,0.035));
#5908=CARTESIAN_POINT('',(-0.965,0.625,0.035));
#5909=CARTESIAN_POINT('Origin',(-0.9125,0.46875,0.75));
#5910=CARTESIAN_POINT('',(-0.9125,0.46875,0.5));
#5911=CARTESIAN_POINT('',(-0.95625,0.46875,0.5));
#5912=CARTESIAN_POINT('',(-0.9125,0.46875,0.75));
#5913=CARTESIAN_POINT('Origin',(-0.9125,0.78125,0.75));
#5914=CARTESIAN_POINT('',(-0.9125,0.625,0.5));
#5915=CARTESIAN_POINT('',(-0.9125,0.625,0.375));
#5916=CARTESIAN_POINT('',(-0.9125,0.078125,0.5));
#5917=CARTESIAN_POINT('Origin',(0.9125,-0.46875,0.75));
#5918=CARTESIAN_POINT('',(-0.9125,-0.46875,0.5));
#5919=CARTESIAN_POINT('',(-0.9125,-0.46875,0.75));
#5920=CARTESIAN_POINT('',(-0.04375,-0.46875,0.5));
#5921=CARTESIAN_POINT('Origin',(-1.,-0.625,0.5));
#5922=CARTESIAN_POINT('',(-0.965,0.625,0.5));
#5923=CARTESIAN_POINT('',(-1.,0.625,0.5));
#5924=CARTESIAN_POINT('',(-0.965,-0.625,0.5));
#5925=CARTESIAN_POINT('',(-0.9125,-0.546875,0.5));
#5926=CARTESIAN_POINT('Origin',(-0.9125,-0.46875,0.75));
#5927=CARTESIAN_POINT('Origin',(-1.,-0.625,0.));
#5928=CARTESIAN_POINT('',(-0.965,0.625,-6.938893903907E-18));
#5929=CARTESIAN_POINT('',(-0.9125,0.625,0.));
#5930=CARTESIAN_POINT('',(-1.,0.625,0.));
#5931=CARTESIAN_POINT('',(-0.9125,0.46875,0.));
#5932=CARTESIAN_POINT('',(-0.9125,0.078125,0.));
#5933=CARTESIAN_POINT('',(-0.685,0.46875,-6.938893903907E-18));
#5934=CARTESIAN_POINT('',(-0.95625,0.46875,0.));
#5935=CARTESIAN_POINT('',(-0.685,-0.46875,-6.938893903907E-18));
#5936=CARTESIAN_POINT('',(-0.685,-0.625,-6.938893903907E-18));
#5937=CARTESIAN_POINT('',(-0.9125,-0.46875,0.));
#5938=CARTESIAN_POINT('',(-0.04375,-0.46875,0.));
#5939=CARTESIAN_POINT('',(-0.9125,-0.546875,0.));
#5940=CARTESIAN_POINT('',(-0.965,-0.625,-6.938893903907E-18));
#5941=CARTESIAN_POINT('Origin',(-0.965,-0.625,0.035));
#5942=CARTESIAN_POINT('',(-1.,0.625,0.035));
#5943=CARTESIAN_POINT('',(-1.,-0.625,0.035));
#5944=CARTESIAN_POINT('Origin',(-0.965,0.625,0.035));
#5945=CARTESIAN_POINT('Origin',(-0.9125,-0.46875,0.75));
#5946=CARTESIAN_POINT('',(-0.9125,-0.46875,0.75));
#5947=CARTESIAN_POINT('Origin',(-1.,-0.625,0.));
#5948=CARTESIAN_POINT('',(-1.,0.625,0.465));
#5949=CARTESIAN_POINT('',(-1.,-0.625,0.465));
#5950=CARTESIAN_POINT('',(-1.,0.625,0.));
#5951=CARTESIAN_POINT('Origin',(-0.965,-0.625,0.465));
#5952=CARTESIAN_POINT('Origin',(-0.965,0.625,0.465));
#5953=CARTESIAN_POINT('Origin',(0.9125,-0.46875,0.75));
#5954=CARTESIAN_POINT('Origin',(-0.685,-0.46875,0.035));
#5955=CARTESIAN_POINT('Origin',(-0.685,-0.625,0.035));
#5956=CARTESIAN_POINT('Origin',(-0.685,0.46875,0.035));
#5957=CARTESIAN_POINT('Origin',(-0.9125,0.46875,0.75));
#5958=CARTESIAN_POINT('',(-0.9125,0.46875,0.75));
#5959=CARTESIAN_POINT('Origin',(-0.9125,0.78125,0.75));
#5960=CARTESIAN_POINT('',(-0.9125,0.625,0.375));
#5961=CARTESIAN_POINT('Origin',(0.9125,0.46875,0.75));
#5962=CARTESIAN_POINT('',(0.9125,0.625,0.));
#5963=CARTESIAN_POINT('',(0.9125,0.625,0.375));
#5964=CARTESIAN_POINT('',(0.9125,0.46875,0.));
#5965=CARTESIAN_POINT('',(0.9125,-0.078125,0.));
#5966=CARTESIAN_POINT('',(0.9125,0.46875,0.75));
#5967=CARTESIAN_POINT('Origin',(-0.9125,0.46875,0.75));
#5968=CARTESIAN_POINT('',(0.685,0.46875,-6.938893903907E-18));
#5969=CARTESIAN_POINT('',(-0.13125,0.46875,0.));
#5970=CARTESIAN_POINT('Origin',(0.685,0.46875,0.035));
#5971=CARTESIAN_POINT('Origin',(0.685,-0.625,0.035));
#5972=CARTESIAN_POINT('',(0.685,-0.46875,-6.938893903907E-18));
#5973=CARTESIAN_POINT('',(0.685,-0.625,-6.938893903907E-18));
#5974=CARTESIAN_POINT('Origin',(0.685,-0.46875,0.035));
#5975=CARTESIAN_POINT('Origin',(0.9125,-0.46875,0.75));
#5976=CARTESIAN_POINT('',(0.9125,-0.46875,0.));
#5977=CARTESIAN_POINT('',(0.78125,-0.46875,0.));
#5978=CARTESIAN_POINT('',(0.9125,-0.46875,0.75));
#5979=CARTESIAN_POINT('Origin',(0.9125,-0.78125,0.75));
#5980=CARTESIAN_POINT('',(0.9125,-0.703125,0.));
#5981=CARTESIAN_POINT('Origin',(0.433012701892,0.5,0.0175));
#5982=CARTESIAN_POINT('',(0.433012701892,0.5,0.0175));
#5983=CARTESIAN_POINT('',(0.433012701892,0.5,0.0175));
#5984=CARTESIAN_POINT('',(0.433012701892,-0.5,0.0175));
#5985=CARTESIAN_POINT('',(0.433012701892,-0.5,0.0175));
#5986=CARTESIAN_POINT('',(0.433012701892,0.5,0.0175));
#5987=CARTESIAN_POINT('Origin',(-0.433012701892,0.,0.0175));
#5988=CARTESIAN_POINT('',(-0.433012701892,0.,0.0175));
#5989=CARTESIAN_POINT('',(-0.433012701892,0.,0.0175));
#5990=CARTESIAN_POINT('',(-0.433012701892,0.,0.0175));
#5991=CARTESIAN_POINT('Origin',(0.433012701892,-0.5,0.0175));
#5992=CARTESIAN_POINT('',(0.433012701892,-0.5,0.0175));
#5993=CARTESIAN_POINT('Origin',(0.65,-0.625,0.));
#5994=CARTESIAN_POINT('',(0.965,0.625,-6.938893903907E-18));
#5995=CARTESIAN_POINT('',(0.65,0.625,0.));
#5996=CARTESIAN_POINT('',(0.965,-0.625,-6.938893903907E-18));
#5997=CARTESIAN_POINT('Origin',(0.965,-0.625,0.035));
#5998=CARTESIAN_POINT('',(1.,0.625,0.035));
#5999=CARTESIAN_POINT('Origin',(0.965,0.625,0.035));
#6000=CARTESIAN_POINT('',(1.,-0.625,0.035));
#6001=CARTESIAN_POINT('Origin',(1.,-0.625,0.));
#6002=CARTESIAN_POINT('',(1.,0.625,0.465));
#6003=CARTESIAN_POINT('',(1.,0.625,0.));
#6004=CARTESIAN_POINT('',(1.,-0.625,0.465));
#6005=CARTESIAN_POINT('Origin',(0.965,-0.625,0.465));
#6006=CARTESIAN_POINT('',(0.965,0.625,0.5));
#6007=CARTESIAN_POINT('Origin',(0.965,0.625,0.465));
#6008=CARTESIAN_POINT('',(0.965,-0.625,0.5));
#6009=CARTESIAN_POINT('Origin',(0.65,-0.625,0.5));
#6010=CARTESIAN_POINT('',(0.9125,0.625,0.5));
#6011=CARTESIAN_POINT('',(0.65,0.625,0.5));
#6012=CARTESIAN_POINT('',(0.9125,0.46875,0.5));
#6013=CARTESIAN_POINT('',(0.9125,-0.078125,0.5));
#6014=CARTESIAN_POINT('',(-0.13125,0.46875,0.5));
#6015=CARTESIAN_POINT('',(0.9125,-0.46875,0.5));
#6016=CARTESIAN_POINT('',(0.78125,-0.46875,0.5));
#6017=CARTESIAN_POINT('',(0.9125,-0.703125,0.5));
#6018=CARTESIAN_POINT('Origin',(0.9125,-0.78125,0.75));
#6019=CARTESIAN_POINT('',(0.9125,-0.46875,0.75));
#6020=CARTESIAN_POINT('Origin',(0.9125,-0.46875,0.75));
#6021=CARTESIAN_POINT('Origin',(0.9125,0.46875,0.75));
#6022=CARTESIAN_POINT('',(0.9125,0.625,0.375));
#6023=CARTESIAN_POINT('',(0.9125,0.46875,0.75));
#6024=CARTESIAN_POINT('Origin',(-0.9125,0.46875,0.75));
#6025=CARTESIAN_POINT('Origin',(-1.,0.625,0.));
#6026=CARTESIAN_POINT('Origin',(0.65,0.625,0.));
#6027=CARTESIAN_POINT('Origin',(0.144337567297,9.251858538543E-18,0.0175));
#6028=CARTESIAN_POINT('',(0.,0.,0.));
#6029=CARTESIAN_POINT('Origin',(-1.,-0.6,0.));
#6030=CARTESIAN_POINT('',(-1.,-0.6,0.045));
#6031=CARTESIAN_POINT('',(-1.,-0.6,0.405));
#6032=CARTESIAN_POINT('',(-1.,-0.6,0.));
#6033=CARTESIAN_POINT('',(-1.,0.6,0.405));
#6034=CARTESIAN_POINT('',(-1.,-0.6,0.405));
#6035=CARTESIAN_POINT('',(-1.,0.6,0.045));
#6036=CARTESIAN_POINT('',(-1.,0.6,0.));
#6037=CARTESIAN_POINT('',(-1.,-0.6,0.045));
#6038=CARTESIAN_POINT('Origin',(-1.,-0.6,0.));
#6039=CARTESIAN_POINT('',(-0.955,-0.6,-2.775557561563E-17));
#6040=CARTESIAN_POINT('',(-0.745,-0.6,-2.775557561563E-17));
#6041=CARTESIAN_POINT('',(-1.,-0.6,0.));
#6042=CARTESIAN_POINT('',(-0.7,-0.6,0.045));
#6043=CARTESIAN_POINT('Origin',(-0.745,-0.6,0.045));
#6044=CARTESIAN_POINT('',(-0.955,-0.6,0.045));
#6045=CARTESIAN_POINT('',(-0.955,-0.6,0.045));
#6046=CARTESIAN_POINT('',(-0.955,-0.6,0.405));
#6047=CARTESIAN_POINT('',(-0.955,-0.6,0.045));
#6048=CARTESIAN_POINT('',(-0.7,-0.6,0.405));
#6049=CARTESIAN_POINT('',(-0.955,-0.6,0.405));
#6050=CARTESIAN_POINT('',(-0.745,-0.6,0.45));
#6051=CARTESIAN_POINT('Origin',(-0.745,-0.6,0.405));
#6052=CARTESIAN_POINT('',(-0.955,-0.6,0.45));
#6053=CARTESIAN_POINT('',(-1.,-0.6,0.45));
#6054=CARTESIAN_POINT('Origin',(-0.955,-0.6,0.405));
#6055=CARTESIAN_POINT('Origin',(-0.955,-0.6,0.045));
#6056=CARTESIAN_POINT('Origin',(-0.955,-0.6,0.045));
#6057=CARTESIAN_POINT('',(-0.955,0.6,-2.775557561563E-17));
#6058=CARTESIAN_POINT('Origin',(-0.955,0.6,0.045));
#6059=CARTESIAN_POINT('',(-0.955,-0.6,-2.775557561563E-17));
#6060=CARTESIAN_POINT('Origin',(-0.955,-0.6,0.405));
#6061=CARTESIAN_POINT('',(-0.955,0.6,0.45));
#6062=CARTESIAN_POINT('',(-0.955,-0.6,0.45));
#6063=CARTESIAN_POINT('Origin',(-0.955,0.6,0.405));
#6064=CARTESIAN_POINT('Origin',(-1.,0.6,0.));
#6065=CARTESIAN_POINT('',(-0.745,0.6,-2.775557561563E-17));
#6066=CARTESIAN_POINT('',(-1.,0.6,0.));
#6067=CARTESIAN_POINT('',(-0.745,0.6,0.45));
#6068=CARTESIAN_POINT('',(-1.,0.6,0.45));
#6069=CARTESIAN_POINT('',(-0.7,0.6,0.405));
#6070=CARTESIAN_POINT('Origin',(-0.745,0.6,0.405));
#6071=CARTESIAN_POINT('',(-0.955,0.6,0.405));
#6072=CARTESIAN_POINT('',(-0.955,0.6,0.405));
#6073=CARTESIAN_POINT('',(-0.955,0.6,0.045));
#6074=CARTESIAN_POINT('',(-0.955,0.6,0.045));
#6075=CARTESIAN_POINT('',(-0.7,0.6,0.045));
#6076=CARTESIAN_POINT('',(-0.955,0.6,0.045));
#6077=CARTESIAN_POINT('Origin',(-0.745,0.6,0.045));
#6078=CARTESIAN_POINT('Origin',(-1.,-0.6,0.));
#6079=CARTESIAN_POINT('',(-0.745,-0.6,-2.775557561563E-17));
#6080=CARTESIAN_POINT('Origin',(-0.745,-0.6,0.045));
#6081=CARTESIAN_POINT('',(-0.7,-0.6,0.045));
#6082=CARTESIAN_POINT('Origin',(-0.955,-0.6,0.045));
#6083=CARTESIAN_POINT('',(0.7,-0.6,0.045));
#6084=CARTESIAN_POINT('',(-0.955,-0.6,0.045));
#6085=CARTESIAN_POINT('',(0.955,-0.6,0.045));
#6086=CARTESIAN_POINT('',(-0.955,-0.6,0.045));
#6087=CARTESIAN_POINT('',(0.955,-0.6,0.405));
#6088=CARTESIAN_POINT('',(0.955,-0.6,0.045));
#6089=CARTESIAN_POINT('',(0.7,-0.6,0.405));
#6090=CARTESIAN_POINT('',(-0.955,-0.6,0.405));
#6091=CARTESIAN_POINT('',(-0.7,-0.6,0.405));
#6092=CARTESIAN_POINT('Origin',(-1.,-0.6,0.45));
#6093=CARTESIAN_POINT('',(-0.745,-0.6,0.45));
#6094=CARTESIAN_POINT('Origin',(-0.745,-0.6,0.405));
#6095=CARTESIAN_POINT('',(-0.7,-0.6,0.405));
#6096=CARTESIAN_POINT('Origin',(-0.955,0.6,0.045));
#6097=CARTESIAN_POINT('',(0.7,0.6,0.405));
#6098=CARTESIAN_POINT('',(-0.7,0.6,0.405));
#6099=CARTESIAN_POINT('',(0.955,0.6,0.405));
#6100=CARTESIAN_POINT('',(-0.955,0.6,0.405));
#6101=CARTESIAN_POINT('',(0.955,0.6,0.045));
#6102=CARTESIAN_POINT('',(0.955,0.6,0.045));
#6103=CARTESIAN_POINT('',(0.7,0.6,0.045));
#6104=CARTESIAN_POINT('',(-0.955,0.6,0.045));
#6105=CARTESIAN_POINT('',(-0.955,0.6,0.045));
#6106=CARTESIAN_POINT('Origin',(-0.955,-0.6,0.045));
#6107=CARTESIAN_POINT('',(0.7,-0.6,0.045));
#6108=CARTESIAN_POINT('Origin',(0.7,-0.6,0.));
#6109=CARTESIAN_POINT('',(0.745,-0.6,-2.775557561563E-17));
#6110=CARTESIAN_POINT('',(0.955,-0.6,-2.775557561563E-17));
#6111=CARTESIAN_POINT('',(0.7,-0.6,0.));
#6112=CARTESIAN_POINT('',(1.,-0.6,0.045));
#6113=CARTESIAN_POINT('Origin',(0.955,-0.6,0.045));
#6114=CARTESIAN_POINT('',(1.,-0.6,0.405));
#6115=CARTESIAN_POINT('',(1.,-0.6,0.));
#6116=CARTESIAN_POINT('',(0.955,-0.6,0.45));
#6117=CARTESIAN_POINT('Origin',(0.955,-0.6,0.405));
#6118=CARTESIAN_POINT('',(0.745,-0.6,0.45));
#6119=CARTESIAN_POINT('',(0.7,-0.6,0.45));
#6120=CARTESIAN_POINT('Origin',(0.745,-0.6,0.405));
#6121=CARTESIAN_POINT('Origin',(0.745,-0.6,0.045));
#6122=CARTESIAN_POINT('Origin',(-0.7,-0.6,0.405));
#6123=CARTESIAN_POINT('',(0.7,-0.6,0.45));
#6124=CARTESIAN_POINT('',(0.7,-0.6,0.405));
#6125=CARTESIAN_POINT('',(-0.7,-0.6,0.45));
#6126=CARTESIAN_POINT('',(-0.7,-0.6,0.45));
#6127=CARTESIAN_POINT('',(-0.7,-0.6,0.405));
#6128=CARTESIAN_POINT('Origin',(-0.7,-0.6,0.405));
#6129=CARTESIAN_POINT('',(-0.7,0.6,0.45));
#6130=CARTESIAN_POINT('',(-0.7,-0.6,0.45));
#6131=CARTESIAN_POINT('',(-0.7,0.6,0.405));
#6132=CARTESIAN_POINT('Origin',(0.7,0.6,0.));
#6133=CARTESIAN_POINT('',(0.745,0.6,-2.775557561563E-17));
#6134=CARTESIAN_POINT('',(0.955,0.6,-2.775557561563E-17));
#6135=CARTESIAN_POINT('',(0.7,0.6,0.));
#6136=CARTESIAN_POINT('Origin',(0.745,0.6,0.045));
#6137=CARTESIAN_POINT('',(0.745,0.6,0.45));
#6138=CARTESIAN_POINT('Origin',(0.745,0.6,0.405));
#6139=CARTESIAN_POINT('',(0.955,0.6,0.45));
#6140=CARTESIAN_POINT('',(0.7,0.6,0.45));
#6141=CARTESIAN_POINT('',(1.,0.6,0.405));
#6142=CARTESIAN_POINT('Origin',(0.955,0.6,0.405));
#6143=CARTESIAN_POINT('',(1.,0.6,0.045));
#6144=CARTESIAN_POINT('',(1.,0.6,0.));
#6145=CARTESIAN_POINT('Origin',(0.955,0.6,0.045));
#6146=CARTESIAN_POINT('Origin',(-0.7,0.6,0.405));
#6147=CARTESIAN_POINT('',(0.7,0.6,0.45));
#6148=CARTESIAN_POINT('',(-0.7,0.6,0.45));
#6149=CARTESIAN_POINT('',(0.7,0.6,0.405));
#6150=CARTESIAN_POINT('Origin',(0.745,-0.6,0.045));
#6151=CARTESIAN_POINT('',(0.745,-0.6,-2.775557561563E-17));
#6152=CARTESIAN_POINT('Origin',(0.7,-0.6,0.));
#6153=CARTESIAN_POINT('',(0.955,-0.6,-2.775557561563E-17));
#6154=CARTESIAN_POINT('Origin',(0.955,-0.6,0.045));
#6155=CARTESIAN_POINT('',(1.,-0.6,0.045));
#6156=CARTESIAN_POINT('Origin',(1.,-0.6,0.));
#6157=CARTESIAN_POINT('',(1.,-0.6,0.405));
#6158=CARTESIAN_POINT('Origin',(0.955,-0.6,0.405));
#6159=CARTESIAN_POINT('',(0.955,-0.6,0.45));
#6160=CARTESIAN_POINT('Origin',(0.7,-0.6,0.45));
#6161=CARTESIAN_POINT('',(0.745,-0.6,0.45));
#6162=CARTESIAN_POINT('Origin',(0.745,-0.6,0.405));
#6163=CARTESIAN_POINT('',(0.7,-0.6,0.405));
#6164=CARTESIAN_POINT('Origin',(0.7,-0.6,0.405));
#6165=CARTESIAN_POINT('',(0.7,-0.6,0.45));
#6166=CARTESIAN_POINT('Origin',(-0.7,-0.6,0.45));
#6167=CARTESIAN_POINT('',(0.,0.,0.));
#6168=CARTESIAN_POINT('Origin',(179.00000074707,-82.99999925292,0.));
#6169=CARTESIAN_POINT('',(179.,-82.,0.));
#6170=CARTESIAN_POINT('',(179.,-82.,1.51));
#6171=CARTESIAN_POINT('',(179.,-82.,0.));
#6172=CARTESIAN_POINT('',(180.,-83.,1.51));
#6173=CARTESIAN_POINT('Origin',(179.00000074707,-82.99999925292,1.51));
#6174=CARTESIAN_POINT('',(180.,-83.,0.));
#6175=CARTESIAN_POINT('',(180.,-83.,0.));
#6176=CARTESIAN_POINT('Origin',(179.00000074707,-82.99999925292,0.));
#6177=CARTESIAN_POINT('Origin',(132.5,-82.,0.));
#6178=CARTESIAN_POINT('',(132.5,-82.,0.));
#6179=CARTESIAN_POINT('',(132.5,-82.,1.51));
#6180=CARTESIAN_POINT('',(132.5,-82.,0.));
#6181=CARTESIAN_POINT('',(132.5,-82.,1.51));
#6182=CARTESIAN_POINT('',(132.5,-82.,0.));
#6183=CARTESIAN_POINT('Origin',(180.,-83.,0.));
#6184=CARTESIAN_POINT('',(180.,-134.,1.51));
#6185=CARTESIAN_POINT('',(180.,-83.,1.51));
#6186=CARTESIAN_POINT('',(180.,-134.,0.));
#6187=CARTESIAN_POINT('',(180.,-134.,0.));
#6188=CARTESIAN_POINT('',(180.,-83.,0.));
#6189=CARTESIAN_POINT('Origin',(0.,0.,0.));
#6190=CARTESIAN_POINT('',(179.,-135.,0.));
#6191=CARTESIAN_POINT('Origin',(179.00000074707,-134.000000747,0.));
#6192=CARTESIAN_POINT('',(132.5,-135.,0.));
#6193=CARTESIAN_POINT('',(179.,-135.,0.));
#6194=CARTESIAN_POINT('',(131.5,-134.,0.));
#6195=CARTESIAN_POINT('Origin',(132.49999925292,-134.000000747,0.));
#6196=CARTESIAN_POINT('',(131.5,-83.,0.));
#6197=CARTESIAN_POINT('',(131.5,-134.,0.));
#6198=CARTESIAN_POINT('Origin',(132.49999925292,-82.99999925292,0.));
#6199=CARTESIAN_POINT('',(135.26,-106.232,0.));
#6200=CARTESIAN_POINT('Origin',(135.26,-106.74,0.));
#6201=CARTESIAN_POINT('',(137.8,-106.232,0.));
#6202=CARTESIAN_POINT('Origin',(137.8,-106.74,0.));
#6203=CARTESIAN_POINT('',(140.34,-106.232,0.));
#6204=CARTESIAN_POINT('Origin',(140.34,-106.74,0.));
#6205=CARTESIAN_POINT('',(142.88,-106.232,0.));
#6206=CARTESIAN_POINT('Origin',(142.88,-106.74,0.));
#6207=CARTESIAN_POINT('',(145.42,-106.232,0.));
#6208=CARTESIAN_POINT('Origin',(145.42,-106.74,0.));
#6209=CARTESIAN_POINT('',(147.96,-106.232,0.));
#6210=CARTESIAN_POINT('Origin',(147.96,-106.74,0.));
#6211=CARTESIAN_POINT('',(151.88,-113.49,0.));
#6212=CARTESIAN_POINT('Origin',(151.88,-114.,0.));
#6213=CARTESIAN_POINT('',(154.42,-113.49,0.));
#6214=CARTESIAN_POINT('Origin',(154.42,-114.,0.));
#6215=CARTESIAN_POINT('',(156.96,-113.49,0.));
#6216=CARTESIAN_POINT('Origin',(156.96,-114.,0.));
#6217=CARTESIAN_POINT('',(159.5,-113.49,0.));
#6218=CARTESIAN_POINT('Origin',(159.5,-114.,0.));
#6219=CARTESIAN_POINT('',(150.5,-106.232,0.));
#6220=CARTESIAN_POINT('Origin',(150.5,-106.74,0.));
#6221=CARTESIAN_POINT('',(135.26,-90.992,0.));
#6222=CARTESIAN_POINT('Origin',(135.26,-91.5,0.));
#6223=CARTESIAN_POINT('',(137.8,-90.992,0.));
#6224=CARTESIAN_POINT('Origin',(137.8,-91.5,0.));
#6225=CARTESIAN_POINT('',(140.34,-90.992,0.));
#6226=CARTESIAN_POINT('Origin',(140.34,-91.5,0.));
#6227=CARTESIAN_POINT('',(142.88,-90.992,0.));
#6228=CARTESIAN_POINT('Origin',(142.88,-91.5,0.));
#6229=CARTESIAN_POINT('',(145.42,-90.992,0.));
#6230=CARTESIAN_POINT('Origin',(145.42,-91.5,0.));
#6231=CARTESIAN_POINT('',(147.96,-90.992,0.));
#6232=CARTESIAN_POINT('Origin',(147.96,-91.5,0.));
#6233=CARTESIAN_POINT('',(160.66,-101.152,0.));
#6234=CARTESIAN_POINT('Origin',(160.66,-101.66,0.));
#6235=CARTESIAN_POINT('',(150.5,-90.992,0.));
#6236=CARTESIAN_POINT('Origin',(150.5,-91.5,0.));
#6237=CARTESIAN_POINT('',(160.66,-96.072,0.));
#6238=CARTESIAN_POINT('Origin',(160.66,-96.58,0.));
#6239=CARTESIAN_POINT('Origin',(0.,0.,1.51));
#6240=CARTESIAN_POINT('',(131.5,-83.,1.51));
#6241=CARTESIAN_POINT('Origin',(132.49999925292,-82.99999925292,1.51));
#6242=CARTESIAN_POINT('',(131.5,-134.,1.51));
#6243=CARTESIAN_POINT('',(131.5,-134.,1.51));
#6244=CARTESIAN_POINT('',(132.5,-135.,1.51));
#6245=CARTESIAN_POINT('Origin',(132.49999925292,-134.000000747,1.51));
#6246=CARTESIAN_POINT('',(179.,-135.,1.51));
#6247=CARTESIAN_POINT('',(179.,-135.,1.51));
#6248=CARTESIAN_POINT('Origin',(179.00000074707,-134.000000747,1.51));
#6249=CARTESIAN_POINT('',(135.26,-106.232,1.51));
#6250=CARTESIAN_POINT('Origin',(135.26,-106.74,1.51));
#6251=CARTESIAN_POINT('',(137.8,-106.232,1.51));
#6252=CARTESIAN_POINT('Origin',(137.8,-106.74,1.51));
#6253=CARTESIAN_POINT('',(140.34,-106.232,1.51));
#6254=CARTESIAN_POINT('Origin',(140.34,-106.74,1.51));
#6255=CARTESIAN_POINT('',(142.88,-106.232,1.51));
#6256=CARTESIAN_POINT('Origin',(142.88,-106.74,1.51));
#6257=CARTESIAN_POINT('',(145.42,-106.232,1.51));
#6258=CARTESIAN_POINT('Origin',(145.42,-106.74,1.51));
#6259=CARTESIAN_POINT('',(147.96,-106.232,1.51));
#6260=CARTESIAN_POINT('Origin',(147.96,-106.74,1.51));
#6261=CARTESIAN_POINT('',(151.88,-113.49,1.51));
#6262=CARTESIAN_POINT('Origin',(151.88,-114.,1.51));
#6263=CARTESIAN_POINT('',(154.42,-113.49,1.51));
#6264=CARTESIAN_POINT('Origin',(154.42,-114.,1.51));
#6265=CARTESIAN_POINT('',(156.96,-113.49,1.51));
#6266=CARTESIAN_POINT('Origin',(156.96,-114.,1.51));
#6267=CARTESIAN_POINT('',(159.5,-113.49,1.51));
#6268=CARTESIAN_POINT('Origin',(159.5,-114.,1.51));
#6269=CARTESIAN_POINT('',(150.5,-106.232,1.51));
#6270=CARTESIAN_POINT('Origin',(150.5,-106.74,1.51));
#6271=CARTESIAN_POINT('',(135.26,-90.992,1.51));
#6272=CARTESIAN_POINT('Origin',(135.26,-91.5,1.51));
#6273=CARTESIAN_POINT('',(137.8,-90.992,1.51));
#6274=CARTESIAN_POINT('Origin',(137.8,-91.5,1.51));
#6275=CARTESIAN_POINT('',(140.34,-90.992,1.51));
#6276=CARTESIAN_POINT('Origin',(140.34,-91.5,1.51));
#6277=CARTESIAN_POINT('',(142.88,-90.992,1.51));
#6278=CARTESIAN_POINT('Origin',(142.88,-91.5,1.51));
#6279=CARTESIAN_POINT('',(145.42,-90.992,1.51));
#6280=CARTESIAN_POINT('Origin',(145.42,-91.5,1.51));
#6281=CARTESIAN_POINT('',(147.96,-90.992,1.51));
#6282=CARTESIAN_POINT('Origin',(147.96,-91.5,1.51));
#6283=CARTESIAN_POINT('',(160.66,-101.152,1.51));
#6284=CARTESIAN_POINT('Origin',(160.66,-101.66,1.51));
#6285=CARTESIAN_POINT('',(150.5,-90.992,1.51));
#6286=CARTESIAN_POINT('Origin',(150.5,-91.5,1.51));
#6287=CARTESIAN_POINT('',(160.66,-96.072,1.51));
#6288=CARTESIAN_POINT('Origin',(160.66,-96.58,1.51));
#6289=CARTESIAN_POINT('Origin',(132.49999925292,-82.99999925292,0.));
#6290=CARTESIAN_POINT('',(131.5,-83.,0.));
#6291=CARTESIAN_POINT('Origin',(179.00000074707,-134.000000747,0.));
#6292=CARTESIAN_POINT('',(179.,-135.,0.));
#6293=CARTESIAN_POINT('Origin',(131.5,-134.,0.));
#6294=CARTESIAN_POINT('',(131.5,-134.,0.));
#6295=CARTESIAN_POINT('Origin',(179.,-135.,0.));
#6296=CARTESIAN_POINT('',(132.5,-135.,0.));
#6297=CARTESIAN_POINT('Origin',(132.49999925292,-134.000000747,0.));
#6298=CARTESIAN_POINT('Origin',(135.26,-106.74,-0.046));
#6299=CARTESIAN_POINT('',(135.26,-106.232,-0.046));
#6300=CARTESIAN_POINT('Origin',(137.8,-106.74,-0.046));
#6301=CARTESIAN_POINT('',(137.8,-106.232,-0.046));
#6302=CARTESIAN_POINT('Origin',(140.34,-106.74,-0.046));
#6303=CARTESIAN_POINT('',(140.34,-106.232,-0.046));
#6304=CARTESIAN_POINT('Origin',(142.88,-106.74,-0.046));
#6305=CARTESIAN_POINT('',(142.88,-106.232,-0.046));
#6306=CARTESIAN_POINT('Origin',(145.42,-106.74,-0.046));
#6307=CARTESIAN_POINT('',(145.42,-106.232,-0.046));
#6308=CARTESIAN_POINT('Origin',(147.96,-106.74,-0.046));
#6309=CARTESIAN_POINT('',(147.96,-106.232,-0.046));
#6310=CARTESIAN_POINT('Origin',(151.88,-114.,-0.046));
#6311=CARTESIAN_POINT('',(151.88,-113.49,-0.046));
#6312=CARTESIAN_POINT('Origin',(154.42,-114.,-0.046));
#6313=CARTESIAN_POINT('',(154.42,-113.49,-0.046));
#6314=CARTESIAN_POINT('Origin',(156.96,-114.,-0.046));
#6315=CARTESIAN_POINT('',(156.96,-113.49,-0.046));
#6316=CARTESIAN_POINT('Origin',(159.5,-114.,-0.046));
#6317=CARTESIAN_POINT('',(159.5,-113.49,-0.046));
#6318=CARTESIAN_POINT('Origin',(150.5,-106.74,-0.046));
#6319=CARTESIAN_POINT('',(150.5,-106.232,-0.046));
#6320=CARTESIAN_POINT('Origin',(135.26,-91.5,-0.046));
#6321=CARTESIAN_POINT('',(135.26,-90.992,-0.046));
#6322=CARTESIAN_POINT('Origin',(137.8,-91.5,-0.046));
#6323=CARTESIAN_POINT('',(137.8,-90.992,-0.046));
#6324=CARTESIAN_POINT('Origin',(140.34,-91.5,-0.046));
#6325=CARTESIAN_POINT('',(140.34,-90.992,-0.046));
#6326=CARTESIAN_POINT('Origin',(142.88,-91.5,-0.046));
#6327=CARTESIAN_POINT('',(142.88,-90.992,-0.046));
#6328=CARTESIAN_POINT('Origin',(145.42,-91.5,-0.046));
#6329=CARTESIAN_POINT('',(145.42,-90.992,-0.046));
#6330=CARTESIAN_POINT('Origin',(147.96,-91.5,-0.046));
#6331=CARTESIAN_POINT('',(147.96,-90.992,-0.046));
#6332=CARTESIAN_POINT('Origin',(160.66,-101.66,-0.046));
#6333=CARTESIAN_POINT('',(160.66,-101.152,-0.046));
#6334=CARTESIAN_POINT('Origin',(150.5,-91.5,-0.046));
#6335=CARTESIAN_POINT('',(150.5,-90.992,-0.046));
#6336=CARTESIAN_POINT('Origin',(160.66,-96.58,-0.046));
#6337=CARTESIAN_POINT('',(160.66,-96.072,-0.046));
#6338=CARTESIAN_POINT('Origin',(143.161152718055,-6.99999999999998,1.51649221327884));
#6339=CARTESIAN_POINT('',(143.161152718055,-6.9732028473533,4.35948452895981));
#6340=CARTESIAN_POINT('',(143.161152718055,-6.9732028473533,1.51649221327884));
#6341=CARTESIAN_POINT('',(143.161152718055,-6.9732028473533,-0.241753893360578));
#6342=CARTESIAN_POINT('',(143.161152718055,-8.97320284735328,4.35948452895981));
#6343=CARTESIAN_POINT('',(143.161152718055,-6.99999999999998,4.35948452895981));
#6344=CARTESIAN_POINT('',(143.161152718055,-8.97320284735328,1.51649221327884));
#6345=CARTESIAN_POINT('',(143.161152718055,-8.97320284735328,0.758246106639422));
#6346=CARTESIAN_POINT('',(143.161152718055,-6.99999999999998,1.51649221327884));
#6347=CARTESIAN_POINT('Origin',(148.161152718055,-6.99999999999998,1.51649221327883));
#6348=CARTESIAN_POINT('',(148.161152718055,-6.9732028473533,1.51649221327883));
#6349=CARTESIAN_POINT('',(176.520343503181,-6.9732028473533,1.51649221327878));
#6350=CARTESIAN_POINT('',(148.161152718055,-8.97320284735328,1.51649221327883));
#6351=CARTESIAN_POINT('',(175.520343503181,-8.97320284735328,1.51649221327878));
#6352=CARTESIAN_POINT('',(148.161152718055,-6.99999999999998,1.51649221327883));
#6353=CARTESIAN_POINT('Origin',(148.161152718055,-6.99999999999998,4.35948452895981));
#6354=CARTESIAN_POINT('',(148.161152718055,-6.9732028473533,4.35948452895981));
#6355=CARTESIAN_POINT('',(148.161152718055,-6.9732028473533,1.17974226447991));
#6356=CARTESIAN_POINT('',(148.161152718055,-8.97320284735328,4.35948452895981));
#6357=CARTESIAN_POINT('',(148.161152718055,-8.97320284735328,2.17974226447991));
#6358=CARTESIAN_POINT('',(148.161152718055,-6.99999999999998,4.35948452895981));
#6359=CARTESIAN_POINT('Origin',(143.161152718055,-6.99999999999998,4.35948452895981));
#6360=CARTESIAN_POINT('',(174.020343503181,-6.9732028473533,4.35948452895981));
#6361=CARTESIAN_POINT('',(173.020343503181,-8.97320284735328,4.35948452895981));
#6362=CARTESIAN_POINT('Origin',(161.809422449158,-6.97507285163787,1.98998113142671));
#6363=CARTESIAN_POINT('',(151.809422449483,-6.9732028473533,1.98998136735455));
#6364=CARTESIAN_POINT('',(161.809422449158,-6.9732028473533,1.9899813673553));
#6365=CARTESIAN_POINT('',(183.344478368732,-6.9732028473533,1.98998136735692));
#6366=CARTESIAN_POINT('',(151.809422449471,-8.97320284735328,1.9897290378887));
#6367=CARTESIAN_POINT('',(151.809422449483,-6.97507285157783,1.98998113142597));
#6368=CARTESIAN_POINT('',(161.809422449146,-8.97320284735328,1.98972903788945));
#6369=CARTESIAN_POINT('',(182.344478368732,-8.97320284735329,1.98972903789099));
#6370=CARTESIAN_POINT('',(161.809422449158,-6.97507285163787,1.98998113142671));
#6371=CARTESIAN_POINT('Origin',(161.809391300578,-6.97570367521847,6.98998094115148));
#6372=CARTESIAN_POINT('',(161.809391300578,-6.9732028473533,6.98998125666776));
#6373=CARTESIAN_POINT('',(161.80941930393,-6.9732028473533,2.4948563133704));
#6374=CARTESIAN_POINT('',(161.809391300566,-8.97320284735328,6.98972892720191));
#6375=CARTESIAN_POINT('',(161.809413072592,-8.97320284735328,3.49486254304759));
#6376=CARTESIAN_POINT('',(161.809391300578,-6.97570367521847,6.98998094115148));
#6377=CARTESIAN_POINT('Origin',(151.809391300578,-6.97570367521847,6.98998094115148));
#6378=CARTESIAN_POINT('',(151.809391300578,-6.9732028473533,6.98998125666776));
#6379=CARTESIAN_POINT('',(178.344462794443,-6.9732028473533,6.98998125666776));
#6380=CARTESIAN_POINT('',(151.809391300566,-8.97320284735328,6.98972892720191));
#6381=CARTESIAN_POINT('',(177.344462794443,-8.97320284735328,6.98972892720191));
#6382=CARTESIAN_POINT('',(151.809391300578,-6.97570367521847,6.98998094115148));
#6383=CARTESIAN_POINT('Origin',(151.809422449483,-6.97507285157783,1.98998113142597));
#6384=CARTESIAN_POINT('',(151.809434878869,-6.9732028473533,-0.00517474179892658));
#6385=CARTESIAN_POINT('',(151.809428647465,-8.97320284735328,0.994831487943334));
#6386=CARTESIAN_POINT('Ctrl Pts',(107.879534288307,-64.9732028473533,-2.));
#6387=CARTESIAN_POINT('Ctrl Pts',(107.879534288307,-65.9732028473533,-2.));
#6388=CARTESIAN_POINT('Ctrl Pts',(108.879534288307,-65.9732028473533,-2.));
#6389=CARTESIAN_POINT('Ctrl Pts',(106.879534288307,-64.9732028473533,-2.00000000000001));
#6390=CARTESIAN_POINT('Ctrl Pts',(106.879534288307,-66.9732028473533,-2.00000000000001));
#6391=CARTESIAN_POINT('Ctrl Pts',(108.879534288307,-66.9732028473533,-2.00000000000001));
#6392=CARTESIAN_POINT('Ctrl Pts',(106.879534288307,-64.9732028473533,-1.));
#6393=CARTESIAN_POINT('Ctrl Pts',(106.879534288307,-66.9732028473533,-1.));
#6394=CARTESIAN_POINT('Ctrl Pts',(108.879534288307,-66.9732028473533,-1.));
#6395=CARTESIAN_POINT('',(106.879534288307,-64.9732028473533,-1.));
#6396=CARTESIAN_POINT('',(107.879534288307,-64.9732028473533,-2.));
#6397=CARTESIAN_POINT('Origin',(107.879534288307,-64.9732028473533,-1.));
#6398=CARTESIAN_POINT('',(108.879534288307,-65.9732028473533,-2.));
#6399=CARTESIAN_POINT('Origin',(108.879534288307,-64.9732028473533,-2.));
#6400=CARTESIAN_POINT('',(108.879534288307,-66.9732028473533,-1.));
#6401=CARTESIAN_POINT('Origin',(108.879534288307,-65.9732028473533,-1.));
#6402=CARTESIAN_POINT('Origin',(108.879534288307,-64.9732028473533,-1.));
#6403=CARTESIAN_POINT('Origin',(132.879534288307,-65.9732028473533,-1.));
#6404=CARTESIAN_POINT('',(204.879534288307,-65.9732028473533,-2.));
#6405=CARTESIAN_POINT('',(204.879534288307,-66.9732028473533,-1.));
#6406=CARTESIAN_POINT('Origin',(204.879534288307,-65.9732028473533,-1.));
#6407=CARTESIAN_POINT('',(132.879534288307,-66.9732028473533,-1.));
#6408=CARTESIAN_POINT('',(132.879534288307,-65.9732028473533,-2.));
#6409=CARTESIAN_POINT('Ctrl Pts',(204.879534288307,-65.9732028473533,-2.));
#6410=CARTESIAN_POINT('Ctrl Pts',(205.879534288307,-65.9732028473533,-2.));
#6411=CARTESIAN_POINT('Ctrl Pts',(205.879534288307,-64.9732028473533,-2.));
#6412=CARTESIAN_POINT('Ctrl Pts',(204.879534288307,-66.9732028473533,-2.00000000000001));
#6413=CARTESIAN_POINT('Ctrl Pts',(206.879534288307,-66.9732028473533,-2.00000000000001));
#6414=CARTESIAN_POINT('Ctrl Pts',(206.879534288307,-64.9732028473533,-2.00000000000001));
#6415=CARTESIAN_POINT('Ctrl Pts',(204.879534288307,-66.9732028473533,-1.));
#6416=CARTESIAN_POINT('Ctrl Pts',(206.879534288307,-66.9732028473533,-1.));
#6417=CARTESIAN_POINT('Ctrl Pts',(206.879534288307,-64.9732028473533,-1.));
#6418=CARTESIAN_POINT('',(205.879534288307,-64.9732028473533,-2.));
#6419=CARTESIAN_POINT('',(206.879534288307,-64.9732028473533,-1.));
#6420=CARTESIAN_POINT('Origin',(205.879534288307,-64.9732028473533,-1.));
#6421=CARTESIAN_POINT('Origin',(204.879534288307,-64.9732028473533,-1.));
#6422=CARTESIAN_POINT('Origin',(204.879534288307,-64.9732028473533,-2.));
#6423=CARTESIAN_POINT('Origin',(205.879534288307,-50.9732028473533,-1.));
#6424=CARTESIAN_POINT('',(205.879534288307,-8.9732028473533,-2.));
#6425=CARTESIAN_POINT('',(206.879534288307,-8.9732028473533,-1.));
#6426=CARTESIAN_POINT('Origin',(205.879534288307,-8.9732028473533,-1.));
#6427=CARTESIAN_POINT('',(206.879534288307,-50.9732028473533,-1.));
#6428=CARTESIAN_POINT('',(205.879534288307,-50.9732028473533,-2.));
#6429=CARTESIAN_POINT('Ctrl Pts',(205.879534288307,-8.97320284735329,-2.));
#6430=CARTESIAN_POINT('Ctrl Pts',(205.879534288307,-7.97320284735331,-2.));
#6431=CARTESIAN_POINT('Ctrl Pts',(204.879534288307,-7.97320284735331,-2.));
#6432=CARTESIAN_POINT('Ctrl Pts',(206.879534288307,-8.97320284735329,-2.00000000000001));
#6433=CARTESIAN_POINT('Ctrl Pts',(206.879534288307,-6.97320284735329,-2.00000000000001));
#6434=CARTESIAN_POINT('Ctrl Pts',(204.879534288307,-6.9732028473533,-2.00000000000001));
#6435=CARTESIAN_POINT('Ctrl Pts',(206.879534288307,-8.97320284735329,-1.));
#6436=CARTESIAN_POINT('Ctrl Pts',(206.879534288307,-6.97320284735329,-1.));
#6437=CARTESIAN_POINT('Ctrl Pts',(204.879534288307,-6.9732028473533,-1.));
#6438=CARTESIAN_POINT('',(204.879534288307,-7.9732028473533,-2.));
#6439=CARTESIAN_POINT('',(204.879534288307,-6.9732028473533,-1.));
#6440=CARTESIAN_POINT('Origin',(204.879534288307,-7.9732028473533,-1.));
#6441=CARTESIAN_POINT('Origin',(204.879534288307,-8.97320284735329,-1.));
#6442=CARTESIAN_POINT('Origin',(204.879534288307,-8.97320284735329,-2.));
#6443=CARTESIAN_POINT('Origin',(180.879534288307,-7.9732028473533,-1.));
#6444=CARTESIAN_POINT('',(108.879534288307,-7.9732028473533,-2.));
#6445=CARTESIAN_POINT('',(108.879534288307,-6.9732028473533,-1.));
#6446=CARTESIAN_POINT('Origin',(108.879534288307,-7.9732028473533,-1.));
#6447=CARTESIAN_POINT('',(180.879534288307,-6.9732028473533,-1.));
#6448=CARTESIAN_POINT('',(180.879534288307,-7.9732028473533,-2.));
#6449=CARTESIAN_POINT('Ctrl Pts',(108.879534288307,-7.9732028473533,-2.));
#6450=CARTESIAN_POINT('Ctrl Pts',(107.879534288307,-7.9732028473533,-2.));
#6451=CARTESIAN_POINT('Ctrl Pts',(107.879534288307,-8.97320284735328,-2.));
#6452=CARTESIAN_POINT('Ctrl Pts',(108.879534288307,-6.97320284735331,-2.00000000000001));
#6453=CARTESIAN_POINT('Ctrl Pts',(106.879534288307,-6.97320284735329,-2.00000000000001));
#6454=CARTESIAN_POINT('Ctrl Pts',(106.879534288307,-8.97320284735328,-2.00000000000001));
#6455=CARTESIAN_POINT('Ctrl Pts',(108.879534288307,-6.97320284735331,-1.));
#6456=CARTESIAN_POINT('Ctrl Pts',(106.879534288307,-6.97320284735329,-1.));
#6457=CARTESIAN_POINT('Ctrl Pts',(106.879534288307,-8.97320284735328,-1.));
#6458=CARTESIAN_POINT('',(107.879534288307,-8.97320284735329,-2.));
#6459=CARTESIAN_POINT('',(106.879534288307,-8.97320284735331,-1.));
#6460=CARTESIAN_POINT('Origin',(107.879534288307,-8.97320284735329,-1.));
#6461=CARTESIAN_POINT('Origin',(108.879534288307,-8.97320284735328,-1.));
#6462=CARTESIAN_POINT('Origin',(108.879534288307,-8.97320284735328,-2.));
#6463=CARTESIAN_POINT('Origin',(107.879534288307,-22.9732028473533,-1.));
#6464=CARTESIAN_POINT('',(107.879534288307,-22.9732028473533,-2.));
#6465=CARTESIAN_POINT('',(106.879534288307,-22.9732028473533,-1.));
#6466=CARTESIAN_POINT('Origin',(204.879534288307,-6.9732028473533,-2.));
#6467=CARTESIAN_POINT('',(108.879534288307,-6.9732028473533,48.));
#6468=CARTESIAN_POINT('',(108.879534288307,-6.9732028473533,-2.));
#6469=CARTESIAN_POINT('',(204.879534288307,-6.9732028473533,48.));
#6470=CARTESIAN_POINT('',(108.879534288307,-6.9732028473533,48.));
#6471=CARTESIAN_POINT('',(204.879534288307,-6.9732028473533,-2.));
#6472=CARTESIAN_POINT('Origin',(108.879534288307,-8.97320284735328,-2.));
#6473=CARTESIAN_POINT('',(106.879534288307,-8.97320284735331,48.));
#6474=CARTESIAN_POINT('',(106.879534288307,-8.97320284735331,-2.));
#6475=CARTESIAN_POINT('Origin',(108.879534288307,-8.97320284735328,48.));
#6476=CARTESIAN_POINT('Origin',(106.879534288307,-8.97320284735331,-2.));
#6477=CARTESIAN_POINT('',(106.879534288307,-64.9732028473533,48.));
#6478=CARTESIAN_POINT('',(106.879534288307,-64.9732028473533,-2.));
#6479=CARTESIAN_POINT('',(106.879534288307,-64.9732028473533,48.));
#6480=CARTESIAN_POINT('Origin',(108.879534288307,-64.9732028473533,-2.));
#6481=CARTESIAN_POINT('',(108.879534288307,-66.9732028473533,48.));
#6482=CARTESIAN_POINT('',(108.879534288307,-66.9732028473533,-2.));
#6483=CARTESIAN_POINT('Origin',(108.879534288307,-64.9732028473533,48.));
#6484=CARTESIAN_POINT('Origin',(156.879534288307,-36.9732028473533,-2.));
#6485=CARTESIAN_POINT('Origin',(199.879534288306,-59.9732028473533,-2.));
#6486=CARTESIAN_POINT('',(198.379534288306,-59.9732028473533,3.));
#6487=CARTESIAN_POINT('Origin',(199.879534288306,-59.9732028473533,3.));
#6488=CARTESIAN_POINT('',(198.379534288306,-59.9732028473533,0.));
#6489=CARTESIAN_POINT('',(198.379534288306,-59.9732028473533,-2.));
#6490=CARTESIAN_POINT('Origin',(199.879534288306,-59.9732028473533,0.));
#6491=CARTESIAN_POINT('Origin',(199.879534288306,-59.9732028473533,-2.));
#6492=CARTESIAN_POINT('',(196.379534288306,-59.9732028473533,3.));
#6493=CARTESIAN_POINT('Origin',(199.879534288306,-59.9732028473533,3.));
#6494=CARTESIAN_POINT('',(196.379534288306,-59.9732028473533,0.));
#6495=CARTESIAN_POINT('',(196.379534288306,-59.9732028473533,-2.));
#6496=CARTESIAN_POINT('Origin',(199.879534288306,-59.9732028473533,0.));
#6497=CARTESIAN_POINT('Origin',(199.879534288306,-59.9732028473533,3.));
#6498=CARTESIAN_POINT('Origin',(156.879534288307,-36.9732028473533,0.));
#6499=CARTESIAN_POINT('',(180.056544661518,-27.604091794777,0.));
#6500=CARTESIAN_POINT('',(180.056544661518,-8.97320284735329,0.));
#6501=CARTESIAN_POINT('',(180.056544661518,-22.2886473210651,0.));
#6502=CARTESIAN_POINT('',(131.503265917112,-8.97320284735327,0.));
#6503=CARTESIAN_POINT('',(110.879534288307,-8.97320284735327,0.));
#6504=CARTESIAN_POINT('',(131.503265917112,-27.604091794777,0.));
#6505=CARTESIAN_POINT('',(131.503265917112,-32.2886473210651,0.));
#6506=CARTESIAN_POINT('',(129.876544661518,-27.604091794777,0.));
#6507=CARTESIAN_POINT('',(143.378039474912,-27.604091794777,0.));
#6508=CARTESIAN_POINT('',(129.876544661518,-8.97320284735327,0.));
#6509=CARTESIAN_POINT('',(129.876544661518,-22.2886473210651,0.));
#6510=CARTESIAN_POINT('',(110.879534288307,-8.97320284735327,0.));
#6511=CARTESIAN_POINT('',(110.879534288307,-8.97320284735327,0.));
#6512=CARTESIAN_POINT('',(108.879534288307,-10.9732028473533,0.));
#6513=CARTESIAN_POINT('Origin',(110.879534288307,-10.9732028473533,0.));
#6514=CARTESIAN_POINT('',(108.879534288307,-62.9732028473533,0.));
#6515=CARTESIAN_POINT('',(108.879534288307,-62.9732028473533,0.));
#6516=CARTESIAN_POINT('',(110.879534288307,-64.9732028473533,0.));
#6517=CARTESIAN_POINT('Origin',(110.879534288307,-62.9732028473533,0.));
#6518=CARTESIAN_POINT('',(202.879534288307,-64.9732028473533,0.));
#6519=CARTESIAN_POINT('',(202.879534288307,-64.9732028473533,0.));
#6520=CARTESIAN_POINT('',(204.879534288307,-62.9732028473533,0.));
#6521=CARTESIAN_POINT('Origin',(202.879534288307,-62.9732028473533,0.));
#6522=CARTESIAN_POINT('',(204.879534288307,-10.9732028473533,0.));
#6523=CARTESIAN_POINT('',(204.879534288307,-10.9732028473533,0.));
#6524=CARTESIAN_POINT('',(202.879534288307,-8.97320284735331,0.));
#6525=CARTESIAN_POINT('Origin',(202.879534288307,-10.9732028473533,0.));
#6526=CARTESIAN_POINT('',(181.683265917112,-8.97320284735329,0.));
#6527=CARTESIAN_POINT('',(110.879534288307,-8.97320284735327,0.));
#6528=CARTESIAN_POINT('',(181.683265917112,-27.604091794777,0.));
#6529=CARTESIAN_POINT('',(181.683265917112,-32.2886473210651,0.));
#6530=CARTESIAN_POINT('',(168.468039474912,-27.604091794777,0.));
#6531=CARTESIAN_POINT('',(110.379534288307,-13.9732028473533,0.));
#6532=CARTESIAN_POINT('Origin',(113.879534288307,-13.9732028473533,0.));
#6533=CARTESIAN_POINT('',(110.379534288307,-59.9732028473533,0.));
#6534=CARTESIAN_POINT('Origin',(113.879534288307,-59.9732028473533,0.));
#6535=CARTESIAN_POINT('',(196.379534288306,-13.9732028473533,0.));
#6536=CARTESIAN_POINT('Origin',(199.879534288306,-13.9732028473533,0.));
#6537=CARTESIAN_POINT('Origin',(113.879534288307,-13.9732028473533,-2.));
#6538=CARTESIAN_POINT('',(112.379534288307,-13.9732028473533,3.));
#6539=CARTESIAN_POINT('Origin',(113.879534288307,-13.9732028473533,3.));
#6540=CARTESIAN_POINT('',(112.379534288307,-13.9732028473533,0.));
#6541=CARTESIAN_POINT('',(112.379534288307,-13.9732028473533,-2.));
#6542=CARTESIAN_POINT('Origin',(113.879534288307,-13.9732028473533,0.));
#6543=CARTESIAN_POINT('Origin',(113.879534288307,-13.9732028473533,-2.));
#6544=CARTESIAN_POINT('',(110.379534288307,-13.9732028473533,3.));
#6545=CARTESIAN_POINT('Origin',(113.879534288307,-13.9732028473533,3.));
#6546=CARTESIAN_POINT('',(110.379534288307,-13.9732028473533,-2.));
#6547=CARTESIAN_POINT('Origin',(113.879534288307,-13.9732028473533,3.));
#6548=CARTESIAN_POINT('Origin',(156.879534288307,-36.9732028473533,0.));
#6549=CARTESIAN_POINT('Origin',(199.879534288306,-13.9732028473533,-2.));
#6550=CARTESIAN_POINT('',(198.379534288306,-13.9732028473533,3.));
#6551=CARTESIAN_POINT('Origin',(199.879534288306,-13.9732028473533,3.));
#6552=CARTESIAN_POINT('',(198.379534288306,-13.9732028473533,0.));
#6553=CARTESIAN_POINT('',(198.379534288306,-13.9732028473533,-2.));
#6554=CARTESIAN_POINT('Origin',(199.879534288306,-13.9732028473533,0.));
#6555=CARTESIAN_POINT('Origin',(199.879534288306,-13.9732028473533,-2.));
#6556=CARTESIAN_POINT('',(196.379534288306,-13.9732028473533,3.));
#6557=CARTESIAN_POINT('Origin',(199.879534288306,-13.9732028473533,3.));
#6558=CARTESIAN_POINT('',(196.379534288306,-13.9732028473533,-2.));
#6559=CARTESIAN_POINT('Origin',(199.879534288306,-13.9732028473533,3.));
#6560=CARTESIAN_POINT('Origin',(156.879534288307,-36.9732028473533,0.));
#6561=CARTESIAN_POINT('Origin',(113.879534288307,-59.9732028473533,-2.));
#6562=CARTESIAN_POINT('',(112.379534288307,-59.9732028473533,3.));
#6563=CARTESIAN_POINT('Origin',(113.879534288307,-59.9732028473533,3.));
#6564=CARTESIAN_POINT('',(112.379534288307,-59.9732028473533,0.));
#6565=CARTESIAN_POINT('',(112.379534288307,-59.9732028473533,-2.));
#6566=CARTESIAN_POINT('Origin',(113.879534288307,-59.9732028473533,0.));
#6567=CARTESIAN_POINT('Origin',(113.879534288307,-59.9732028473533,-2.));
#6568=CARTESIAN_POINT('',(110.379534288307,-59.9732028473533,3.));
#6569=CARTESIAN_POINT('Origin',(113.879534288307,-59.9732028473533,3.));
#6570=CARTESIAN_POINT('',(110.379534288307,-59.9732028473533,-2.));
#6571=CARTESIAN_POINT('Origin',(113.879534288307,-59.9732028473533,3.));
#6572=CARTESIAN_POINT('Origin',(156.879534288307,-36.9732028473533,0.));
#6573=CARTESIAN_POINT('Origin',(203.795560395333,-8.05717674032636,47.008391742501));
#6574=CARTESIAN_POINT('',(109.96350818128,-8.05717674032636,48.));
#6575=CARTESIAN_POINT('',(203.795560395333,-8.05717674032636,48.));
#6576=CARTESIAN_POINT('',(180.33754734182,-8.05717674032636,48.));
#6577=CARTESIAN_POINT('',(109.96350818128,-8.05717674032636,47.008391742501));
#6578=CARTESIAN_POINT('',(109.96350818128,-8.05717674032636,47.008391742501));
#6579=CARTESIAN_POINT('',(203.795560395333,-8.05717674032636,47.008391742501));
#6580=CARTESIAN_POINT('',(109.96350818128,-8.05717674032636,47.008391742501));
#6581=CARTESIAN_POINT('',(203.795560395333,-8.05717674032636,47.008391742501));
#6582=CARTESIAN_POINT('Origin',(203.795560395333,-10.0571767403263,47.008391742501));
#6583=CARTESIAN_POINT('',(205.795560395333,-10.0571767403264,48.));
#6584=CARTESIAN_POINT('Origin',(203.795560395333,-10.0571767403263,48.));
#6585=CARTESIAN_POINT('',(205.795560395333,-10.0571767403264,47.008391742501));
#6586=CARTESIAN_POINT('Origin',(203.795560395333,-10.0571767403263,47.008391742501));
#6587=CARTESIAN_POINT('',(205.795560395333,-10.0571767403264,47.008391742501));
#6588=CARTESIAN_POINT('Origin',(205.795560395333,-63.8892289543797,47.008391742501));
#6589=CARTESIAN_POINT('',(205.795560395333,-63.8892289543797,48.));
#6590=CARTESIAN_POINT('',(205.795560395333,-50.4312159008665,48.));
#6591=CARTESIAN_POINT('',(205.795560395333,-63.8892289543797,47.008391742501));
#6592=CARTESIAN_POINT('',(205.795560395333,-10.0571767403264,47.008391742501));
#6593=CARTESIAN_POINT('',(205.795560395333,-63.8892289543797,47.008391742501));
#6594=CARTESIAN_POINT('Origin',(203.795560395333,-63.8892289543797,47.008391742501));
#6595=CARTESIAN_POINT('',(203.795560395333,-65.8892289543797,48.));
#6596=CARTESIAN_POINT('Origin',(203.795560395333,-63.8892289543797,48.));
#6597=CARTESIAN_POINT('',(203.795560395333,-65.8892289543797,47.008391742501));
#6598=CARTESIAN_POINT('Origin',(203.795560395333,-63.8892289543797,47.008391742501));
#6599=CARTESIAN_POINT('',(203.795560395333,-65.8892289543797,47.008391742501));
#6600=CARTESIAN_POINT('Origin',(109.96350818128,-65.8892289543797,47.008391742501));
#6601=CARTESIAN_POINT('',(109.96350818128,-65.8892289543797,48.));
#6602=CARTESIAN_POINT('',(133.421521234793,-65.8892289543797,48.));
#6603=CARTESIAN_POINT('',(109.96350818128,-65.8892289543797,47.008391742501));
#6604=CARTESIAN_POINT('',(203.795560395333,-65.8892289543797,47.008391742501));
#6605=CARTESIAN_POINT('',(109.96350818128,-65.8892289543797,47.008391742501));
#6606=CARTESIAN_POINT('Origin',(109.96350818128,-63.8892289543797,47.008391742501));
#6607=CARTESIAN_POINT('',(107.96350818128,-63.8892289543797,48.));
#6608=CARTESIAN_POINT('Origin',(109.96350818128,-63.8892289543797,48.));
#6609=CARTESIAN_POINT('',(107.96350818128,-63.8892289543797,47.008391742501));
#6610=CARTESIAN_POINT('Origin',(109.96350818128,-63.8892289543797,47.008391742501));
#6611=CARTESIAN_POINT('',(107.96350818128,-63.8892289543797,47.008391742501));
#6612=CARTESIAN_POINT('Origin',(107.96350818128,-10.0571767403264,47.008391742501));
#6613=CARTESIAN_POINT('',(107.96350818128,-10.0571767403264,48.));
#6614=CARTESIAN_POINT('',(107.96350818128,-23.5151897938398,48.));
#6615=CARTESIAN_POINT('',(107.96350818128,-10.0571767403264,47.008391742501));
#6616=CARTESIAN_POINT('',(107.96350818128,-63.8892289543797,47.008391742501));
#6617=CARTESIAN_POINT('',(107.96350818128,-10.0571767403264,47.008391742501));
#6618=CARTESIAN_POINT('Origin',(109.96350818128,-10.0571767403264,47.008391742501));
#6619=CARTESIAN_POINT('Origin',(109.96350818128,-10.0571767403264,48.));
#6620=CARTESIAN_POINT('Origin',(109.96350818128,-10.0571767403264,47.008391742501));
#6621=CARTESIAN_POINT('Origin',(156.879534288307,-36.9732028473531,47.008391742501));
#6622=CARTESIAN_POINT('',(204.879534288307,-62.9732028473533,47.008391742501));
#6623=CARTESIAN_POINT('',(204.879534288307,-10.9732028473533,47.008391742501));
#6624=CARTESIAN_POINT('',(204.879534288307,-49.9732028473532,47.008391742501));
#6625=CARTESIAN_POINT('',(202.879534288307,-64.9732028473533,47.008391742501));
#6626=CARTESIAN_POINT('Origin',(202.879534288307,-62.9732028473533,47.008391742501));
#6627=CARTESIAN_POINT('',(110.879534288307,-64.9732028473533,47.008391742501));
#6628=CARTESIAN_POINT('',(133.879534288307,-64.9732028473533,47.008391742501));
#6629=CARTESIAN_POINT('',(108.879534288307,-62.9732028473533,47.008391742501));
#6630=CARTESIAN_POINT('Origin',(110.879534288307,-62.9732028473533,47.008391742501));
#6631=CARTESIAN_POINT('',(108.879534288307,-10.9732028473533,47.008391742501));
#6632=CARTESIAN_POINT('',(108.879534288307,-23.9732028473532,47.008391742501));
#6633=CARTESIAN_POINT('',(110.879534288307,-8.97320284735327,47.008391742501));
#6634=CARTESIAN_POINT('Origin',(110.879534288307,-10.9732028473533,47.008391742501));
#6635=CARTESIAN_POINT('',(202.879534288307,-8.97320284735331,47.008391742501));
#6636=CARTESIAN_POINT('',(179.879534288307,-8.97320284735329,47.008391742501));
#6637=CARTESIAN_POINT('Origin',(202.879534288307,-10.9732028473533,47.008391742501));
#6638=CARTESIAN_POINT('Origin',(108.879534288307,-10.9732028473533,0.));
#6639=CARTESIAN_POINT('',(108.879534288307,-62.9732028473533,0.));
#6640=CARTESIAN_POINT('',(108.879534288307,-10.9732028473533,0.));
#6641=CARTESIAN_POINT('Origin',(110.879534288307,-62.9732028473533,0.));
#6642=CARTESIAN_POINT('',(110.879534288307,-64.9732028473533,0.));
#6643=CARTESIAN_POINT('Origin',(110.879534288307,-64.9732028473533,0.));
#6644=CARTESIAN_POINT('',(202.879534288307,-64.9732028473533,0.));
#6645=CARTESIAN_POINT('',(158.500002041459,-64.9732028473533,24.0000003874302));
#6646=CARTESIAN_POINT('Origin',(166.000002041459,-64.9732028473533,24.0000003874302));
#6647=CARTESIAN_POINT('',(138.500002041459,-64.9732028473533,24.0000003874302));
#6648=CARTESIAN_POINT('Origin',(146.000002041459,-64.9732028473533,24.0000003874302));
#6649=CARTESIAN_POINT('Origin',(202.879534288307,-62.9732028473533,0.));
#6650=CARTESIAN_POINT('',(204.879534288307,-62.9732028473533,0.));
#6651=CARTESIAN_POINT('Origin',(146.000002041459,-67.,24.0000003874302));
#6652=CARTESIAN_POINT('',(138.500002041459,-66.9732028473533,24.0000003874302));
#6653=CARTESIAN_POINT('Origin',(146.000002041459,-66.9732028473533,24.0000003874302));
#6654=CARTESIAN_POINT('',(138.500002041459,-67.,24.0000003874302));
#6655=CARTESIAN_POINT('Origin',(166.000002041459,-67.,24.0000003874302));
#6656=CARTESIAN_POINT('',(158.500002041459,-66.9732028473533,24.0000003874302));
#6657=CARTESIAN_POINT('Origin',(166.000002041459,-66.9732028473533,24.0000003874302));
#6658=CARTESIAN_POINT('',(158.500002041459,-67.,24.0000003874302));
#6659=CARTESIAN_POINT('Origin',(180.056544661518,-7.60409179477698,-2.));
#6660=CARTESIAN_POINT('',(180.056544661518,-8.97320284735329,8.));
#6661=CARTESIAN_POINT('',(180.056544661518,-8.97320284735329,-1.));
#6662=CARTESIAN_POINT('',(180.056544661518,-27.604091794777,8.));
#6663=CARTESIAN_POINT('',(180.056544661518,-27.604091794777,-2.));
#6664=CARTESIAN_POINT('',(180.056544661518,-27.604091794777,8.));
#6665=CARTESIAN_POINT('Origin',(180.056544661518,-27.604091794777,-2.));
#6666=CARTESIAN_POINT('',(181.683265917112,-27.604091794777,8.));
#6667=CARTESIAN_POINT('',(181.683265917112,-27.604091794777,-2.));
#6668=CARTESIAN_POINT('',(181.683265917112,-27.604091794777,8.));
#6669=CARTESIAN_POINT('Origin',(181.683265917112,-27.604091794777,-2.));
#6670=CARTESIAN_POINT('',(181.683265917112,-8.97320284735329,8.));
#6671=CARTESIAN_POINT('',(181.683265917112,-8.97320284735329,-1.));
#6672=CARTESIAN_POINT('',(181.683265917112,-7.60409179477698,8.));
#6673=CARTESIAN_POINT('Origin',(180.869905289315,-17.604091794777,8.));
#6674=CARTESIAN_POINT('',(191.874719788811,-8.97320284735329,8.));
#6675=CARTESIAN_POINT('Origin',(202.879534288307,-8.97320284735329,0.));
#6676=CARTESIAN_POINT('',(110.879534288307,-8.97320284735327,0.));
#6677=CARTESIAN_POINT('',(129.876544661518,-8.97320284735327,8.));
#6678=CARTESIAN_POINT('',(129.876544661518,-8.97320284735327,-1.));
#6679=CARTESIAN_POINT('',(131.503265917112,-8.97320284735327,8.));
#6680=CARTESIAN_POINT('',(166.784719788811,-8.97320284735328,8.));
#6681=CARTESIAN_POINT('',(131.503265917112,-8.97320284735327,-1.));
#6682=CARTESIAN_POINT('',(202.879534288307,-8.97320284735331,0.));
#6683=CARTESIAN_POINT('Origin',(131.503265917112,-27.604091794777,-2.));
#6684=CARTESIAN_POINT('',(131.503265917112,-27.604091794777,8.));
#6685=CARTESIAN_POINT('',(131.503265917112,-7.60409179477698,8.));
#6686=CARTESIAN_POINT('',(131.503265917112,-27.604091794777,-2.));
#6687=CARTESIAN_POINT('Origin',(130.689905289315,-17.604091794777,8.));
#6688=CARTESIAN_POINT('',(129.876544661518,-27.604091794777,8.));
#6689=CARTESIAN_POINT('',(129.876544661518,-27.604091794777,8.));
#6690=CARTESIAN_POINT('',(131.503265917112,-27.604091794777,8.));
#6691=CARTESIAN_POINT('Origin',(129.876544661518,-27.604091794777,-2.));
#6692=CARTESIAN_POINT('',(129.876544661518,-27.604091794777,-2.));
#6693=CARTESIAN_POINT('Origin',(129.876544661518,-7.60409179477698,-2.));
#6694=CARTESIAN_POINT('Origin',(156.879534288307,-36.9732028473533,0.));
#6695=CARTESIAN_POINT('Origin',(204.879534288307,-62.9732028473533,0.));
#6696=CARTESIAN_POINT('',(204.879534288307,-10.9732028473533,0.));
#6697=CARTESIAN_POINT('Origin',(110.879534288307,-10.9732028473533,0.));
#6698=CARTESIAN_POINT('Origin',(202.879534288307,-10.9732028473533,0.));
#6699=CARTESIAN_POINT('Origin',(204.879534288307,-8.97320284735329,-2.));
#6700=CARTESIAN_POINT('',(206.879534288307,-8.9732028473533,48.));
#6701=CARTESIAN_POINT('Origin',(204.879534288307,-8.97320284735329,48.));
#6702=CARTESIAN_POINT('',(206.879534288307,-8.9732028473533,-2.));
#6703=CARTESIAN_POINT('Origin',(206.879534288307,-64.9732028473533,-2.));
#6704=CARTESIAN_POINT('',(206.879534288307,-64.9732028473533,48.));
#6705=CARTESIAN_POINT('',(206.879534288307,-8.9732028473533,48.));
#6706=CARTESIAN_POINT('',(206.879534288307,-64.9732028473533,-2.));
#6707=CARTESIAN_POINT('Origin',(204.879534288307,-64.9732028473533,-2.));
#6708=CARTESIAN_POINT('',(204.879534288307,-66.9732028473533,48.));
#6709=CARTESIAN_POINT('Origin',(204.879534288307,-64.9732028473533,48.));
#6710=CARTESIAN_POINT('',(204.879534288307,-66.9732028473533,-2.));
#6711=CARTESIAN_POINT('Origin',(108.879534288307,-66.9732028473533,-2.));
#6712=CARTESIAN_POINT('',(204.879534288307,-66.9732028473533,48.));
#6713=CARTESIAN_POINT('Origin',(156.879534288307,-36.9732028473533,48.));
#6714=CARTESIAN_POINT('Origin',(69.8795342883065,-59.9924362313752,-2.00000000000001));
#6715=CARTESIAN_POINT('',(68.3795342883065,-59.9924362313752,44.));
#6716=CARTESIAN_POINT('Origin',(69.8795342883065,-59.9924362313752,44.));
#6717=CARTESIAN_POINT('',(68.3795342883065,-59.9924362313752,-2.00000000000001));
#6718=CARTESIAN_POINT('',(68.3795342883065,-59.9924362313752,-2.00000000000001));
#6719=CARTESIAN_POINT('Origin',(69.8795342883065,-59.9924362313752,-2.00000000000001));
#6720=CARTESIAN_POINT('Origin',(69.8795342883065,-59.9924362313752,-2.00000000000001));
#6721=CARTESIAN_POINT('',(67.3795342883065,-59.9924362313752,44.));
#6722=CARTESIAN_POINT('Origin',(69.8795342883065,-59.9924362313752,44.));
#6723=CARTESIAN_POINT('',(67.3795342883065,-59.9924362313752,-2.00000000000001));
#6724=CARTESIAN_POINT('',(67.3795342883065,-59.9924362313752,-2.00000000000001));
#6725=CARTESIAN_POINT('Origin',(69.8795342883065,-59.9924362313752,-2.00000000000001));
#6726=CARTESIAN_POINT('Origin',(69.8795342883065,-59.9924362313752,44.));
#6727=CARTESIAN_POINT('Origin',(26.8795342883065,-36.9924362313751,-2.00000000000001));
#6728=CARTESIAN_POINT('',(-21.0364918187204,-63.908462338402,-2.00000000000001));
#6729=CARTESIAN_POINT('',(-20.0364918187204,-64.908462338402,-2.00000000000001));
#6730=CARTESIAN_POINT('Origin',(-20.0364918187204,-63.908462338402,-2.00000000000001));
#6731=CARTESIAN_POINT('',(73.7955603953334,-64.908462338402,-2.00000000000001));
#6732=CARTESIAN_POINT('',(3.42152123479307,-64.908462338402,-2.00000000000001));
#6733=CARTESIAN_POINT('',(74.7955603953334,-63.9084623384021,-2.00000000000001));
#6734=CARTESIAN_POINT('Origin',(73.7955603953334,-63.9084623384021,-2.00000000000001));
#6735=CARTESIAN_POINT('',(74.7955603953334,-10.0764101243487,-2.00000000000001));
#6736=CARTESIAN_POINT('',(74.7955603953334,-50.4504492848886,-2.00000000000001));
#6737=CARTESIAN_POINT('',(73.7955603953334,-9.07641012434869,-2.00000000000001));
#6738=CARTESIAN_POINT('Origin',(73.7955603953334,-10.0764101243487,-2.00000000000001));
#6739=CARTESIAN_POINT('',(-20.0364918187204,-9.07641012434871,-2.00000000000001));
#6740=CARTESIAN_POINT('',(50.33754734182,-9.07641012434869,-2.00000000000001));
#6741=CARTESIAN_POINT('',(-21.0364918187204,-10.0764101243487,-2.00000000000001));
#6742=CARTESIAN_POINT('Origin',(-20.0364918187204,-10.0764101243487,-2.00000000000001));
#6743=CARTESIAN_POINT('',(-21.0364918187204,-23.5344231778619,-2.00000000000001));
#6744=CARTESIAN_POINT('',(-18.6204657116935,-59.9924362313752,-2.00000000000001));
#6745=CARTESIAN_POINT('Origin',(-16.1204657116935,-59.9924362313752,-2.00000000000001));
#6746=CARTESIAN_POINT('',(-18.6204657116935,-13.9924362313751,-2.00000000000001));
#6747=CARTESIAN_POINT('Origin',(-16.1204657116935,-13.9924362313751,-2.00000000000001));
#6748=CARTESIAN_POINT('',(67.3795342883065,-13.9924362313751,-2.00000000000001));
#6749=CARTESIAN_POINT('Origin',(69.8795342883065,-13.9924362313751,-2.00000000000001));
#6750=CARTESIAN_POINT('Origin',(-16.1204657116935,-59.9924362313752,-2.00000000000001));
#6751=CARTESIAN_POINT('',(-17.6204657116935,-59.9924362313752,44.));
#6752=CARTESIAN_POINT('Origin',(-16.1204657116935,-59.9924362313752,44.));
#6753=CARTESIAN_POINT('',(-17.6204657116935,-59.9924362313752,-2.00000000000001));
#6754=CARTESIAN_POINT('',(-17.6204657116935,-59.9924362313752,-2.00000000000001));
#6755=CARTESIAN_POINT('Origin',(-16.1204657116935,-59.9924362313752,-2.00000000000001));
#6756=CARTESIAN_POINT('Origin',(-16.1204657116935,-59.9924362313752,-2.00000000000001));
#6757=CARTESIAN_POINT('',(-18.6204657116935,-59.9924362313752,44.));
#6758=CARTESIAN_POINT('Origin',(-16.1204657116935,-59.9924362313752,44.));
#6759=CARTESIAN_POINT('',(-18.6204657116935,-59.9924362313752,-2.00000000000001));
#6760=CARTESIAN_POINT('Origin',(-16.1204657116935,-59.9924362313752,44.));
#6761=CARTESIAN_POINT('Origin',(26.8795342883065,-36.9924362313751,-2.00000000000001));
#6762=CARTESIAN_POINT('Origin',(69.8795342883065,-13.9924362313751,-2.00000000000001));
#6763=CARTESIAN_POINT('',(68.3795342883065,-13.9924362313751,44.));
#6764=CARTESIAN_POINT('Origin',(69.8795342883065,-13.9924362313751,44.));
#6765=CARTESIAN_POINT('',(68.3795342883065,-13.9924362313751,-2.00000000000001));
#6766=CARTESIAN_POINT('',(68.3795342883065,-13.9924362313751,-2.00000000000001));
#6767=CARTESIAN_POINT('Origin',(69.8795342883065,-13.9924362313751,-2.00000000000001));
#6768=CARTESIAN_POINT('Origin',(69.8795342883065,-13.9924362313751,-2.00000000000001));
#6769=CARTESIAN_POINT('',(67.3795342883065,-13.9924362313751,44.));
#6770=CARTESIAN_POINT('Origin',(69.8795342883065,-13.9924362313751,44.));
#6771=CARTESIAN_POINT('',(67.3795342883065,-13.9924362313751,-2.00000000000001));
#6772=CARTESIAN_POINT('Origin',(69.8795342883065,-13.9924362313751,44.));
#6773=CARTESIAN_POINT('Origin',(26.8795342883065,-36.9924362313751,-2.00000000000001));
#6774=CARTESIAN_POINT('Origin',(-16.1204657116935,-13.9924362313751,-2.00000000000001));
#6775=CARTESIAN_POINT('',(-17.6204657116935,-13.9924362313751,44.));
#6776=CARTESIAN_POINT('Origin',(-16.1204657116935,-13.9924362313751,44.));
#6777=CARTESIAN_POINT('',(-17.6204657116935,-13.9924362313751,-2.00000000000001));
#6778=CARTESIAN_POINT('',(-17.6204657116935,-13.9924362313751,-2.00000000000001));
#6779=CARTESIAN_POINT('Origin',(-16.1204657116935,-13.9924362313751,-2.00000000000001));
#6780=CARTESIAN_POINT('Origin',(-16.1204657116935,-13.9924362313751,-2.00000000000001));
#6781=CARTESIAN_POINT('',(-18.6204657116935,-13.9924362313751,44.));
#6782=CARTESIAN_POINT('Origin',(-16.1204657116935,-13.9924362313751,44.));
#6783=CARTESIAN_POINT('',(-18.6204657116935,-13.9924362313751,-2.00000000000001));
#6784=CARTESIAN_POINT('Origin',(-16.1204657116935,-13.9924362313751,44.));
#6785=CARTESIAN_POINT('Origin',(26.8795342883065,-36.9924362313751,-2.00000000000001));
#6786=CARTESIAN_POINT('Origin',(74.7955603953334,-63.9084623384021,-2.00839174250097));
#6787=CARTESIAN_POINT('',(74.7955603953334,-63.9084623384021,-1.00839174250098));
#6788=CARTESIAN_POINT('',(74.7955603953334,-63.9084623384021,-2.00839174250097));
#6789=CARTESIAN_POINT('',(74.7955603953334,-10.0764101243487,-1.00839174250098));
#6790=CARTESIAN_POINT('',(74.7955603953334,-50.4504492848887,-1.00839174250098));
#6791=CARTESIAN_POINT('',(74.7955603953334,-10.0764101243487,-2.00839174250097));
#6792=CARTESIAN_POINT('Origin',(73.7955603953334,-63.9084623384021,-2.00839174250097));
#6793=CARTESIAN_POINT('',(73.7955603953334,-64.908462338402,-1.00839174250098));
#6794=CARTESIAN_POINT('',(73.7955603953334,-64.908462338402,-2.00839174250097));
#6795=CARTESIAN_POINT('Origin',(73.7955603953334,-63.9084623384021,-1.00839174250098));
#6796=CARTESIAN_POINT('Origin',(-20.0364918187204,-64.908462338402,-2.00839174250097));
#6797=CARTESIAN_POINT('',(-20.0364918187204,-64.908462338402,-1.00839174250098));
#6798=CARTESIAN_POINT('',(-20.0364918187204,-64.908462338402,-2.00839174250097));
#6799=CARTESIAN_POINT('',(3.42152123479306,-64.9084623384021,-1.00839174250098));
#6800=CARTESIAN_POINT('Origin',(-20.0364918187204,-63.908462338402,-2.00839174250097));
#6801=CARTESIAN_POINT('',(-21.0364918187204,-63.908462338402,-1.00839174250098));
#6802=CARTESIAN_POINT('',(-21.0364918187204,-63.908462338402,-2.00839174250097));
#6803=CARTESIAN_POINT('Origin',(-20.0364918187204,-63.908462338402,-1.00839174250098));
#6804=CARTESIAN_POINT('Origin',(73.7955603953334,-8.07641012434869,-2.00839174250097));
#6805=CARTESIAN_POINT('',(-20.0364918187204,-8.07641012434871,-2.00000000000001));
#6806=CARTESIAN_POINT('',(73.7955603953334,-8.07641012434869,-2.00000000000001));
#6807=CARTESIAN_POINT('',(50.33754734182,-8.07641012434871,-2.00000000000001));
#6808=CARTESIAN_POINT('',(-20.0364918187204,-8.07641012434871,-1.00839174250098));
#6809=CARTESIAN_POINT('',(-20.0364918187204,-8.07641012434871,-2.00839174250097));
#6810=CARTESIAN_POINT('',(73.7955603953334,-8.07641012434869,-1.00839174250098));
#6811=CARTESIAN_POINT('',(73.7955603953334,-8.07641012434869,-1.00839174250098));
#6812=CARTESIAN_POINT('',(73.7955603953334,-8.07641012434869,-2.00839174250097));
#6813=CARTESIAN_POINT('Origin',(-20.0364918187204,-10.0764101243487,-2.00839174250097));
#6814=CARTESIAN_POINT('',(-22.0364918187204,-10.0764101243487,-2.00000000000001));
#6815=CARTESIAN_POINT('Origin',(-20.0364918187204,-10.0764101243487,-2.00000000000001));
#6816=CARTESIAN_POINT('',(-22.0364918187204,-10.0764101243487,-1.00839174250098));
#6817=CARTESIAN_POINT('',(-22.0364918187204,-10.0764101243487,-2.00839174250097));
#6818=CARTESIAN_POINT('Origin',(-20.0364918187204,-10.0764101243487,-1.00839174250098));
#6819=CARTESIAN_POINT('Origin',(-22.0364918187204,-10.0764101243487,-2.00839174250097));
#6820=CARTESIAN_POINT('',(-22.0364918187204,-63.908462338402,-2.00000000000001));
#6821=CARTESIAN_POINT('',(-22.0364918187204,-23.5344231778619,-2.00000000000001));
#6822=CARTESIAN_POINT('',(-22.0364918187204,-63.908462338402,-1.00839174250098));
#6823=CARTESIAN_POINT('',(-22.0364918187204,-63.908462338402,-2.00839174250097));
#6824=CARTESIAN_POINT('',(-22.0364918187204,-10.0764101243487,-1.00839174250098));
#6825=CARTESIAN_POINT('Origin',(-20.0364918187204,-63.908462338402,-2.00839174250097));
#6826=CARTESIAN_POINT('',(-20.0364918187204,-65.9084623384021,-2.00000000000001));
#6827=CARTESIAN_POINT('Origin',(-20.0364918187204,-63.908462338402,-2.00000000000001));
#6828=CARTESIAN_POINT('',(-20.0364918187204,-65.9084623384021,-1.00839174250098));
#6829=CARTESIAN_POINT('',(-20.0364918187204,-65.9084623384021,-2.00839174250097));
#6830=CARTESIAN_POINT('Origin',(-20.0364918187204,-63.908462338402,-1.00839174250098));
#6831=CARTESIAN_POINT('Origin',(-21.0364918187204,-10.0764101243487,-2.00839174250097));
#6832=CARTESIAN_POINT('',(-21.0364918187204,-10.0764101243487,-1.00839174250098));
#6833=CARTESIAN_POINT('',(-21.0364918187204,-10.0764101243487,-2.00839174250097));
#6834=CARTESIAN_POINT('',(-21.0364918187204,-23.534423177862,-1.00839174250098));
#6835=CARTESIAN_POINT('Origin',(-20.0364918187204,-10.0764101243487,-2.00839174250097));
#6836=CARTESIAN_POINT('',(-20.0364918187204,-9.07641012434871,-1.00839174250098));
#6837=CARTESIAN_POINT('',(-20.0364918187204,-9.07641012434871,-2.00839174250097));
#6838=CARTESIAN_POINT('Origin',(-20.0364918187204,-10.0764101243487,-1.00839174250098));
#6839=CARTESIAN_POINT('Origin',(73.7955603953334,-9.07641012434869,-2.00839174250097));
#6840=CARTESIAN_POINT('',(73.7955603953334,-9.07641012434869,-1.00839174250098));
#6841=CARTESIAN_POINT('',(73.7955603953334,-9.07641012434869,-2.00839174250097));
#6842=CARTESIAN_POINT('',(50.33754734182,-9.07641012434869,-1.00839174250098));
#6843=CARTESIAN_POINT('Origin',(73.7955603953334,-10.0764101243487,-2.00839174250097));
#6844=CARTESIAN_POINT('Origin',(73.7955603953334,-10.0764101243487,-1.00839174250098));
#6845=CARTESIAN_POINT('Origin',(73.7955603953334,-10.0764101243487,-2.00839174250097));
#6846=CARTESIAN_POINT('',(75.7955603953334,-10.0764101243487,-2.00000000000001));
#6847=CARTESIAN_POINT('Origin',(73.7955603953334,-10.0764101243487,-2.00000000000001));
#6848=CARTESIAN_POINT('',(75.7955603953334,-10.0764101243487,-1.00839174250098));
#6849=CARTESIAN_POINT('Origin',(73.7955603953334,-10.0764101243487,-1.00839174250098));
#6850=CARTESIAN_POINT('',(75.7955603953334,-10.0764101243487,-2.00839174250097));
#6851=CARTESIAN_POINT('Origin',(75.7955603953334,-63.9084623384021,-2.00839174250097));
#6852=CARTESIAN_POINT('',(75.7955603953334,-63.9084623384021,-2.00000000000001));
#6853=CARTESIAN_POINT('',(75.7955603953334,-50.4504492848886,-2.00000000000001));
#6854=CARTESIAN_POINT('',(75.7955603953334,-63.9084623384021,-1.00839174250098));
#6855=CARTESIAN_POINT('',(75.7955603953334,-63.9084623384021,-1.00839174250098));
#6856=CARTESIAN_POINT('',(75.7955603953334,-63.9084623384021,-2.00839174250097));
#6857=CARTESIAN_POINT('Origin',(73.7955603953334,-63.9084623384021,-2.00839174250097));
#6858=CARTESIAN_POINT('',(73.7955603953334,-65.9084623384021,-2.00000000000001));
#6859=CARTESIAN_POINT('Origin',(73.7955603953334,-63.9084623384021,-2.00000000000001));
#6860=CARTESIAN_POINT('',(73.7955603953334,-65.9084623384021,-1.00839174250098));
#6861=CARTESIAN_POINT('Origin',(73.7955603953334,-63.9084623384021,-1.00839174250098));
#6862=CARTESIAN_POINT('',(73.7955603953334,-65.9084623384021,-2.00839174250097));
#6863=CARTESIAN_POINT('Origin',(-20.0364918187204,-65.9084623384021,-2.00839174250097));
#6864=CARTESIAN_POINT('',(3.42152123479307,-65.9084623384021,-2.00000000000001));
#6865=CARTESIAN_POINT('',(-20.0364918187204,-65.9084623384021,-1.00839174250098));
#6866=CARTESIAN_POINT('Origin',(26.8795342883065,-36.9924362313754,-1.00839174250098));
#6867=CARTESIAN_POINT('Origin',(26.8795342883065,-36.9924362313751,-2.00000000000001));
#6868=CARTESIAN_POINT('',(74.8795342883065,-6.99243623137512,-2.00000000000001));
#6869=CARTESIAN_POINT('',(76.8795342883065,-8.99243623137512,-2.00000000000001));
#6870=CARTESIAN_POINT('Origin',(74.8795342883065,-8.99243623137512,-2.00000000000001));
#6871=CARTESIAN_POINT('',(-21.1204657116935,-6.99243623137512,-2.00000000000001));
#6872=CARTESIAN_POINT('',(74.8795342883065,-6.99243623137512,-2.00000000000001));
#6873=CARTESIAN_POINT('',(-23.1204657116935,-8.99243623137512,-2.00000000000001));
#6874=CARTESIAN_POINT('Origin',(-21.1204657116935,-8.99243623137512,-2.00000000000001));
#6875=CARTESIAN_POINT('',(-23.1204657116935,-64.9924362313751,-2.00000000000001));
#6876=CARTESIAN_POINT('',(-23.1204657116935,-8.99243623137512,-2.00000000000001));
#6877=CARTESIAN_POINT('',(-21.1204657116935,-66.9924362313751,-2.00000000000001));
#6878=CARTESIAN_POINT('Origin',(-21.1204657116935,-64.9924362313751,-2.00000000000001));
#6879=CARTESIAN_POINT('',(74.8795342883065,-66.9924362313751,-2.00000000000001));
#6880=CARTESIAN_POINT('',(-21.1204657116935,-66.9924362313751,-2.00000000000001));
#6881=CARTESIAN_POINT('',(76.8795342883065,-64.9924362313751,-2.00000000000001));
#6882=CARTESIAN_POINT('Origin',(74.8795342883065,-64.9924362313751,-2.00000000000001));
#6883=CARTESIAN_POINT('',(76.8795342883065,-64.9924362313751,-2.00000000000001));
#6884=CARTESIAN_POINT('Ctrl Pts',(75.8795342883065,-8.99243623137507,-4.00000000000001));
#6885=CARTESIAN_POINT('Ctrl Pts',(75.8795342883065,-17.007168015942,-4.00000000000001));
#6886=CARTESIAN_POINT('Ctrl Pts',(75.8795342883065,-35.6537180769881,-4.));
#6887=CARTESIAN_POINT('Ctrl Pts',(75.8795342883065,-54.3188398770216,-4.));
#6888=CARTESIAN_POINT('Ctrl Pts',(75.8795342883065,-64.9924362314348,-4.));
#6889=CARTESIAN_POINT('Ctrl Pts',(76.1489083001871,-8.99243623137507,-4.00000000000001));
#6890=CARTESIAN_POINT('Ctrl Pts',(76.1489083001871,-17.007168015942,-4.00000000000001));
#6891=CARTESIAN_POINT('Ctrl Pts',(76.1489083001871,-35.6537180769881,-4.));
#6892=CARTESIAN_POINT('Ctrl Pts',(76.1489083001871,-54.3188398770215,-4.));
#6893=CARTESIAN_POINT('Ctrl Pts',(76.1489083001871,-64.9924362314348,-4.));
#6894=CARTESIAN_POINT('Ctrl Pts',(76.4829785098557,-8.99243623137507,-3.94981420660845));
#6895=CARTESIAN_POINT('Ctrl Pts',(76.4829785098557,-17.007168015942,-3.94981420660845));
#6896=CARTESIAN_POINT('Ctrl Pts',(76.4829785098557,-35.6537180769881,-3.94981420660844));
#6897=CARTESIAN_POINT('Ctrl Pts',(76.4829785098557,-54.3188398770216,-3.94981420660844));
#6898=CARTESIAN_POINT('Ctrl Pts',(76.4829785098557,-64.9924362314349,-3.94981420660844));
#6899=CARTESIAN_POINT('Ctrl Pts',(76.7283037165221,-8.99243623137507,-3.7740636776437));
#6900=CARTESIAN_POINT('Ctrl Pts',(76.7283037165221,-17.007168015942,-3.77406367764369));
#6901=CARTESIAN_POINT('Ctrl Pts',(76.7283037165221,-35.6537180769881,-3.77406367764369));
#6902=CARTESIAN_POINT('Ctrl Pts',(76.7283037165221,-54.3188398770216,-3.77406367764369));
#6903=CARTESIAN_POINT('Ctrl Pts',(76.7283037165221,-64.9924362314348,-3.77406367764369));
#6904=CARTESIAN_POINT('Ctrl Pts',(76.8508692001742,-8.99243623137507,-3.48684644121503));
#6905=CARTESIAN_POINT('Ctrl Pts',(76.8508692001742,-17.007168015942,-3.48684644121502));
#6906=CARTESIAN_POINT('Ctrl Pts',(76.8508692001742,-35.6537180769881,-3.48684644121502));
#6907=CARTESIAN_POINT('Ctrl Pts',(76.8508692001742,-54.3188398770216,-3.48684644121502));
#6908=CARTESIAN_POINT('Ctrl Pts',(76.8508692001742,-64.9924362314348,-3.48684644121502));
#6909=CARTESIAN_POINT('Ctrl Pts',(76.8795342883065,-8.99243623137507,-3.20203050891045));
#6910=CARTESIAN_POINT('Ctrl Pts',(76.8795342883065,-17.007168015942,-3.20203050891045));
#6911=CARTESIAN_POINT('Ctrl Pts',(76.8795342883065,-35.6537180769881,-3.20203050891044));
#6912=CARTESIAN_POINT('Ctrl Pts',(76.8795342883065,-54.3188398770215,-3.20203050891044));
#6913=CARTESIAN_POINT('Ctrl Pts',(76.8795342883065,-64.9924362314348,-3.20203050891044));
#6914=CARTESIAN_POINT('Ctrl Pts',(76.8795342883065,-8.99243623137507,-3.00000000000001));
#6915=CARTESIAN_POINT('Ctrl Pts',(76.8795342883065,-17.007168015942,-3.00000000000001));
#6916=CARTESIAN_POINT('Ctrl Pts',(76.8795342883065,-35.6537180769881,-3.));
#6917=CARTESIAN_POINT('Ctrl Pts',(76.8795342883065,-54.3188398770216,-3.));
#6918=CARTESIAN_POINT('Ctrl Pts',(76.8795342883065,-64.9924362314348,-3.));
#6919=CARTESIAN_POINT('',(75.8795342883065,-8.99243623137512,-4.));
#6920=CARTESIAN_POINT('',(76.8795342883065,-8.99243623137512,-3.00000000000001));
#6921=CARTESIAN_POINT('Ctrl Pts',(75.8795342883065,-8.99243623137507,-4.00000000000001));
#6922=CARTESIAN_POINT('Ctrl Pts',(76.1489083001871,-8.99243623137507,-4.00000000000001));
#6923=CARTESIAN_POINT('Ctrl Pts',(76.4829785098557,-8.99243623137507,-3.94981420660845));
#6924=CARTESIAN_POINT('Ctrl Pts',(76.7283037165221,-8.99243623137507,-3.7740636776437));
#6925=CARTESIAN_POINT('Ctrl Pts',(76.8508692001742,-8.99243623137507,-3.48684644121503));
#6926=CARTESIAN_POINT('Ctrl Pts',(76.8795342883065,-8.99243623137507,-3.20203050891045));
#6927=CARTESIAN_POINT('Ctrl Pts',(76.8795342883065,-8.99243623137507,-3.00000000000001));
#6928=CARTESIAN_POINT('',(76.8795342883065,-64.9924362313485,-3.00000000000001));
#6929=CARTESIAN_POINT('Ctrl Pts',(76.8795342883065,-8.99243623137507,-3.00000000000001));
#6930=CARTESIAN_POINT('Ctrl Pts',(76.8795342883065,-17.007168015942,-3.00000000000001));
#6931=CARTESIAN_POINT('Ctrl Pts',(76.8795342883065,-35.6537180769881,-3.));
#6932=CARTESIAN_POINT('Ctrl Pts',(76.8795342883065,-54.3188398770216,-3.));
#6933=CARTESIAN_POINT('Ctrl Pts',(76.8795342883065,-64.9924362314348,-3.));
#6934=CARTESIAN_POINT('',(75.8795342883065,-64.9924362313485,-4.));
#6935=CARTESIAN_POINT('Ctrl Pts',(76.8795342883065,-64.9924362314348,-3.));
#6936=CARTESIAN_POINT('Ctrl Pts',(76.8795342883065,-64.9924362314348,-3.20203050891044));
#6937=CARTESIAN_POINT('Ctrl Pts',(76.8508692001742,-64.9924362314348,-3.48684644121502));
#6938=CARTESIAN_POINT('Ctrl Pts',(76.7283037165221,-64.9924362314348,-3.77406367764369));
#6939=CARTESIAN_POINT('Ctrl Pts',(76.4829785098557,-64.9924362314349,-3.94981420660844));
#6940=CARTESIAN_POINT('Ctrl Pts',(76.1489083001871,-64.9924362314348,-4.));
#6941=CARTESIAN_POINT('Ctrl Pts',(75.8795342883065,-64.9924362314348,-4.));
#6942=CARTESIAN_POINT('Ctrl Pts',(75.8795342883065,-64.9924362314348,-4.));
#6943=CARTESIAN_POINT('Ctrl Pts',(75.8795342883065,-54.3188398770216,-4.));
#6944=CARTESIAN_POINT('Ctrl Pts',(75.8795342883065,-35.6537180769881,-4.));
#6945=CARTESIAN_POINT('Ctrl Pts',(75.8795342883065,-17.007168015942,-4.00000000000001));
#6946=CARTESIAN_POINT('Ctrl Pts',(75.8795342883065,-8.99243623137507,-4.00000000000001));
#6947=CARTESIAN_POINT('Ctrl Pts',(75.8795342883065,-64.9924362313485,-4.));
#6948=CARTESIAN_POINT('Ctrl Pts',(75.8795342883095,-65.2168781854544,-4.));
#6949=CARTESIAN_POINT('Ctrl Pts',(75.6964860305793,-65.7411198762617,-4.));
#6950=CARTESIAN_POINT('Ctrl Pts',(75.1788182062816,-65.9924362313843,-4.));
#6951=CARTESIAN_POINT('Ctrl Pts',(74.8795342883024,-65.992436231383,-4.));
#6952=CARTESIAN_POINT('Ctrl Pts',(76.1489083001871,-64.9924362313467,-4.));
#6953=CARTESIAN_POINT('Ctrl Pts',(76.1489083001911,-65.2765831855959,-4.0000000000004));
#6954=CARTESIAN_POINT('Ctrl Pts',(75.9159972902626,-65.9414665691721,-3.99999999999964));
#6955=CARTESIAN_POINT('Ctrl Pts',(75.2584323160263,-66.2618102432636,-3.99999999999894));
#6956=CARTESIAN_POINT('Ctrl Pts',(74.8795342883013,-66.261810243262,-3.99999999999894));
#6957=CARTESIAN_POINT('Ctrl Pts',(76.4829796735491,-64.9924362313448,-3.94981468113098));
#6958=CARTESIAN_POINT('Ctrl Pts',(76.4829796735546,-65.352267609067,-3.9498146811318));
#6959=CARTESIAN_POINT('Ctrl Pts',(76.1894357307338,-66.1928230985666,-3.94981468113026));
#6960=CARTESIAN_POINT('Ctrl Pts',(75.3593543155555,-66.5958816166233,-3.94981468112883));
#6961=CARTESIAN_POINT('Ctrl Pts',(74.8795342882999,-66.5958816166213,-3.94981468112883));
#6962=CARTESIAN_POINT('Ctrl Pts',(76.7283044136705,-64.9924362313443,-3.77406407698664));
#6963=CARTESIAN_POINT('Ctrl Pts',(76.7283044136769,-65.4070975800009,-3.77406407698746));
#6964=CARTESIAN_POINT('Ctrl Pts',(76.3896842028205,-66.3760860573691,-3.77406407698592));
#6965=CARTESIAN_POINT('Ctrl Pts',(75.432467778629,-66.8412063567428,-3.77406407698447));
#6966=CARTESIAN_POINT('Ctrl Pts',(74.8795342882989,-66.8412063567405,-3.77406407698447));
#6967=CARTESIAN_POINT('Ctrl Pts',(76.8508698950181,-64.9924362313454,-3.48684691369351));
#6968=CARTESIAN_POINT('Ctrl Pts',(76.8508698950247,-65.4348385162047,-3.486846913694));
#6969=CARTESIAN_POINT('Ctrl Pts',(76.4899849550181,-66.4682580896913,-3.48684691369308));
#6970=CARTESIAN_POINT('Ctrl Pts',(75.4694591517799,-66.9637718380894,-3.48684691369222));
#6971=CARTESIAN_POINT('Ctrl Pts',(74.8795342882984,-66.9637718380869,-3.48684691369222));
#6972=CARTESIAN_POINT('Ctrl Pts',(76.8795342883065,-64.9924362313471,-3.20203050891045));
#6973=CARTESIAN_POINT('Ctrl Pts',(76.8795342883128,-65.4412441941771,-3.2020305089106));
#6974=CARTESIAN_POINT('Ctrl Pts',(76.5133819284161,-66.4896696070045,-3.20203050891032));
#6975=CARTESIAN_POINT('Ctrl Pts',(75.4780008542796,-66.9924362313776,-3.20203050891005));
#6976=CARTESIAN_POINT('Ctrl Pts',(74.8795342882983,-66.9924362313751,-3.20203050891005));
#6977=CARTESIAN_POINT('Ctrl Pts',(76.8795342883065,-64.9924362313485,-3.00000000000001));
#6978=CARTESIAN_POINT('Ctrl Pts',(76.8795342883125,-65.4413201395604,-3.00000000000001));
#6979=CARTESIAN_POINT('Ctrl Pts',(76.513437772852,-66.4898035211598,-3.00000000000001));
#6980=CARTESIAN_POINT('Ctrl Pts',(75.4781021242566,-66.9924362313776,-3.00000000000001));
#6981=CARTESIAN_POINT('Ctrl Pts',(74.8795342882983,-66.9924362313751,-3.00000000000001));
#6982=CARTESIAN_POINT('',(74.8795342882983,-66.9924362313751,-3.00000000000001));
#6983=CARTESIAN_POINT('',(74.8795342883024,-65.9924362313831,-4.));
#6984=CARTESIAN_POINT('Ctrl Pts',(74.8795342882983,-66.9924362313751,-3.00000000000001));
#6985=CARTESIAN_POINT('Ctrl Pts',(74.8795342882983,-66.9924362313751,-3.20203050891005));
#6986=CARTESIAN_POINT('Ctrl Pts',(74.8795342882984,-66.9637718380869,-3.48684691369222));
#6987=CARTESIAN_POINT('Ctrl Pts',(74.8795342882989,-66.8412063567405,-3.77406407698447));
#6988=CARTESIAN_POINT('Ctrl Pts',(74.8795342882999,-66.5958816166213,-3.94981468112883));
#6989=CARTESIAN_POINT('Ctrl Pts',(74.8795342883013,-66.261810243262,-3.99999999999894));
#6990=CARTESIAN_POINT('Ctrl Pts',(74.8795342883024,-65.992436231383,-4.));
#6991=CARTESIAN_POINT('Ctrl Pts',(74.8795342883024,-65.992436231383,-4.));
#6992=CARTESIAN_POINT('Ctrl Pts',(75.1788182062816,-65.9924362313843,-4.));
#6993=CARTESIAN_POINT('Ctrl Pts',(75.6964860305793,-65.7411198762617,-4.));
#6994=CARTESIAN_POINT('Ctrl Pts',(75.8795342883095,-65.2168781854544,-4.));
#6995=CARTESIAN_POINT('Ctrl Pts',(75.8795342883065,-64.9924362313485,-4.));
#6996=CARTESIAN_POINT('Ctrl Pts',(76.8795342883065,-64.9924362313485,-3.00000000000001));
#6997=CARTESIAN_POINT('Ctrl Pts',(76.8795342883125,-65.4413201395604,-3.00000000000001));
#6998=CARTESIAN_POINT('Ctrl Pts',(76.513437772852,-66.4898035211598,-3.00000000000001));
#6999=CARTESIAN_POINT('Ctrl Pts',(75.4781021242566,-66.9924362313776,-3.00000000000001));
#7000=CARTESIAN_POINT('Ctrl Pts',(74.8795342882983,-66.9924362313751,-3.00000000000001));
#7001=CARTESIAN_POINT('Ctrl Pts',(74.8795342883024,-65.9924362313831,-4.));
#7002=CARTESIAN_POINT('Ctrl Pts',(42.8557692736725,-65.9924362313831,-4.));
#7003=CARTESIAN_POINT('Ctrl Pts',(10.9032992898687,-65.9924362313751,-4.));
#7004=CARTESIAN_POINT('Ctrl Pts',(-21.1204657117025,-65.9924362313751,-4.));
#7005=CARTESIAN_POINT('Ctrl Pts',(74.8795342883018,-66.2618102432621,-3.99999999999893));
#7006=CARTESIAN_POINT('Ctrl Pts',(42.8557692736719,-66.2618102432621,-3.99999999999893));
#7007=CARTESIAN_POINT('Ctrl Pts',(10.9032992898688,-66.2618102432557,-4.));
#7008=CARTESIAN_POINT('Ctrl Pts',(-21.1204657117025,-66.2618102432557,-4.));
#7009=CARTESIAN_POINT('Ctrl Pts',(74.879534288301,-66.5958804529279,-3.94981420660627));
#7010=CARTESIAN_POINT('Ctrl Pts',(42.8557692736711,-66.5958804529279,-3.94981420660627));
#7011=CARTESIAN_POINT('Ctrl Pts',(10.9032992898686,-66.5958804529243,-3.94981420660844));
#7012=CARTESIAN_POINT('Ctrl Pts',(-21.1204657117025,-66.5958804529243,-3.94981420660844));
#7013=CARTESIAN_POINT('Ctrl Pts',(74.8795342883002,-66.8412056595921,-3.77406367764151));
#7014=CARTESIAN_POINT('Ctrl Pts',(42.8557692736703,-66.8412056595921,-3.77406367764151));
#7015=CARTESIAN_POINT('Ctrl Pts',(10.9032992898687,-66.8412056595907,-3.77406367764369));
#7016=CARTESIAN_POINT('Ctrl Pts',(-21.1204657117025,-66.8412056595907,-3.77406367764369));
#7017=CARTESIAN_POINT('Ctrl Pts',(74.8795342882993,-66.9637711432431,-3.48684644121372));
#7018=CARTESIAN_POINT('Ctrl Pts',(42.8557692736694,-66.9637711432431,-3.48684644121372));
#7019=CARTESIAN_POINT('Ctrl Pts',(10.9032992898687,-66.9637711432428,-3.48684644121502));
#7020=CARTESIAN_POINT('Ctrl Pts',(-21.1204657117025,-66.9637711432428,-3.48684644121502));
#7021=CARTESIAN_POINT('Ctrl Pts',(74.8795342882987,-66.9924362313751,-3.20203050891005));
#7022=CARTESIAN_POINT('Ctrl Pts',(42.8557692736688,-66.9924362313751,-3.20203050891005));
#7023=CARTESIAN_POINT('Ctrl Pts',(10.9032992898687,-66.9924362313751,-3.20203050891044));
#7024=CARTESIAN_POINT('Ctrl Pts',(-21.1204657117025,-66.9924362313751,-3.20203050891044));
#7025=CARTESIAN_POINT('Ctrl Pts',(74.8795342882983,-66.9924362313751,-3.00000000000001));
#7026=CARTESIAN_POINT('Ctrl Pts',(42.8557692736683,-66.9924362313751,-3.00000000000001));
#7027=CARTESIAN_POINT('Ctrl Pts',(10.9032992898687,-66.9924362313751,-3.));
#7028=CARTESIAN_POINT('Ctrl Pts',(-21.1204657117025,-66.9924362313751,-3.));
#7029=CARTESIAN_POINT('',(-21.1204657117025,-66.9924362313751,-3.00000000000001));
#7030=CARTESIAN_POINT('',(-21.1204657117025,-65.9924362313751,-4.));
#7031=CARTESIAN_POINT('Ctrl Pts',(-21.1204657117025,-66.9924362313751,-3.));
#7032=CARTESIAN_POINT('Ctrl Pts',(-21.1204657117025,-66.9924362313751,-3.20203050891044));
#7033=CARTESIAN_POINT('Ctrl Pts',(-21.1204657117025,-66.9637711432428,-3.48684644121502));
#7034=CARTESIAN_POINT('Ctrl Pts',(-21.1204657117025,-66.8412056595907,-3.77406367764369));
#7035=CARTESIAN_POINT('Ctrl Pts',(-21.1204657117025,-66.5958804529243,-3.94981420660844));
#7036=CARTESIAN_POINT('Ctrl Pts',(-21.1204657117025,-66.2618102432557,-4.));
#7037=CARTESIAN_POINT('Ctrl Pts',(-21.1204657117025,-65.9924362313751,-4.));
#7038=CARTESIAN_POINT('Ctrl Pts',(-21.1204657117025,-65.9924362313751,-4.));
#7039=CARTESIAN_POINT('Ctrl Pts',(10.9032992898687,-65.9924362313751,-4.));
#7040=CARTESIAN_POINT('Ctrl Pts',(42.8557692736725,-65.9924362313831,-4.));
#7041=CARTESIAN_POINT('Ctrl Pts',(74.8795342883024,-65.9924362313831,-4.));
#7042=CARTESIAN_POINT('Ctrl Pts',(74.8795342882983,-66.9924362313751,-3.00000000000001));
#7043=CARTESIAN_POINT('Ctrl Pts',(42.8557692736683,-66.9924362313751,-3.00000000000001));
#7044=CARTESIAN_POINT('Ctrl Pts',(10.9032992898687,-66.9924362313751,-3.));
#7045=CARTESIAN_POINT('Ctrl Pts',(-21.1204657117025,-66.9924362313751,-3.));
#7046=CARTESIAN_POINT('Ctrl Pts',(-21.1204657117025,-65.9924362313751,-4.));
#7047=CARTESIAN_POINT('Ctrl Pts',(-21.3449286479468,-65.9924362313741,-4.));
#7048=CARTESIAN_POINT('Ctrl Pts',(-21.8691648754735,-65.8093855189759,-4.));
#7049=CARTESIAN_POINT('Ctrl Pts',(-22.1204657117444,-65.2916922741037,-4.));
#7050=CARTESIAN_POINT('Ctrl Pts',(-22.1204657117426,-64.9924362313694,-4.));
#7051=CARTESIAN_POINT('Ctrl Pts',(-21.1204657117031,-66.2618102432557,-4.));
#7052=CARTESIAN_POINT('Ctrl Pts',(-21.4046372514455,-66.2618102432544,-3.99999999999987));
#7053=CARTESIAN_POINT('Ctrl Pts',(-22.069517987117,-66.0288982920755,-3.99999999999772));
#7054=CARTESIAN_POINT('Ctrl Pts',(-22.3898397236155,-65.3712963312296,-3.99999999999338));
#7055=CARTESIAN_POINT('Ctrl Pts',(-22.3898397236133,-64.9924362313678,-3.99999999999338));
#7056=CARTESIAN_POINT('Ctrl Pts',(-21.1204657117038,-66.5957878982151,-3.94980936990163));
#7057=CARTESIAN_POINT('Ctrl Pts',(-21.4803308164516,-66.5957878982132,-3.94980936990135));
#7058=CARTESIAN_POINT('Ctrl Pts',(-22.3208447518985,-66.3022728404049,-3.949809369897));
#7059=CARTESIAN_POINT('Ctrl Pts',(-22.7238173785586,-65.4722116854618,-3.94980936988821));
#7060=CARTESIAN_POINT('Ctrl Pts',(-22.7238173785559,-64.9924362313659,-3.94980936988821));
#7061=CARTESIAN_POINT('Ctrl Pts',(-21.1204657117039,-66.8411599064685,-3.77401948970117));
#7062=CARTESIAN_POINT('Ctrl Pts',(-21.5351763122267,-66.8411599064663,-3.7740194897009));
#7063=CARTESIAN_POINT('Ctrl Pts',(-22.5041482887573,-66.5025602820057,-3.77401948969652));
#7064=CARTESIAN_POINT('Ctrl Pts',(-22.9691893867986,-65.5453322028242,-3.77401948968769));
#7065=CARTESIAN_POINT('Ctrl Pts',(-22.9691893867954,-64.9924362313645,-3.77401948968769));
#7066=CARTESIAN_POINT('Ctrl Pts',(-21.1204657117035,-66.9637147554806,-3.48680413601244));
#7067=CARTESIAN_POINT('Ctrl Pts',(-21.5629010075316,-66.9637147554784,-3.48680413601227));
#7068=CARTESIAN_POINT('Ctrl Pts',(-22.5962836294039,-66.6028389185044,-3.48680413600966));
#7069=CARTESIAN_POINT('Ctrl Pts',(-23.0917442358038,-65.58229502057,-3.48680413600439));
#7070=CARTESIAN_POINT('Ctrl Pts',(-23.0917442358004,-64.9924362313638,-3.48680413600439));
#7071=CARTESIAN_POINT('Ctrl Pts',(-21.120465711703,-66.9924362313751,-3.20203050891045));
#7072=CARTESIAN_POINT('Ctrl Pts',(-21.5693213510121,-66.992436231373,-3.2020305089104));
#7073=CARTESIAN_POINT('Ctrl Pts',(-22.6177407409945,-66.6262835044904,-3.20203050890959));
#7074=CARTESIAN_POINT('Ctrl Pts',(-23.1204657116969,-65.5908546813126,-3.20203050890796));
#7075=CARTESIAN_POINT('Ctrl Pts',(-23.1204657116935,-64.9924362313636,-3.20203050890796));
#7076=CARTESIAN_POINT('Ctrl Pts',(-21.1204657117025,-66.9924362313751,-3.00000000000001));
#7077=CARTESIAN_POINT('Ctrl Pts',(-21.569391584191,-66.9924362313731,-3.00000000000001));
#7078=CARTESIAN_POINT('Ctrl Pts',(-22.6178640392141,-66.6263348065764,-3.00000000000001));
#7079=CARTESIAN_POINT('Ctrl Pts',(-23.1204657116969,-65.5909483168322,-3.00000000000001));
#7080=CARTESIAN_POINT('Ctrl Pts',(-23.1204657116935,-64.9924362313636,-3.00000000000001));
#7081=CARTESIAN_POINT('',(-23.1204657116935,-64.9924362313636,-3.00000000000001));
#7082=CARTESIAN_POINT('',(-22.1204657117426,-64.9924362313693,-4.));
#7083=CARTESIAN_POINT('Ctrl Pts',(-23.1204657116935,-64.9924362313636,-3.00000000000001));
#7084=CARTESIAN_POINT('Ctrl Pts',(-23.1204657116935,-64.9924362313636,-3.20203050890796));
#7085=CARTESIAN_POINT('Ctrl Pts',(-23.0917442358004,-64.9924362313638,-3.48680413600439));
#7086=CARTESIAN_POINT('Ctrl Pts',(-22.9691893867954,-64.9924362313645,-3.77401948968769));
#7087=CARTESIAN_POINT('Ctrl Pts',(-22.7238173785559,-64.9924362313659,-3.94980936988821));
#7088=CARTESIAN_POINT('Ctrl Pts',(-22.3898397236133,-64.9924362313678,-3.99999999999338));
#7089=CARTESIAN_POINT('Ctrl Pts',(-22.1204657117426,-64.9924362313694,-4.));
#7090=CARTESIAN_POINT('Ctrl Pts',(-22.1204657117426,-64.9924362313694,-4.));
#7091=CARTESIAN_POINT('Ctrl Pts',(-22.1204657117444,-65.2916922741037,-4.));
#7092=CARTESIAN_POINT('Ctrl Pts',(-21.8691648754735,-65.8093855189759,-4.));
#7093=CARTESIAN_POINT('Ctrl Pts',(-21.3449286479468,-65.9924362313741,-4.));
#7094=CARTESIAN_POINT('Ctrl Pts',(-21.1204657117025,-65.9924362313751,-4.));
#7095=CARTESIAN_POINT('Ctrl Pts',(-21.1204657117025,-66.9924362313751,-3.00000000000001));
#7096=CARTESIAN_POINT('Ctrl Pts',(-21.569391584191,-66.9924362313731,-3.00000000000001));
#7097=CARTESIAN_POINT('Ctrl Pts',(-22.6178640392141,-66.6263348065764,-3.00000000000001));
#7098=CARTESIAN_POINT('Ctrl Pts',(-23.1204657116969,-65.5909483168322,-3.00000000000001));
#7099=CARTESIAN_POINT('Ctrl Pts',(-23.1204657116935,-64.9924362313636,-3.00000000000001));
#7100=CARTESIAN_POINT('Ctrl Pts',(-22.1204657116935,-64.9924362313642,-4.));
#7101=CARTESIAN_POINT('Ctrl Pts',(-22.1204657116935,-46.3137017204741,-4.));
#7102=CARTESIAN_POINT('Ctrl Pts',(-22.1204657116935,-27.6711707426404,-4.));
#7103=CARTESIAN_POINT('Ctrl Pts',(-22.1204657116935,-8.99243623135858,-4.00000000000001));
#7104=CARTESIAN_POINT('Ctrl Pts',(-22.3898397235741,-64.9924362313642,-4.));
#7105=CARTESIAN_POINT('Ctrl Pts',(-22.3898397235741,-46.3137017204741,-4.));
#7106=CARTESIAN_POINT('Ctrl Pts',(-22.3898397235741,-27.6711707426404,-4.));
#7107=CARTESIAN_POINT('Ctrl Pts',(-22.3898397235741,-8.99243623135858,-4.00000000000001));
#7108=CARTESIAN_POINT('Ctrl Pts',(-22.7238149039995,-64.9924362313642,-3.9498084256121));
#7109=CARTESIAN_POINT('Ctrl Pts',(-22.7238149039995,-46.3137017204742,-3.9498084256121));
#7110=CARTESIAN_POINT('Ctrl Pts',(-22.7238149039995,-27.6711707426404,-3.9498084256121));
#7111=CARTESIAN_POINT('Ctrl Pts',(-22.7238149039995,-8.99243623135859,-3.9498084256121));
#7112=CARTESIAN_POINT('Ctrl Pts',(-22.9691881115303,-64.9924362313642,-3.77401872878014));
#7113=CARTESIAN_POINT('Ctrl Pts',(-22.9691881115303,-46.3137017204741,-3.77401872878014));
#7114=CARTESIAN_POINT('Ctrl Pts',(-22.9691881115303,-27.6711707426404,-3.77401872878014));
#7115=CARTESIAN_POINT('Ctrl Pts',(-22.9691881115303,-8.99243623135858,-3.77401872878015));
#7116=CARTESIAN_POINT('Ctrl Pts',(-23.0917428468824,-64.9924362313642,-3.48680316194596));
#7117=CARTESIAN_POINT('Ctrl Pts',(-23.0917428468824,-46.3137017204741,-3.48680316194596));
#7118=CARTESIAN_POINT('Ctrl Pts',(-23.0917428468824,-27.6711707426404,-3.48680316194597));
#7119=CARTESIAN_POINT('Ctrl Pts',(-23.0917428468824,-8.99243623135858,-3.48680316194597));
#7120=CARTESIAN_POINT('Ctrl Pts',(-23.1204657116935,-64.9924362313642,-3.20203050891044));
#7121=CARTESIAN_POINT('Ctrl Pts',(-23.1204657116935,-46.3137017204741,-3.20203050891045));
#7122=CARTESIAN_POINT('Ctrl Pts',(-23.1204657116935,-27.6711707426404,-3.20203050891045));
#7123=CARTESIAN_POINT('Ctrl Pts',(-23.1204657116935,-8.99243623135858,-3.20203050891045));
#7124=CARTESIAN_POINT('Ctrl Pts',(-23.1204657116935,-64.9924362313642,-3.));
#7125=CARTESIAN_POINT('Ctrl Pts',(-23.1204657116935,-46.3137017204741,-3.));
#7126=CARTESIAN_POINT('Ctrl Pts',(-23.1204657116935,-27.6711707426404,-3.));
#7127=CARTESIAN_POINT('Ctrl Pts',(-23.1204657116935,-8.99243623135858,-3.00000000000001));
#7128=CARTESIAN_POINT('',(-23.1204657116935,-8.9924362313586,-3.00000000000001));
#7129=CARTESIAN_POINT('',(-22.1204657116935,-8.99243623135858,-4.));
#7130=CARTESIAN_POINT('Ctrl Pts',(-23.1204657116935,-8.99243623135858,-3.00000000000001));
#7131=CARTESIAN_POINT('Ctrl Pts',(-23.1204657116935,-8.99243623135858,-3.20203050891045));
#7132=CARTESIAN_POINT('Ctrl Pts',(-23.0917428468824,-8.99243623135858,-3.48680316194597));
#7133=CARTESIAN_POINT('Ctrl Pts',(-22.9691881115303,-8.99243623135858,-3.77401872878015));
#7134=CARTESIAN_POINT('Ctrl Pts',(-22.7238149039995,-8.99243623135859,-3.9498084256121));
#7135=CARTESIAN_POINT('Ctrl Pts',(-22.3898397235741,-8.99243623135858,-4.00000000000001));
#7136=CARTESIAN_POINT('Ctrl Pts',(-22.1204657116935,-8.99243623135858,-4.00000000000001));
#7137=CARTESIAN_POINT('Ctrl Pts',(-22.1204657116935,-8.99243623135858,-4.00000000000001));
#7138=CARTESIAN_POINT('Ctrl Pts',(-22.1204657116935,-27.6711707426404,-4.));
#7139=CARTESIAN_POINT('Ctrl Pts',(-22.1204657116935,-46.3137017204741,-4.));
#7140=CARTESIAN_POINT('Ctrl Pts',(-22.1204657116935,-64.9924362313642,-4.));
#7141=CARTESIAN_POINT('Ctrl Pts',(-23.1204657116935,-64.9924362313642,-3.));
#7142=CARTESIAN_POINT('Ctrl Pts',(-23.1204657116935,-46.3137017204741,-3.));
#7143=CARTESIAN_POINT('Ctrl Pts',(-23.1204657116935,-27.6711707426404,-3.));
#7144=CARTESIAN_POINT('Ctrl Pts',(-23.1204657116935,-8.99243623135858,-3.00000000000001));
#7145=CARTESIAN_POINT('Ctrl Pts',(-22.1204657116935,-8.99243623135858,-4.00000000000001));
#7146=CARTESIAN_POINT('Ctrl Pts',(-22.120465711691,-8.69318018863283,-4.00000000000001));
#7147=CARTESIAN_POINT('Ctrl Pts',(-21.8691752962935,-8.17547284586979,-4.00000000000001));
#7148=CARTESIAN_POINT('Ctrl Pts',(-21.3449286480535,-7.99243623136626,-4.00000000000001));
#7149=CARTESIAN_POINT('Ctrl Pts',(-21.1204657116894,-7.99243623136719,-4.00000000000001));
#7150=CARTESIAN_POINT('Ctrl Pts',(-22.3898397235741,-8.99243623135747,-4.00000000000001));
#7151=CARTESIAN_POINT('Ctrl Pts',(-22.3898397235708,-8.61358056652384,-3.99999999999968));
#7152=CARTESIAN_POINT('Ctrl Pts',(-22.0695500335442,-7.95594327917058,-3.99999999999941));
#7153=CARTESIAN_POINT('Ctrl Pts',(-21.4046339250086,-7.72306221948703,-3.99999999999894));
#7154=CARTESIAN_POINT('Ctrl Pts',(-21.1204657116882,-7.7230622194882,-3.99999999999894));
#7155=CARTESIAN_POINT('Ctrl Pts',(-22.7234764657421,-8.9924362313563,-3.94968936343642));
#7156=CARTESIAN_POINT('Ctrl Pts',(-22.7234764657376,-8.51265547788976,-3.94968936343575));
#7157=CARTESIAN_POINT('Ctrl Pts',(-22.3207458250151,-7.68279780057731,-3.94968936343522));
#7158=CARTESIAN_POINT('Ctrl Pts',(-21.4803347915325,-7.38942547732135,-3.94968936343426));
#7159=CARTESIAN_POINT('Ctrl Pts',(-21.1204657116869,-7.38942547732284,-3.94968936343426));
#7160=CARTESIAN_POINT('Ctrl Pts',(-22.9691655500514,-8.99243623135601,-3.77401324012624));
#7161=CARTESIAN_POINT('Ctrl Pts',(-22.9691655500461,-8.43953537775772,-3.77401324012556));
#7162=CARTESIAN_POINT('Ctrl Pts',(-22.5041736596168,-7.48229392185446,-3.77401324012504));
#7163=CARTESIAN_POINT('Ctrl Pts',(-21.5351799743832,-7.14373639301411,-3.77401324012407));
#7164=CARTESIAN_POINT('Ctrl Pts',(-21.1204657116859,-7.14373639301582,-3.77401324012407));
#7165=CARTESIAN_POINT('Ctrl Pts',(-23.0915380971191,-8.9924362313567,-3.48664209848204));
#7166=CARTESIAN_POINT('Ctrl Pts',(-23.0915380971136,-8.40258134430139,-3.48664209848164));
#7167=CARTESIAN_POINT('Ctrl Pts',(-22.5962259364828,-7.38214249398382,-3.48664209848132));
#7168=CARTESIAN_POINT('Ctrl Pts',(-21.5628980808735,-7.02136384594745,-3.48664209848074));
#7169=CARTESIAN_POINT('Ctrl Pts',(-21.1204657116854,-7.02136384594927,-3.48664209848074));
#7170=CARTESIAN_POINT('Ctrl Pts',(-23.1204657116935,-8.99243623135776,-3.20203050891045));
#7171=CARTESIAN_POINT('Ctrl Pts',(-23.1204657116883,-8.39401511151724,-3.20203050891032));
#7172=CARTESIAN_POINT('Ctrl Pts',(-22.6177673144634,-7.35855791330443,-3.20203050891023));
#7173=CARTESIAN_POINT('Ctrl Pts',(-21.5693233538507,-6.99243623137327,-3.20203050891005));
#7174=CARTESIAN_POINT('Ctrl Pts',(-21.1204657116852,-6.99243623137512,-3.20203050891005));
#7175=CARTESIAN_POINT('Ctrl Pts',(-23.1204657116935,-8.9924362313586,-3.00000000000001));
#7176=CARTESIAN_POINT('Ctrl Pts',(-23.1204657116885,-8.3939241459071,-3.00000000000001));
#7177=CARTESIAN_POINT('Ctrl Pts',(-22.6178848808935,-7.35850946037973,-3.00000000000001));
#7178=CARTESIAN_POINT('Ctrl Pts',(-21.5693915844135,-6.99243623137327,-3.00000000000001));
#7179=CARTESIAN_POINT('Ctrl Pts',(-21.1204657116852,-6.99243623137512,-3.00000000000001));
#7180=CARTESIAN_POINT('',(-21.1204657116852,-6.99243623137512,-3.00000000000001));
#7181=CARTESIAN_POINT('',(-21.1204657116894,-7.99243623136718,-4.));
#7182=CARTESIAN_POINT('Ctrl Pts',(-21.1204657116852,-6.99243623137512,-3.00000000000001));
#7183=CARTESIAN_POINT('Ctrl Pts',(-21.1204657116852,-6.99243623137512,-3.20203050891005));
#7184=CARTESIAN_POINT('Ctrl Pts',(-21.1204657116854,-7.02136384594927,-3.48664209848074));
#7185=CARTESIAN_POINT('Ctrl Pts',(-21.1204657116859,-7.14373639301582,-3.77401324012407));
#7186=CARTESIAN_POINT('Ctrl Pts',(-21.1204657116869,-7.38942547732284,-3.94968936343426));
#7187=CARTESIAN_POINT('Ctrl Pts',(-21.1204657116882,-7.7230622194882,-3.99999999999894));
#7188=CARTESIAN_POINT('Ctrl Pts',(-21.1204657116894,-7.99243623136719,-4.00000000000001));
#7189=CARTESIAN_POINT('Ctrl Pts',(-21.1204657116894,-7.99243623136719,-4.00000000000001));
#7190=CARTESIAN_POINT('Ctrl Pts',(-21.3449286480535,-7.99243623136626,-4.00000000000001));
#7191=CARTESIAN_POINT('Ctrl Pts',(-21.8691752962935,-8.17547284586979,-4.00000000000001));
#7192=CARTESIAN_POINT('Ctrl Pts',(-22.120465711691,-8.69318018863283,-4.00000000000001));
#7193=CARTESIAN_POINT('Ctrl Pts',(-22.1204657116935,-8.99243623135858,-4.00000000000001));
#7194=CARTESIAN_POINT('Ctrl Pts',(-23.1204657116935,-8.9924362313586,-3.00000000000001));
#7195=CARTESIAN_POINT('Ctrl Pts',(-23.1204657116885,-8.3939241459071,-3.00000000000001));
#7196=CARTESIAN_POINT('Ctrl Pts',(-22.6178848808935,-7.35850946037973,-3.00000000000001));
#7197=CARTESIAN_POINT('Ctrl Pts',(-21.5693915844135,-6.99243623137327,-3.00000000000001));
#7198=CARTESIAN_POINT('Ctrl Pts',(-21.1204657116852,-6.99243623137512,-3.00000000000001));
#7199=CARTESIAN_POINT('Ctrl Pts',(-21.1204657116871,-7.99243623137474,-4.00000000000001));
#7200=CARTESIAN_POINT('Ctrl Pts',(10.9032993260848,-7.99243623137474,-4.00000000000001));
#7201=CARTESIAN_POINT('Ctrl Pts',(42.8558019379259,-7.99243623137512,-4.00000000000001));
#7202=CARTESIAN_POINT('Ctrl Pts',(74.8795342882887,-7.99243623137512,-4.00000000000001));
#7203=CARTESIAN_POINT('Ctrl Pts',(-21.120465711687,-7.72306221949422,-3.99999999999995));
#7204=CARTESIAN_POINT('Ctrl Pts',(10.9032993260848,-7.72306221949422,-3.99999999999995));
#7205=CARTESIAN_POINT('Ctrl Pts',(42.8558019379259,-7.72306221949453,-4.00000000000001));
#7206=CARTESIAN_POINT('Ctrl Pts',(74.8795342882887,-7.72306221949453,-4.00000000000001));
#7207=CARTESIAN_POINT('Ctrl Pts',(-21.120465711687,-7.38910369271028,-3.94980208599198));
#7208=CARTESIAN_POINT('Ctrl Pts',(10.9032993260849,-7.38910369271028,-3.94980208599198));
#7209=CARTESIAN_POINT('Ctrl Pts',(42.8558019379261,-7.38910369271046,-3.94980208599209));
#7210=CARTESIAN_POINT('Ctrl Pts',(74.8795342882887,-7.38910369271046,-3.94980208599209));
#7211=CARTESIAN_POINT('Ctrl Pts',(-21.120465711687,-7.1437223744918,-3.77401362493285));
#7212=CARTESIAN_POINT('Ctrl Pts',(10.9032993260848,-7.1437223744918,-3.77401362493285));
#7213=CARTESIAN_POINT('Ctrl Pts',(42.8558019379258,-7.14372237449187,-3.77401362493295));
#7214=CARTESIAN_POINT('Ctrl Pts',(74.8795342882887,-7.14372237449187,-3.77401362493295));
#7215=CARTESIAN_POINT('Ctrl Pts',(-21.1204657116869,-7.021168411495,-3.48679661268671));
#7216=CARTESIAN_POINT('Ctrl Pts',(10.903299326085,-7.021168411495,-3.48679661268671));
#7217=CARTESIAN_POINT('Ctrl Pts',(42.8558019379261,-7.02116841149502,-3.48679661268678));
#7218=CARTESIAN_POINT('Ctrl Pts',(74.8795342882887,-7.02116841149502,-3.48679661268678));
#7219=CARTESIAN_POINT('Ctrl Pts',(-21.1204657116869,-6.99243623137512,-3.20203050891043));
#7220=CARTESIAN_POINT('Ctrl Pts',(10.9032993260849,-6.99243623137512,-3.20203050891043));
#7221=CARTESIAN_POINT('Ctrl Pts',(42.8558019379258,-6.99243623137512,-3.20203050891045));
#7222=CARTESIAN_POINT('Ctrl Pts',(74.8795342882887,-6.99243623137512,-3.20203050891045));
#7223=CARTESIAN_POINT('Ctrl Pts',(-21.1204657116869,-6.99243623137512,-3.00000000000001));
#7224=CARTESIAN_POINT('Ctrl Pts',(10.903299326085,-6.99243623137512,-3.00000000000001));
#7225=CARTESIAN_POINT('Ctrl Pts',(42.8558019379259,-6.99243623137512,-3.00000000000001));
#7226=CARTESIAN_POINT('Ctrl Pts',(74.8795342882887,-6.99243623137512,-3.00000000000001));
#7227=CARTESIAN_POINT('',(74.8795342882887,-6.99243623137512,-3.00000000000001));
#7228=CARTESIAN_POINT('',(74.8795342882887,-7.99243623137512,-4.));
#7229=CARTESIAN_POINT('Ctrl Pts',(74.8795342882887,-6.99243623137512,-3.00000000000001));
#7230=CARTESIAN_POINT('Ctrl Pts',(74.8795342882887,-6.99243623137512,-3.20203050891045));
#7231=CARTESIAN_POINT('Ctrl Pts',(74.8795342882887,-7.02116841149502,-3.48679661268678));
#7232=CARTESIAN_POINT('Ctrl Pts',(74.8795342882887,-7.14372237449187,-3.77401362493295));
#7233=CARTESIAN_POINT('Ctrl Pts',(74.8795342882887,-7.38910369271046,-3.94980208599209));
#7234=CARTESIAN_POINT('Ctrl Pts',(74.8795342882887,-7.72306221949453,-4.00000000000001));
#7235=CARTESIAN_POINT('Ctrl Pts',(74.8795342882887,-7.99243623137512,-4.00000000000001));
#7236=CARTESIAN_POINT('Ctrl Pts',(74.8795342882887,-7.99243623137512,-4.00000000000001));
#7237=CARTESIAN_POINT('Ctrl Pts',(42.8558019379259,-7.99243623137512,-4.00000000000001));
#7238=CARTESIAN_POINT('Ctrl Pts',(10.9032993260848,-7.99243623137474,-4.00000000000001));
#7239=CARTESIAN_POINT('Ctrl Pts',(-21.1204657116871,-7.99243623137474,-4.00000000000001));
#7240=CARTESIAN_POINT('Ctrl Pts',(-21.1204657116869,-6.99243623137512,-3.00000000000001));
#7241=CARTESIAN_POINT('Ctrl Pts',(10.903299326085,-6.99243623137512,-3.00000000000001));
#7242=CARTESIAN_POINT('Ctrl Pts',(42.8558019379259,-6.99243623137512,-3.00000000000001));
#7243=CARTESIAN_POINT('Ctrl Pts',(74.8795342882887,-6.99243623137512,-3.00000000000001));
#7244=CARTESIAN_POINT('Ctrl Pts',(74.8795342882887,-7.99243623137512,-4.00000000000001));
#7245=CARTESIAN_POINT('Ctrl Pts',(75.1039687939299,-7.99243623137312,-4.00000000000001));
#7246=CARTESIAN_POINT('Ctrl Pts',(75.6281208005334,-8.17555973281481,-4.00000000000001));
#7247=CARTESIAN_POINT('Ctrl Pts',(75.8795342883439,-8.69286151277009,-4.00000000000001));
#7248=CARTESIAN_POINT('Ctrl Pts',(75.8795342883444,-8.99243623137354,-4.00000000000001));
#7249=CARTESIAN_POINT('Ctrl Pts',(74.8795342882875,-7.72306221949453,-4.00000000000001));
#7250=CARTESIAN_POINT('Ctrl Pts',(75.1636698347011,-7.72306221949185,-4.00000000000027));
#7251=CARTESIAN_POINT('Ctrl Pts',(75.8284444617734,-7.95606599153551,-3.99999999999827));
#7252=CARTESIAN_POINT('Ctrl Pts',(76.1489083002167,-8.61317268578448,-3.99999999999491));
#7253=CARTESIAN_POINT('Ctrl Pts',(76.1489083002173,-8.99243623137311,-3.99999999999491));
#7254=CARTESIAN_POINT('Ctrl Pts',(74.8795342882862,-7.38909458547849,-3.94980554954298));
#7255=CARTESIAN_POINT('Ctrl Pts',(75.2393538123154,-7.38909458547484,-3.94980554954353));
#7256=CARTESIAN_POINT('Ctrl Pts',(76.0797291861424,-7.68272285206779,-3.94980554953946));
#7257=CARTESIAN_POINT('Ctrl Pts',(76.4828759342197,-8.51214986742625,-3.94980554953266));
#7258=CARTESIAN_POINT('Ctrl Pts',(76.4828759342205,-8.99243623137258,-3.94980554953266));
#7259=CARTESIAN_POINT('Ctrl Pts',(74.8795342882859,-7.14371771123378,-3.77401641231673));
#7260=CARTESIAN_POINT('Ctrl Pts',(75.2941923613283,-7.1437177112295,-3.77401641231728));
#7261=CARTESIAN_POINT('Ctrl Pts',(76.2630070819177,-7.482449916694,-3.77401641231319));
#7262=CARTESIAN_POINT('Ctrl Pts',(76.7282528084536,-8.43895148448487,-3.77401641230636));
#7263=CARTESIAN_POINT('Ctrl Pts',(76.7282528084545,-8.99243623137219,-3.77401641230636));
#7264=CARTESIAN_POINT('Ctrl Pts',(74.8795342882866,-7.02116332425512,-3.48680019287943));
#7265=CARTESIAN_POINT('Ctrl Pts',(75.3219135450086,-7.02116332425072,-3.48680019287976));
#7266=CARTESIAN_POINT('Ctrl Pts',(76.3551281972794,-7.3821806668447,-3.48680019287731));
#7267=CARTESIAN_POINT('Ctrl Pts',(76.8508071954267,-8.4019493052672,-3.48680019287323));
#7268=CARTESIAN_POINT('Ctrl Pts',(76.8508071954277,-8.992436231372,-3.48680019287323));
#7269=CARTESIAN_POINT('Ctrl Pts',(74.8795342882878,-6.99243623137512,-3.20203050891045));
#7270=CARTESIAN_POINT('Ctrl Pts',(75.3283330752865,-6.99243623137092,-3.20203050891055));
#7271=CARTESIAN_POINT('Ctrl Pts',(76.3765840976845,-7.35873448285327,-3.2020305089098));
#7272=CARTESIAN_POINT('Ctrl Pts',(76.8795342883056,-8.39338052939625,-3.20203050890854));
#7273=CARTESIAN_POINT('Ctrl Pts',(76.8795342883065,-8.99243623137195,-3.20203050890854));
#7274=CARTESIAN_POINT('Ctrl Pts',(74.8795342882887,-6.99243623137512,-3.00000000000001));
#7275=CARTESIAN_POINT('Ctrl Pts',(75.3284032995711,-6.99243623137112,-3.00000000000001));
#7276=CARTESIAN_POINT('Ctrl Pts',(76.3767073127457,-7.3586832342547,-3.00000000000001));
#7277=CARTESIAN_POINT('Ctrl Pts',(76.8795342883056,-8.39328679416507,-3.00000000000001));
#7278=CARTESIAN_POINT('Ctrl Pts',(76.8795342883065,-8.99243623137195,-3.00000000000001));
#7279=CARTESIAN_POINT('Ctrl Pts',(75.8795342883444,-8.99243623137354,-4.00000000000001));
#7280=CARTESIAN_POINT('Ctrl Pts',(75.8795342883439,-8.69286151277009,-4.00000000000001));
#7281=CARTESIAN_POINT('Ctrl Pts',(75.6281208005334,-8.17555973281481,-4.00000000000001));
#7282=CARTESIAN_POINT('Ctrl Pts',(75.1039687939299,-7.99243623137312,-4.00000000000001));
#7283=CARTESIAN_POINT('Ctrl Pts',(74.8795342882887,-7.99243623137512,-4.00000000000001));
#7284=CARTESIAN_POINT('Ctrl Pts',(74.8795342882887,-6.99243623137512,-3.00000000000001));
#7285=CARTESIAN_POINT('Ctrl Pts',(75.3284032995711,-6.99243623137112,-3.00000000000001));
#7286=CARTESIAN_POINT('Ctrl Pts',(76.3767073127457,-7.3586832342547,-3.00000000000001));
#7287=CARTESIAN_POINT('Ctrl Pts',(76.8795342883056,-8.39328679416507,-3.00000000000001));
#7288=CARTESIAN_POINT('Ctrl Pts',(76.8795342883065,-8.99243623137195,-3.00000000000001));
#7289=CARTESIAN_POINT('Origin',(-21.1204657116935,-64.9924362313751,-2.00000000000001));
#7290=CARTESIAN_POINT('',(-21.1204657116935,-66.9924362313751,-2.00000000000001));
#7291=CARTESIAN_POINT('',(-23.1204657116935,-64.9924362313751,-2.00000000000001));
#7292=CARTESIAN_POINT('Origin',(74.8795342883065,-66.9924362313751,-2.00000000000001));
#7293=CARTESIAN_POINT('',(74.8795342883065,-66.9924362313751,-2.00000000000001));
#7294=CARTESIAN_POINT('Origin',(74.8795342883065,-64.9924362313751,-2.00000000000001));
#7295=CARTESIAN_POINT('',(76.8795342883065,-64.9924362313751,-2.00000000000001));
#7296=CARTESIAN_POINT('Origin',(76.8795342883065,-8.99243623137512,-2.00000000000001));
#7297=CARTESIAN_POINT('',(76.8795342883065,-8.99243623137512,-2.00000000000001));
#7298=CARTESIAN_POINT('Origin',(26.8795342883065,-36.9924362313751,-4.));
#7299=CARTESIAN_POINT('Origin',(-21.1204657116935,-6.99243623137512,-2.00000000000001));
#7300=CARTESIAN_POINT('',(-21.1204657116935,-6.99243623137512,-2.00000000000001));
#7301=CARTESIAN_POINT('',(74.8795342883065,-6.99243623137512,-2.00000000000001));
#7302=CARTESIAN_POINT('Origin',(-21.1204657116935,-8.99243623137512,-2.00000000000001));
#7303=CARTESIAN_POINT('',(-23.1204657116935,-8.99243623137512,-2.00000000000001));
#7304=CARTESIAN_POINT('Origin',(-23.1204657116935,-64.9924362313751,-2.00000000000001));
#7305=CARTESIAN_POINT('Origin',(74.8795342883065,-8.99243623137512,-2.00000000000001));
#7306=CARTESIAN_POINT('Origin',(26.8795342883065,-36.9924362313751,-2.00000000000001));
#7307=CARTESIAN_POINT('',(141.,-112.,1.595));
#7308=CARTESIAN_POINT('',(143.525,-85.,1.595));
#7309=CARTESIAN_POINT('',(141.,-115.5,1.595));
#7310=CARTESIAN_POINT('',(139.025,-85.,1.595));
#7311=CARTESIAN_POINT('',(0.,0.,0.));
#7312=UNCERTAINTY_MEASURE_WITH_UNIT(LENGTH_MEASURE(0.01),#7322,
'DISTANCE_ACCURACY_VALUE',
'Maximum model space distance between geometric entities at asserted c
onnectivities');
#7313=UNCERTAINTY_MEASURE_WITH_UNIT(LENGTH_MEASURE(0.01),#7322,
'DISTANCE_ACCURACY_VALUE',
'Maximum model space distance between geometric entities at asserted c
onnectivities');
#7314=UNCERTAINTY_MEASURE_WITH_UNIT(LENGTH_MEASURE(0.01),#7322,
'DISTANCE_ACCURACY_VALUE',
'Maximum model space distance between geometric entities at asserted c
onnectivities');
#7315=UNCERTAINTY_MEASURE_WITH_UNIT(LENGTH_MEASURE(0.01),#7322,
'DISTANCE_ACCURACY_VALUE',
'Maximum model space distance between geometric entities at asserted c
onnectivities');
#7316=UNCERTAINTY_MEASURE_WITH_UNIT(LENGTH_MEASURE(0.01),#7322,
'DISTANCE_ACCURACY_VALUE',
'Maximum model space distance between geometric entities at asserted c
onnectivities');
#7317=(
GEOMETRIC_REPRESENTATION_CONTEXT(3)
GLOBAL_UNCERTAINTY_ASSIGNED_CONTEXT((#7312))
GLOBAL_UNIT_ASSIGNED_CONTEXT((#7322,#7324,#7325))
REPRESENTATION_CONTEXT('','3D')
);
#7318=(
GEOMETRIC_REPRESENTATION_CONTEXT(3)
GLOBAL_UNCERTAINTY_ASSIGNED_CONTEXT((#7313))
GLOBAL_UNIT_ASSIGNED_CONTEXT((#7322,#7324,#7325))
REPRESENTATION_CONTEXT('','3D')
);
#7319=(
GEOMETRIC_REPRESENTATION_CONTEXT(3)
GLOBAL_UNCERTAINTY_ASSIGNED_CONTEXT((#7314))
GLOBAL_UNIT_ASSIGNED_CONTEXT((#7322,#7324,#7325))
REPRESENTATION_CONTEXT('','3D')
);
#7320=(
GEOMETRIC_REPRESENTATION_CONTEXT(3)
GLOBAL_UNCERTAINTY_ASSIGNED_CONTEXT((#7315))
GLOBAL_UNIT_ASSIGNED_CONTEXT((#7322,#7324,#7325))
REPRESENTATION_CONTEXT('','3D')
);
#7321=(
GEOMETRIC_REPRESENTATION_CONTEXT(3)
GLOBAL_UNCERTAINTY_ASSIGNED_CONTEXT((#7316))
GLOBAL_UNIT_ASSIGNED_CONTEXT((#7322,#7324,#7325))
REPRESENTATION_CONTEXT('','3D')
);
#7322=(
LENGTH_UNIT()
NAMED_UNIT(*)
SI_UNIT(.MILLI.,.METRE.)
);
#7323=(
LENGTH_UNIT()
NAMED_UNIT(*)
SI_UNIT($,.METRE.)
);
#7324=(
NAMED_UNIT(*)
PLANE_ANGLE_UNIT()
SI_UNIT($,.RADIAN.)
);
#7325=(
NAMED_UNIT(*)
SI_UNIT($,.STERADIAN.)
SOLID_ANGLE_UNIT()
);
#7326=SHAPE_DEFINITION_REPRESENTATION(#7330,#7339);
#7327=SHAPE_DEFINITION_REPRESENTATION(#7331,#7340);
#7328=SHAPE_DEFINITION_REPRESENTATION(#7332,#7341);
#7329=SHAPE_DEFINITION_REPRESENTATION(#7333,#7342);
#7330=PRODUCT_DEFINITION_SHAPE('',$,#7344);
#7331=PRODUCT_DEFINITION_SHAPE('',$,#7345);
#7332=PRODUCT_DEFINITION_SHAPE('',$,#7346);
#7333=PRODUCT_DEFINITION_SHAPE('',$,#7347);
#7334=PRODUCT_DEFINITION_SHAPE($,$,#26);
#7335=PRODUCT_DEFINITION_SHAPE($,$,#27);
#7336=PRODUCT_DEFINITION_SHAPE($,$,#28);
#7337=PRODUCT_DEFINITION_SHAPE($,$,#29);
#7338=PRODUCT_DEFINITION_SHAPE($,$,#30);
#7339=SHAPE_REPRESENTATION('',(#4199,#4591,#4592,#4593,#4594,#4595),#7317);
#7340=SHAPE_REPRESENTATION('',(#4200),#7318);
#7341=SHAPE_REPRESENTATION('',(#4267),#7319);
#7342=SHAPE_REPRESENTATION('',(#4310),#7320);
#7343=PRODUCT_DEFINITION_CONTEXT('part definition',#7357,'design');
#7344=PRODUCT_DEFINITION('sensor device 1','sensor device',#7348,#7343);
#7345=PRODUCT_DEFINITION('LED_0805_2012Metric','LED_0805_2012Metric',#7349,
#7343);
#7346=PRODUCT_DEFINITION('R_0805_2012Metric','R_0805_2012Metric',#7350,
#7343);
#7347=PRODUCT_DEFINITION('sensor device_PCB','sensor device_PCB',#7351,
#7343);
#7348=PRODUCT_DEFINITION_FORMATION('',$,#7359);
#7349=PRODUCT_DEFINITION_FORMATION('',$,#7360);
#7350=PRODUCT_DEFINITION_FORMATION('',$,#7361);
#7351=PRODUCT_DEFINITION_FORMATION('',$,#7362);
#7352=PRODUCT_RELATED_PRODUCT_CATEGORY('sensor device','sensor device',
(#7359));
#7353=PRODUCT_RELATED_PRODUCT_CATEGORY('LED_0805_2012Metric',
'LED_0805_2012Metric',(#7360));
#7354=PRODUCT_RELATED_PRODUCT_CATEGORY('R_0805_2012Metric',
'R_0805_2012Metric',(#7361));
#7355=PRODUCT_RELATED_PRODUCT_CATEGORY('sensor device_PCB',
'sensor device_PCB',(#7362));
#7356=APPLICATION_PROTOCOL_DEFINITION('international standard',
'automotive_design',2009,#7357);
#7357=APPLICATION_CONTEXT(
'Core Data for Automotive Mechanical Design Process');
#7358=PRODUCT_CONTEXT('part definition',#7357,'mechanical');
#7359=PRODUCT('sensor device 1','sensor device',
'KiCad electronic assembly',(#7358));
#7360=PRODUCT('LED_0805_2012Metric','LED_0805_2012Metric',$,(#7358));
#7361=PRODUCT('R_0805_2012Metric','R_0805_2012Metric',$,(#7358));
#7362=PRODUCT('sensor device_PCB','sensor device_PCB',$,(#7358));
#7363=PRESENTATION_STYLE_ASSIGNMENT((#7370));
#7364=PRESENTATION_STYLE_ASSIGNMENT((#7371));
#7365=PRESENTATION_STYLE_ASSIGNMENT((#7372));
#7366=PRESENTATION_STYLE_ASSIGNMENT((#7373));
#7367=PRESENTATION_STYLE_ASSIGNMENT((#7374));
#7368=PRESENTATION_STYLE_ASSIGNMENT((#7375));
#7369=PRESENTATION_STYLE_ASSIGNMENT((#7376));
#7370=SURFACE_STYLE_USAGE(.BOTH.,#7377);
#7371=SURFACE_STYLE_USAGE(.BOTH.,#7378);
#7372=SURFACE_STYLE_USAGE(.BOTH.,#7379);
#7373=SURFACE_STYLE_USAGE(.BOTH.,#7380);
#7374=SURFACE_STYLE_USAGE(.BOTH.,#7381);
#7375=SURFACE_STYLE_USAGE(.BOTH.,#7382);
#7376=SURFACE_STYLE_USAGE(.BOTH.,#7383);
#7377=SURFACE_SIDE_STYLE('',(#7384));
#7378=SURFACE_SIDE_STYLE('',(#7385));
#7379=SURFACE_SIDE_STYLE('',(#7386));
#7380=SURFACE_SIDE_STYLE('',(#7387));
#7381=SURFACE_SIDE_STYLE('',(#7388));
#7382=SURFACE_SIDE_STYLE('',(#7389));
#7383=SURFACE_SIDE_STYLE('',(#7390));
#7384=SURFACE_STYLE_FILL_AREA(#7391);
#7385=SURFACE_STYLE_FILL_AREA(#7392);
#7386=SURFACE_STYLE_FILL_AREA(#7393);
#7387=SURFACE_STYLE_FILL_AREA(#7394);
#7388=SURFACE_STYLE_FILL_AREA(#7395);
#7389=SURFACE_STYLE_FILL_AREA(#7396);
#7390=SURFACE_STYLE_FILL_AREA(#7397);
#7391=FILL_AREA_STYLE('\X2\94A2\X0\ - \X2\7F0E5149\X0\',(#7398));
#7392=FILL_AREA_STYLE('Opaque(228,227,207)',(#7399));
#7393=FILL_AREA_STYLE('Opaque(219,188,126)',(#7400));
#7394=FILL_AREA_STYLE('Opaque(87,173,113)',(#7401));
#7395=FILL_AREA_STYLE('Opaque(210,209,199)',(#7402));
#7396=FILL_AREA_STYLE('Opaque(21,22,24)',(#7403));
#7397=FILL_AREA_STYLE('Opaque(80,124,105)',(#7404));
#7398=FILL_AREA_STYLE_COLOUR('\X2\94A2\X0\ - \X2\7F0E5149\X0\',#7405);
#7399=FILL_AREA_STYLE_COLOUR('Opaque(228,227,207)',#7406);
#7400=FILL_AREA_STYLE_COLOUR('Opaque(219,188,126)',#7407);
#7401=FILL_AREA_STYLE_COLOUR('Opaque(87,173,113)',#7408);
#7402=FILL_AREA_STYLE_COLOUR('Opaque(210,209,199)',#7409);
#7403=FILL_AREA_STYLE_COLOUR('Opaque(21,22,24)',#7410);
#7404=FILL_AREA_STYLE_COLOUR('Opaque(80,124,105)',#7411);
#7405=COLOUR_RGB('\X2\94A2\X0\ - \X2\7F0E5149\X0\',0.627450980392157,0.627450980392157,
0.627450980392157);
#7406=COLOUR_RGB('Opaque(228,227,207)',0.894117647058824,0.890196078431372,
0.811764705882353);
#7407=COLOUR_RGB('Opaque(219,188,126)',0.858823529411765,0.737254901960784,
0.494117647058824);
#7408=COLOUR_RGB('Opaque(87,173,113)',0.341176470588235,0.67843137254902,
0.443137254901961);
#7409=COLOUR_RGB('Opaque(210,209,199)',0.823529411764706,0.819607843137255,
0.780392156862745);
#7410=COLOUR_RGB('Opaque(21,22,24)',0.0823529411764706,0.0862745098039216,
0.0941176470588235);
#7411=COLOUR_RGB('Opaque(80,124,105)',0.313725490196078,0.486274509803922,
0.411764705882353);
ENDSEC;
END-ISO-10303-21;
